Time (seconds), Duration (seconds),pred_unlabeled,pred_sirens
0.00000,1.01194,0.91090,0.08910
0.12000,1.01194,0.92412,0.07588
0.24000,1.01194,0.92907,0.07093
0.36000,1.01194,0.91807,0.08193
0.48000,1.01194,0.90422,0.09578
0.60000,1.01194,0.92057,0.07943
0.72000,1.01194,0.92722,0.07278
0.84000,1.01194,0.79716,0.20284
0.96000,1.01194,0.81617,0.18383
1.08000,1.01194,0.73345,0.26655
1.20000,1.01194,0.71197,0.28803
1.32000,1.01194,0.55090,0.44910
1.44000,1.01194,0.64617,0.35383
1.56000,1.01194,0.57414,0.42586
1.68000,1.01194,0.56651,0.43349
1.80000,1.01194,0.63412,0.36588
1.92000,1.01194,0.71488,0.28512
2.04000,1.01194,0.73051,0.26949
2.16000,1.01194,0.54487,0.45513
2.28000,1.01194,0.81508,0.18492
2.40000,1.01194,0.40465,0.59535
2.52000,1.01194,0.62400,0.37600
2.64000,1.01194,0.64431,0.35569
2.76000,1.01194,0.61072,0.38928
2.88000,1.01194,0.60547,0.39453
3.00000,1.01194,0.73872,0.26128
3.12000,1.01194,0.68515,0.31485
3.24000,1.01194,0.83909,0.16091
3.36000,1.01194,0.90235,0.09765
3.48000,1.01194,0.92725,0.07275
3.60000,1.01194,0.90044,0.09956
3.72000,1.01194,0.84728,0.15272
3.84000,1.01194,0.93694,0.06307
3.96000,1.01194,0.80067,0.19933
4.08000,1.01194,0.82228,0.17772
4.20000,1.01194,0.90245,0.09755
4.32000,1.01194,0.87984,0.12016
4.44000,1.01194,0.79956,0.20044
4.56000,1.01194,0.78727,0.21273
4.68000,1.01194,0.78756,0.21244
4.80000,1.01194,0.52545,0.47455
4.92000,1.01194,0.84730,0.15270
5.04000,1.01194,0.64975,0.35025
5.16000,1.01194,0.90240,0.09760
5.28000,1.01194,0.83579,0.16421
5.40000,1.01194,0.97855,0.02145
5.52000,1.01194,0.88097,0.11903
5.64000,1.01194,0.97993,0.02007
5.76000,1.01194,0.90886,0.09114
5.88000,1.01194,0.94851,0.05149
6.00000,1.01194,0.91400,0.08600
6.12000,1.01194,0.93170,0.06830
6.24000,1.01194,0.85146,0.14854
6.36000,1.01194,0.93707,0.06293
6.48000,1.01194,0.91401,0.08599
6.60000,1.01194,0.98465,0.01535
6.72000,1.01194,0.96133,0.03867
6.84000,1.01194,0.99260,0.00740
6.96000,1.01194,0.96920,0.03080
7.08000,1.01194,0.99178,0.00822
7.20000,1.01194,0.96603,0.03397
7.32000,1.01194,0.98433,0.01567
7.44000,1.01194,0.98216,0.01784
7.56000,1.01194,0.98461,0.01539
7.68000,1.01194,0.98178,0.01822
7.80000,1.01194,0.99109,0.00891
7.92000,1.01194,0.99403,0.00597
8.04000,1.01194,0.99105,0.00895
8.16000,1.01194,0.99124,0.00876
8.28000,1.01194,0.99246,0.00754
8.40000,1.01194,0.99205,0.00795
8.52000,1.01194,0.99091,0.00909
8.64000,1.01194,0.99382,0.00618
8.76000,1.01194,0.99156,0.00844
8.88000,1.01194,0.99477,0.00523
9.00000,1.01194,0.99342,0.00658
9.12000,1.01194,0.99544,0.00456
9.24000,1.01194,0.99601,0.00399
9.36000,1.01194,0.99639,0.00361
9.48000,1.01194,0.99677,0.00323
9.60000,1.01194,0.99597,0.00403
9.72000,1.01194,0.99629,0.00371
9.84000,1.01194,0.99436,0.00564
9.96000,1.01194,0.99164,0.00836
10.08000,1.01194,0.98751,0.01249
10.20000,1.01194,0.98785,0.01215
10.32000,1.01194,0.98581,0.01419
10.44000,1.01194,0.99289,0.00711
10.56000,1.01194,0.98849,0.01151
10.68000,1.01194,0.99572,0.00428
10.80000,1.01194,0.99316,0.00684
10.92000,1.01194,0.99263,0.00737
11.04000,1.01194,0.99531,0.00469
11.16000,1.01194,0.99479,0.00521
11.28000,1.01194,0.99711,0.00289
11.40000,1.01194,0.98801,0.01199
11.52000,1.01194,0.99503,0.00497
11.64000,1.01194,0.99050,0.00950
11.76000,1.01194,0.98191,0.01809
11.88000,1.01194,0.98256,0.01744
12.00000,1.01194,0.97553,0.02447
12.12000,1.01194,0.97852,0.02148
12.24000,1.01194,0.94496,0.05503
12.36000,1.01194,0.96828,0.03172
12.48000,1.01194,0.96277,0.03723
12.60000,1.01194,0.95337,0.04663
12.72000,1.01194,0.97133,0.02867
12.84000,1.01194,0.97659,0.02341
12.96000,1.01194,0.98679,0.01321
13.08000,1.01194,0.98309,0.01691
13.20000,1.01194,0.97098,0.02902
13.32000,1.01194,0.98333,0.01667
13.44000,1.01194,0.97675,0.02325
13.56000,1.01194,0.98112,0.01888
13.68000,1.01194,0.97260,0.02740
13.80000,1.01194,0.99044,0.00956
13.92000,1.01194,0.97328,0.02672
14.04000,1.01194,0.98784,0.01216
14.16000,1.01194,0.96947,0.03053
14.28000,1.01194,0.98066,0.01934
14.40000,1.01194,0.97189,0.02811
14.52000,1.01194,0.97749,0.02251
14.64000,1.01194,0.98483,0.01517
14.76000,1.01194,0.97578,0.02422
14.88000,1.01194,0.98268,0.01732
15.00000,1.01194,0.98818,0.01182
15.12000,1.01194,0.99037,0.00963
15.24000,1.01194,0.99299,0.00701
15.36000,1.01194,0.98452,0.01548
15.48000,1.01194,0.99159,0.00841
15.60000,1.01194,0.97863,0.02137
15.72000,1.01194,0.98526,0.01474
15.84000,1.01194,0.97313,0.02687
15.96000,1.01194,0.99025,0.00975
16.08000,1.01194,0.98026,0.01974
16.20000,1.01194,0.99116,0.00884
16.32000,1.01194,0.98237,0.01763
16.44000,1.01194,0.99195,0.00805
16.56000,1.01194,0.99213,0.00787
16.68000,1.01194,0.99244,0.00756
16.80000,1.01194,0.99380,0.00620
16.92000,1.01194,0.99525,0.00475
17.04000,1.01194,0.99033,0.00967
17.16000,1.01194,0.99475,0.00525
17.28000,1.01194,0.98470,0.01530
17.40000,1.01194,0.98009,0.01991
17.52000,1.01194,0.96320,0.03680
17.64000,1.01194,0.98204,0.01796
17.76000,1.01194,0.96895,0.03105
17.88000,1.01194,0.98032,0.01968
18.00000,1.01194,0.95580,0.04420
18.12000,1.01194,0.98621,0.01379
18.24000,1.01194,0.96575,0.03425
18.36000,1.01194,0.98272,0.01728
18.48000,1.01194,0.93692,0.06308
18.60000,1.01194,0.97150,0.02850
18.72000,1.01194,0.95360,0.04640
18.84000,1.01194,0.97103,0.02897
18.96000,1.01194,0.96245,0.03755
19.08000,1.01194,0.97153,0.02847
19.20000,1.01194,0.94953,0.05047
19.32000,1.01194,0.96502,0.03498
19.44000,1.01194,0.97162,0.02838
19.56000,1.01194,0.97741,0.02259
19.68000,1.01194,0.97345,0.02655
19.80000,1.01194,0.98895,0.01105
19.92000,1.01194,0.97739,0.02261
20.04000,1.01194,0.97899,0.02101
20.16000,1.01194,0.97928,0.02072
20.28000,1.01194,0.96413,0.03587
20.40000,1.01194,0.98812,0.01188
20.52000,1.01194,0.98209,0.01791
20.64000,1.01194,0.99118,0.00882
20.76000,1.01194,0.97424,0.02576
20.88000,1.01194,0.98552,0.01448
21.00000,1.01194,0.97219,0.02781
21.12000,1.01194,0.97802,0.02198
21.24000,1.01194,0.98841,0.01159
21.36000,1.01194,0.98506,0.01494
21.48000,1.01194,0.98834,0.01166
21.60000,1.01194,0.98456,0.01544
21.72000,1.01194,0.98340,0.01660
21.84000,1.01194,0.98562,0.01438
21.96000,1.01194,0.97375,0.02625
22.08000,1.01194,0.97507,0.02493
22.20000,1.01194,0.96638,0.03362
22.32000,1.01194,0.90526,0.09474
22.44000,1.01194,0.91787,0.08213
22.56000,1.01194,0.89721,0.10279
22.68000,1.01194,0.93445,0.06555
22.80000,1.01194,0.89919,0.10081
22.92000,1.01194,0.94338,0.05662
23.04000,1.01194,0.90948,0.09052
23.16000,1.01194,0.96824,0.03176
23.28000,1.01194,0.94813,0.05187
23.40000,1.01194,0.98151,0.01849
23.52000,1.01194,0.97363,0.02637
23.64000,1.01194,0.97933,0.02067
23.76000,1.01194,0.98552,0.01448
23.88000,1.01194,0.98706,0.01294
24.00000,1.01194,0.98161,0.01839
24.12000,1.01194,0.98788,0.01212
24.24000,1.01194,0.99266,0.00734
24.36000,1.01194,0.98727,0.01273
24.48000,1.01194,0.99287,0.00713
24.60000,1.01194,0.99080,0.00920
24.72000,1.01194,0.99720,0.00280
24.84000,1.01194,0.99103,0.00897
24.96000,1.01194,0.99632,0.00368
25.08000,1.01194,0.99054,0.00946
25.20000,1.01194,0.99503,0.00497
25.32000,1.01194,0.98987,0.01013
25.44000,1.01194,0.99102,0.00898
25.56000,1.01194,0.98694,0.01306
25.68000,1.01194,0.99147,0.00853
25.80000,1.01194,0.98894,0.01106
25.92000,1.01194,0.99227,0.00773
26.04000,1.01194,0.99109,0.00891
26.16000,1.01194,0.98998,0.01002
26.28000,1.01194,0.99089,0.00911
26.40000,1.01194,0.98922,0.01078
26.52000,1.01194,0.98375,0.01625
26.64000,1.01194,0.97874,0.02126
26.76000,1.01194,0.96030,0.03970
26.88000,1.01194,0.97950,0.02050
27.00000,1.01194,0.95853,0.04147
27.12000,1.01194,0.97004,0.02996
27.24000,1.01194,0.96876,0.03124
27.36000,1.01194,0.98064,0.01936
27.48000,1.01194,0.93799,0.06201
27.60000,1.01194,0.96833,0.03167
27.72000,1.01194,0.93913,0.06087
27.84000,1.01194,0.96599,0.03401
27.96000,1.01194,0.93333,0.06667
28.08000,1.01194,0.92217,0.07783
28.20000,1.01194,0.89921,0.10079
28.32000,1.01194,0.93885,0.06115
28.44000,1.01194,0.91685,0.08315
28.56000,1.01194,0.93065,0.06935
28.68000,1.01194,0.89016,0.10984
28.80000,1.01194,0.95229,0.04771
28.92000,1.01194,0.90653,0.09347
29.04000,1.01194,0.94938,0.05062
29.16000,1.01194,0.88558,0.11442
29.28000,1.01194,0.89077,0.10923
29.40000,1.01194,0.87017,0.12983
29.52000,1.01194,0.89529,0.10471
29.64000,1.01194,0.82544,0.17456
29.76000,1.01194,0.82338,0.17662
29.88000,1.01194,0.88258,0.11742
30.00000,1.01194,0.88315,0.11685
30.12000,1.01194,0.90996,0.09004
30.24000,1.01194,0.94366,0.05634
30.36000,1.01194,0.94213,0.05787
30.48000,1.01194,0.94962,0.05038
30.60000,1.01194,0.97821,0.02179
30.72000,1.01194,0.96954,0.03046
30.84000,1.01194,0.98268,0.01732
30.96000,1.01194,0.95392,0.04608
31.08000,1.01194,0.98397,0.01603
31.20000,1.01194,0.98296,0.01704
31.32000,1.01194,0.97428,0.02572
31.44000,1.01194,0.97544,0.02456
31.56000,1.01194,0.95648,0.04352
31.68000,1.01194,0.98432,0.01568
31.80000,1.01194,0.95181,0.04819
31.92000,1.01194,0.96974,0.03026
32.04000,1.01194,0.95200,0.04800
32.16000,1.01194,0.96892,0.03108
32.28000,1.01194,0.94926,0.05074
32.40000,1.01194,0.97521,0.02479
32.52000,1.01194,0.95273,0.04727
32.64000,1.01194,0.98331,0.01669
32.76000,1.01194,0.97532,0.02468
32.88000,1.01194,0.98535,0.01465
33.00000,1.01194,0.98191,0.01809
33.12000,1.01194,0.98363,0.01637
33.24000,1.01194,0.98394,0.01606
33.36000,1.01194,0.98166,0.01834
33.48000,1.01194,0.98391,0.01609
33.60000,1.01194,0.97320,0.02680
33.72000,1.01194,0.98304,0.01696
33.84000,1.01194,0.96781,0.03219
33.96000,1.01194,0.95797,0.04203
34.08000,1.01194,0.98257,0.01743
34.20000,1.01194,0.94381,0.05619
34.32000,1.01194,0.97576,0.02424
34.44000,1.01194,0.95305,0.04695
34.56000,1.01194,0.96750,0.03250
34.68000,1.01194,0.94556,0.05444
34.80000,1.01194,0.96258,0.03742
34.92000,1.01194,0.93588,0.06412
35.04000,1.01194,0.94945,0.05055
35.16000,1.01194,0.96073,0.03927
35.28000,1.01194,0.95497,0.04503
35.40000,1.01194,0.94993,0.05007
35.52000,1.01194,0.96183,0.03817
35.64000,1.01194,0.96726,0.03274
35.76000,1.01194,0.98136,0.01864
35.88000,1.01194,0.97880,0.02120
36.00000,1.01194,0.97779,0.02221
36.12000,1.01194,0.98291,0.01709
36.24000,1.01194,0.94168,0.05832
36.36000,1.01194,0.97559,0.02441
36.48000,1.01194,0.93602,0.06398
36.60000,1.01194,0.94982,0.05018
36.72000,1.01194,0.96673,0.03327
36.84000,1.01194,0.91547,0.08453
36.96000,1.01194,0.96806,0.03194
37.08000,1.01194,0.96444,0.03556
37.20000,1.01194,0.92488,0.07512
37.32000,1.01194,0.97044,0.02956
37.44000,1.01194,0.90891,0.09109
37.56000,1.01194,0.97131,0.02869
37.68000,1.01194,0.88180,0.11820
37.80000,1.01194,0.95367,0.04633
37.92000,1.01194,0.79460,0.20540
38.04000,1.01194,0.92473,0.07527
38.16000,1.01194,0.94601,0.05399
38.28000,1.01194,0.94704,0.05296
38.40000,1.01194,0.95927,0.04073
38.52000,1.01194,0.96009,0.03991
38.64000,1.01194,0.97057,0.02943
38.76000,1.01194,0.97936,0.02064
38.88000,1.01194,0.96630,0.03370
39.00000,1.01194,0.95568,0.04432
39.12000,1.01194,0.97026,0.02974
39.24000,1.01194,0.96538,0.03462
39.36000,1.01194,0.97559,0.02441
39.48000,1.01194,0.96421,0.03579
39.60000,1.01194,0.98410,0.01590
39.72000,1.01194,0.98313,0.01687
39.84000,1.01194,0.95609,0.04391
39.96000,1.01194,0.96973,0.03027
40.08000,1.01194,0.94804,0.05196
40.20000,1.01194,0.97642,0.02358
40.32000,1.01194,0.96295,0.03705
40.44000,1.01194,0.97842,0.02158
40.56000,1.01194,0.96139,0.03861
40.68000,1.01194,0.97513,0.02487
40.80000,1.01194,0.97837,0.02163
40.92000,1.01194,0.96847,0.03153
41.04000,1.01194,0.97293,0.02707
41.16000,1.01194,0.94373,0.05627
41.28000,1.01194,0.97828,0.02172
41.40000,1.01194,0.96548,0.03452
41.52000,1.01194,0.97396,0.02604
41.64000,1.01194,0.98172,0.01828
41.76000,1.01194,0.98108,0.01892
41.88000,1.01194,0.98677,0.01323
42.00000,1.01194,0.97633,0.02367
42.12000,1.01194,0.99120,0.00880
42.24000,1.01194,0.98061,0.01939
42.36000,1.01194,0.99247,0.00753
42.48000,1.01194,0.98483,0.01517
42.60000,1.01194,0.98787,0.01213
42.72000,1.01194,0.96978,0.03022
42.84000,1.01194,0.96745,0.03255
42.96000,1.01194,0.97293,0.02707
43.08000,1.01194,0.96865,0.03135
43.20000,1.01194,0.95086,0.04914
43.32000,1.01194,0.94032,0.05968
43.44000,1.01194,0.94690,0.05310
43.56000,1.01194,0.94584,0.05416
43.68000,1.01194,0.89389,0.10611
43.80000,1.01194,0.91414,0.08586
43.92000,1.01194,0.89717,0.10283
44.04000,1.01194,0.90963,0.09037
44.16000,1.01194,0.91802,0.08198
44.28000,1.01194,0.92930,0.07070
44.40000,1.01194,0.96414,0.03586
44.52000,1.01194,0.96448,0.03552
44.64000,1.01194,0.97869,0.02131
44.76000,1.01194,0.97922,0.02078
44.88000,1.01194,0.96221,0.03779
45.00000,1.01194,0.96849,0.03151
45.12000,1.01194,0.94688,0.05312
45.24000,1.01194,0.97744,0.02256
45.36000,1.01194,0.95015,0.04985
45.48000,1.01194,0.94217,0.05783
45.60000,1.01194,0.90817,0.09183
45.72000,1.01194,0.95001,0.04999
45.84000,1.01194,0.94164,0.05836
45.96000,1.01194,0.93725,0.06275
46.08000,1.01194,0.93621,0.06379
46.20000,1.01194,0.93631,0.06369
46.32000,1.01194,0.93299,0.06701
46.44000,1.01194,0.94345,0.05655
46.56000,1.01194,0.93936,0.06064
46.68000,1.01194,0.93751,0.06249
46.80000,1.01194,0.91437,0.08563
46.92000,1.01194,0.95574,0.04426
47.04000,1.01194,0.93269,0.06731
47.16000,1.01194,0.94234,0.05766
47.28000,1.01194,0.94184,0.05816
47.40000,1.01194,0.97766,0.02234
47.52000,1.01194,0.97476,0.02524
47.64000,1.01194,0.98045,0.01955
47.76000,1.01194,0.97234,0.02765
47.88000,1.01194,0.98827,0.01173
48.00000,1.01194,0.97636,0.02364
48.12000,1.01194,0.97236,0.02764
48.24000,1.01194,0.92994,0.07006
48.36000,1.01194,0.90733,0.09267
48.48000,1.01194,0.91499,0.08501
48.60000,1.01194,0.93441,0.06559
48.72000,1.01194,0.88053,0.11947
48.84000,1.01194,0.92394,0.07606
48.96000,1.01194,0.91452,0.08548
49.08000,1.01194,0.93649,0.06351
49.20000,1.01194,0.97213,0.02787
49.32000,1.01194,0.90287,0.09713
49.44000,1.01194,0.97128,0.02872
49.56000,1.01194,0.93652,0.06348
49.68000,1.01194,0.98122,0.01878
49.80000,1.01194,0.94605,0.05395
49.92000,1.01194,0.97207,0.02793
50.04000,1.01194,0.96451,0.03549
50.16000,1.01194,0.98444,0.01556
50.28000,1.01194,0.98923,0.01077
50.40000,1.01194,0.97353,0.02647
50.52000,1.01194,0.98663,0.01337
50.64000,1.01194,0.97594,0.02406
50.76000,1.01194,0.99015,0.00985
50.88000,1.01194,0.97908,0.02092
51.00000,1.01194,0.98252,0.01748
51.12000,1.01194,0.97685,0.02315
51.24000,1.01194,0.97220,0.02780
51.36000,1.01194,0.96654,0.03346
51.48000,1.01194,0.96477,0.03523
51.60000,1.01194,0.96282,0.03718
51.72000,1.01194,0.97941,0.02059
51.84000,1.01194,0.96705,0.03295
51.96000,1.01194,0.98577,0.01423
52.08000,1.01194,0.97816,0.02184
52.20000,1.01194,0.97927,0.02073
52.32000,1.01194,0.98777,0.01223
52.44000,1.01194,0.98562,0.01438
52.56000,1.01194,0.97317,0.02683
52.68000,1.01194,0.97600,0.02400
52.80000,1.01194,0.98226,0.01774
52.92000,1.01194,0.97089,0.02911
53.04000,1.01194,0.96869,0.03131
53.16000,1.01194,0.97699,0.02301
53.28000,1.01194,0.97210,0.02790
53.40000,1.01194,0.98620,0.01380
53.52000,1.01194,0.98629,0.01371
53.64000,1.01194,0.99394,0.00606
53.76000,1.01194,0.99319,0.00681
53.88000,1.01194,0.99635,0.00365
54.00000,1.01194,0.99356,0.00644
54.12000,1.01194,0.99419,0.00581
54.24000,1.01194,0.99198,0.00802
54.36000,1.01194,0.99466,0.00534
54.48000,1.01194,0.99400,0.00600
54.60000,1.01194,0.99220,0.00780
54.72000,1.01194,0.98973,0.01027
54.84000,1.01194,0.99005,0.00995
54.96000,1.01194,0.99211,0.00789
55.08000,1.01194,0.99070,0.00930
55.20000,1.01194,0.98986,0.01014
55.32000,1.01194,0.97701,0.02299
55.44000,1.01194,0.98921,0.01079
55.56000,1.01194,0.99083,0.00917
55.68000,1.01194,0.99084,0.00916
55.80000,1.01194,0.99311,0.00689
55.92000,1.01194,0.99537,0.00463
56.04000,1.01194,0.98603,0.01397
56.16000,1.01194,0.99507,0.00493
56.28000,1.01194,0.98798,0.01202
56.40000,1.01194,0.99032,0.00968
56.52000,1.01194,0.98837,0.01163
56.64000,1.01194,0.99081,0.00919
56.76000,1.01194,0.98662,0.01338
56.88000,1.01194,0.98966,0.01034
57.00000,1.01194,0.99247,0.00753
57.12000,1.01194,0.98525,0.01475
57.24000,1.01194,0.98972,0.01028
57.36000,1.01194,0.98446,0.01554
57.48000,1.01194,0.98780,0.01220
57.60000,1.01194,0.99074,0.00926
57.72000,1.01194,0.99043,0.00957
57.84000,1.01194,0.99678,0.00322
57.96000,1.01194,0.98983,0.01017
58.08000,1.01194,0.99675,0.00325
58.20000,1.01194,0.99398,0.00602
58.32000,1.01194,0.99187,0.00813
58.44000,1.01194,0.99468,0.00532
58.56000,1.01194,0.99472,0.00528
58.68000,1.01194,0.99623,0.00377
58.80000,1.01194,0.99548,0.00452
58.92000,1.01194,0.99541,0.00459
59.04000,1.01194,0.98619,0.01381
59.16000,1.01194,0.98975,0.01025
59.28000,1.01194,0.94894,0.05106
59.40000,1.01194,0.98613,0.01387
59.52000,1.01194,0.98257,0.01743
59.64000,1.01194,0.98648,0.01352
59.76000,1.01194,0.99246,0.00754
59.88000,1.01194,0.98605,0.01395
60.00000,1.01194,0.99431,0.00569
60.12000,1.01194,0.99455,0.00545
60.24000,1.01194,0.99360,0.00640
60.36000,1.01194,0.99580,0.00420
60.48000,1.01194,0.99373,0.00627
60.60000,1.01194,0.98956,0.01044
60.72000,1.01194,0.98640,0.01360
60.84000,1.01194,0.97686,0.02314
60.96000,1.01194,0.95494,0.04506
61.08000,1.01194,0.96904,0.03096
61.20000,1.01194,0.96531,0.03469
61.32000,1.01194,0.99075,0.00925
61.44000,1.01194,0.97230,0.02770
61.56000,1.01194,0.98459,0.01541
61.68000,1.01194,0.95689,0.04311
61.80000,1.01194,0.99268,0.00732
61.92000,1.01194,0.98039,0.01961
62.04000,1.01194,0.97964,0.02036
62.16000,1.01194,0.98536,0.01464
62.28000,1.01194,0.99123,0.00877
62.40000,1.01194,0.99205,0.00795
62.52000,1.01194,0.99069,0.00931
62.64000,1.01194,0.99172,0.00828
62.76000,1.01194,0.98741,0.01259
62.88000,1.01194,0.99568,0.00432
63.00000,1.01194,0.97904,0.02096
63.12000,1.01194,0.98968,0.01032
63.24000,1.01194,0.98028,0.01972
63.36000,1.01194,0.98678,0.01322
63.48000,1.01194,0.98345,0.01655
63.60000,1.01194,0.98722,0.01278
63.72000,1.01194,0.98451,0.01549
63.84000,1.01194,0.98547,0.01453
63.96000,1.01194,0.98550,0.01450
64.08000,1.01193,0.99133,0.00867
64.20000,1.01194,0.98358,0.01642
64.32000,1.01194,0.99280,0.00720
64.44000,1.01193,0.97340,0.02660
64.56000,1.01194,0.97641,0.02359
64.68000,1.01194,0.96145,0.03855
64.80000,1.01193,0.91475,0.08525
64.92000,1.01194,0.85610,0.14390
65.04000,1.01194,0.29355,0.70645
65.16000,1.01193,0.50127,0.49873
65.28000,1.01194,0.05443,0.94557
65.40000,1.01193,0.03866,0.96134
65.52000,1.01194,0.01171,0.98829
65.64000,1.01194,0.02279,0.97721
65.76000,1.01193,0.01097,0.98903
65.88000,1.01194,0.01012,0.98988
66.00000,1.01194,0.02323,0.97677
66.12000,1.01193,0.00791,0.99209
66.24000,1.01194,0.00839,0.99161
66.36000,1.01194,0.01420,0.98580
66.48000,1.01193,0.01260,0.98740
66.60000,1.01194,0.02415,0.97585
66.72000,1.01194,0.01316,0.98684
66.84000,1.01194,0.01981,0.98019
66.96000,1.01194,0.01711,0.98289
67.08000,1.01193,0.01079,0.98921
67.20000,1.01194,0.01189,0.98811
67.32000,1.01194,0.01691,0.98309
67.44000,1.01193,0.01396,0.98604
67.56000,1.01194,0.02219,0.97781
67.68000,1.01194,0.03365,0.96635
67.80000,1.01193,0.02137,0.97863
67.92000,1.01194,0.01270,0.98730
68.04000,1.01194,0.02744,0.97256
68.16000,1.01193,0.01278,0.98722
68.28000,1.01194,0.01503,0.98497
68.40000,1.01193,0.01313,0.98687
68.52000,1.01194,0.02118,0.97882
68.64000,1.01194,0.02061,0.97939
68.76000,1.01193,0.01239,0.98761
68.88000,1.01194,0.02454,0.97546
69.00000,1.01194,0.02441,0.97559
69.12000,1.01193,0.02956,0.97044
69.24000,1.01194,0.01317,0.98683
69.36000,1.01194,0.02286,0.97714
69.48000,1.01193,0.01379,0.98621
69.60000,1.01194,0.03799,0.96201
69.72000,1.01194,0.03107,0.96893
69.84000,1.01194,0.02863,0.97137
69.96000,1.01194,0.06331,0.93669
70.08000,1.01193,0.01509,0.98491
70.20000,1.01194,0.04077,0.95923
70.32000,1.01194,0.02046,0.97954
70.44000,1.01193,0.03177,0.96823
70.56000,1.01194,0.01203,0.98797
70.68000,1.01194,0.02985,0.97015
70.80000,1.01193,0.03467,0.96533
70.92000,1.01194,0.05739,0.94261
71.04000,1.01194,0.09217,0.90783
71.16000,1.01193,0.14126,0.85874
71.28000,1.01194,0.19555,0.80445
71.40000,1.01193,0.68839,0.31161
71.52000,1.01194,0.71177,0.28823
71.64000,1.01194,0.87196,0.12804
71.76000,1.01193,0.86956,0.13044
71.88000,1.01194,0.92377,0.07623
72.00000,1.01194,0.96072,0.03928
72.12000,1.01193,0.97893,0.02107
72.24000,1.01194,0.97231,0.02769
72.36000,1.01194,0.98362,0.01638
72.48000,1.01193,0.98085,0.01915
72.60000,1.01194,0.97940,0.02060
72.72000,1.01194,0.97749,0.02251
72.84000,1.01194,0.98255,0.01745
72.96000,1.01194,0.97229,0.02771
73.08000,1.01193,0.97723,0.02277
73.20000,1.01194,0.97600,0.02400
73.32000,1.01194,0.96990,0.03010
73.44000,1.01193,0.93685,0.06315
73.56000,1.01194,0.94835,0.05165
73.68000,1.01194,0.95194,0.04806
73.80000,1.01193,0.93410,0.06590
73.92000,1.01194,0.92543,0.07457
74.04000,1.01194,0.93783,0.06217
74.16000,1.01193,0.93329,0.06671
74.28000,1.01194,0.95232,0.04768
74.40000,1.01193,0.90361,0.09639
74.52000,1.01194,0.95769,0.04231
74.64000,1.01194,0.92398,0.07602
74.76000,1.01193,0.95294,0.04706
74.88000,1.01194,0.96103,0.03897
75.00000,1.01194,0.96112,0.03888
75.12000,1.01193,0.96573,0.03427
75.24000,1.01194,0.95564,0.04436
75.36000,1.01194,0.97944,0.02056
75.48000,1.01193,0.97797,0.02203
75.60000,1.01194,0.98097,0.01903
75.72000,1.01194,0.95644,0.04356
75.84000,1.01194,0.97564,0.02436
75.96000,1.01194,0.92737,0.07263
76.08000,1.01193,0.96302,0.03698
76.20000,1.01194,0.94835,0.05165
76.32000,1.01194,0.95479,0.04521
76.44000,1.01193,0.89016,0.10984
76.56000,1.01194,0.97542,0.02458
76.68000,1.01194,0.94795,0.05205
76.80000,1.01193,0.94753,0.05247
76.92000,1.01194,0.95590,0.04410
77.04000,1.01194,0.96310,0.03690
77.16000,1.01193,0.97075,0.02925
77.28000,1.01194,0.95709,0.04291
77.40000,1.01193,0.96996,0.03004
77.52000,1.01194,0.96208,0.03792
77.64000,1.01194,0.97460,0.02540
77.76000,1.01193,0.97440,0.02560
77.88000,1.01194,0.96971,0.03029
78.00000,1.01194,0.95333,0.04667
78.12000,1.01193,0.95443,0.04557
78.24000,1.01194,0.93977,0.06023
78.36000,1.01194,0.94627,0.05373
78.48000,1.01193,0.93049,0.06951
78.60000,1.01194,0.89346,0.10655
78.72000,1.01194,0.93699,0.06301
78.84000,1.01194,0.86139,0.13861
78.96000,1.01194,0.93447,0.06553
79.08000,1.01193,0.93737,0.06263
79.20000,1.01194,0.91138,0.08862
79.32000,1.01194,0.91100,0.08900
79.44000,1.01193,0.85900,0.14100
79.56000,1.01194,0.88052,0.11948
79.68000,1.01194,0.88030,0.11970
79.80000,1.01193,0.91024,0.08976
79.92000,1.01194,0.87688,0.12312
80.04000,1.01194,0.92216,0.07784
80.16000,1.01193,0.93348,0.06652
80.28000,1.01194,0.96547,0.03453
80.40000,1.01193,0.96752,0.03248
80.52000,1.01194,0.96882,0.03118
80.64000,1.01194,0.89528,0.10472
80.76000,1.01193,0.91837,0.08163
80.88000,1.01194,0.74648,0.25352
81.00000,1.01194,0.86971,0.13029
81.12000,1.01193,0.75202,0.24798
81.24000,1.01194,0.86175,0.13825
81.36000,1.01194,0.62071,0.37929
81.48000,1.01193,0.67427,0.32573
81.60000,1.01194,0.50856,0.49144
81.72000,1.01194,0.62105,0.37895
81.84000,1.01194,0.67742,0.32258
81.96000,1.01194,0.83240,0.16760
82.08000,1.01193,0.90961,0.09039
82.20000,1.01194,0.91059,0.08941
82.32000,1.01194,0.95513,0.04487
82.44000,1.01193,0.92933,0.07067
82.56000,1.01194,0.95803,0.04197
82.68000,1.01194,0.97141,0.02859
82.80000,1.01193,0.95684,0.04316
82.92000,1.01194,0.96711,0.03289
83.04000,1.01194,0.95710,0.04290
83.16000,1.01193,0.95406,0.04594
83.28000,1.01194,0.95636,0.04364
83.40000,1.01193,0.97540,0.02460
83.52000,1.01194,0.96470,0.03530
83.64000,1.01194,0.98248,0.01752
83.76000,1.01193,0.97071,0.02929
83.88000,1.01194,0.96689,0.03311
84.00000,1.01194,0.97153,0.02847
84.12000,1.01193,0.92013,0.07987
84.24000,1.01194,0.92792,0.07208
84.36000,1.01194,0.81729,0.18271
84.48000,1.01193,0.86466,0.13534
84.60000,1.01194,0.83610,0.16390
84.72000,1.01194,0.74866,0.25134
84.84000,1.01194,0.83903,0.16097
84.96000,1.01194,0.87679,0.12321
85.08000,1.01193,0.94032,0.05968
85.20000,1.01194,0.89893,0.10107
85.32000,1.01194,0.93285,0.06715
85.44000,1.01193,0.97068,0.02932
85.56000,1.01194,0.97044,0.02956
85.68000,1.01194,0.98675,0.01325
85.80000,1.01193,0.98079,0.01921
85.92000,1.01194,0.98973,0.01027
86.04000,1.01194,0.99017,0.00983
86.16000,1.01193,0.98860,0.01140
86.28000,1.01194,0.98716,0.01284
86.40000,1.01193,0.98861,0.01139
86.52000,1.01194,0.98437,0.01563
86.64000,1.01194,0.99359,0.00641
86.76000,1.01193,0.97142,0.02858
86.88000,1.01194,0.99265,0.00735
87.00000,1.01194,0.98879,0.01121
87.12000,1.01193,0.98720,0.01280
87.24000,1.01194,0.98905,0.01095
87.36000,1.01194,0.97998,0.02002
87.48000,1.01193,0.98443,0.01557
87.60000,1.01194,0.96681,0.03319
87.72000,1.01194,0.98006,0.01994
87.84000,1.01194,0.98004,0.01996
87.96000,1.01194,0.97567,0.02433
88.08000,1.01193,0.98232,0.01768
88.20000,1.01194,0.97476,0.02524
88.32000,1.01194,0.97170,0.02830
88.44000,1.01193,0.96617,0.03383
88.56000,1.01194,0.92599,0.07401
88.68000,1.01194,0.96351,0.03649
88.80000,1.01193,0.98220,0.01780
88.92000,1.01194,0.96745,0.03255
89.04000,1.01194,0.98311,0.01689
89.16000,1.01193,0.97630,0.02370
89.28000,1.01194,0.96061,0.03939
89.40000,1.01193,0.96125,0.03875
89.52000,1.01194,0.96201,0.03799
89.64000,1.01194,0.97511,0.02489
89.76000,1.01193,0.97143,0.02857
89.88000,1.01194,0.98787,0.01213
90.00000,1.01194,0.97979,0.02021
90.12000,1.01193,0.99393,0.00607
90.24000,1.01194,0.97950,0.02050
90.36000,1.01194,0.99430,0.00570
90.48000,1.01193,0.97383,0.02617
90.60000,1.01194,0.99327,0.00673
90.72000,1.01194,0.98857,0.01143
90.84000,1.01194,0.99378,0.00622
90.96000,1.01194,0.99572,0.00428
91.08000,1.01193,0.99635,0.00365
91.20000,1.01194,0.99493,0.00507
91.32000,1.01194,0.99490,0.00510
91.44000,1.01193,0.99417,0.00583
91.56000,1.01194,0.99583,0.00417
91.68000,1.01194,0.99207,0.00793
91.80000,1.01193,0.99623,0.00377
91.92000,1.01194,0.99627,0.00373
92.04000,1.01194,0.99330,0.00670
92.16000,1.01193,0.99617,0.00383
92.28000,1.01194,0.99452,0.00548
92.40000,1.01193,0.99307,0.00693
92.52000,1.01194,0.99233,0.00767
92.64000,1.01194,0.99451,0.00549
92.76000,1.01193,0.99320,0.00680
92.88000,1.01194,0.99032,0.00968
93.00000,1.01194,0.98951,0.01049
93.12000,1.01193,0.99330,0.00670
93.24000,1.01194,0.99227,0.00773
93.36000,1.01194,0.99198,0.00802
93.48000,1.01193,0.99562,0.00438
93.60000,1.01194,0.99520,0.00480
93.72000,1.01194,0.99503,0.00497
93.84000,1.01194,0.99267,0.00733
93.96000,1.01194,0.99735,0.00265
94.08000,1.01193,0.99686,0.00314
94.20000,1.01194,0.99565,0.00435
94.32000,1.01194,0.99734,0.00266
94.44000,1.01193,0.99624,0.00376
94.56000,1.01194,0.99515,0.00485
94.68000,1.01194,0.99360,0.00640
94.80000,1.01193,0.98349,0.01651
94.92000,1.01194,0.99080,0.00920
95.04000,1.01194,0.98146,0.01854
95.16000,1.01193,0.96977,0.03023
95.28000,1.01194,0.97901,0.02099
95.40000,1.01193,0.96320,0.03680
95.52000,1.01194,0.97936,0.02064
95.64000,1.01194,0.95730,0.04270
95.76000,1.01193,0.98025,0.01975
95.88000,1.01194,0.95629,0.04371
96.00000,1.01194,0.98488,0.01512
96.12000,1.01193,0.98940,0.01060
96.24000,1.01194,0.97713,0.02287
96.36000,1.01194,0.99292,0.00708
96.48000,1.01193,0.99119,0.00881
96.60000,1.01194,0.99457,0.00543
96.72000,1.01194,0.99707,0.00293
96.84000,1.01194,0.99733,0.00267
96.96000,1.01194,0.99807,0.00193
97.08000,1.01193,0.99680,0.00320
97.20000,1.01194,0.99764,0.00236
97.32000,1.01194,0.99256,0.00744
97.44000,1.01193,0.98951,0.01049
97.56000,1.01194,0.97717,0.02283
97.68000,1.01194,0.97244,0.02756
97.80000,1.01193,0.95469,0.04531
97.92000,1.01194,0.98261,0.01739
98.04000,1.01194,0.98301,0.01699
98.16000,1.01193,0.99197,0.00803
98.28000,1.01194,0.98709,0.01291
98.40000,1.01193,0.99427,0.00573
98.52000,1.01194,0.98409,0.01591
98.64000,1.01194,0.99454,0.00546
98.76000,1.01193,0.98570,0.01430
98.88000,1.01194,0.98348,0.01652
99.00000,1.01194,0.98465,0.01535
99.12000,1.01193,0.98787,0.01213
99.24000,1.01194,0.98331,0.01669
99.36000,1.01194,0.98386,0.01614
99.48000,1.01193,0.99316,0.00684
99.60000,1.01194,0.98490,0.01510
99.72000,1.01194,0.98550,0.01450
99.84000,1.01194,0.98533,0.01467
99.96000,1.01194,0.98331,0.01669
100.08000,1.01193,0.98543,0.01457
100.20000,1.01194,0.96393,0.03607
100.32000,1.01194,0.98915,0.01085
100.44000,1.01193,0.94275,0.05725
100.56000,1.01194,0.98827,0.01173
100.68000,1.01194,0.97300,0.02700
100.80000,1.01193,0.98908,0.01092
100.92000,1.01194,0.98189,0.01811
101.04000,1.01194,0.98207,0.01793
101.16000,1.01193,0.97534,0.02466
101.28000,1.01194,0.98813,0.01187
101.40000,1.01193,0.97636,0.02364
101.52000,1.01194,0.98301,0.01699
101.64000,1.01194,0.96857,0.03143
101.76000,1.01193,0.98867,0.01133
101.88000,1.01194,0.96938,0.03062
102.00000,1.01194,0.99188,0.00812
102.12000,1.01193,0.96607,0.03393
102.24000,1.01194,0.98249,0.01751
102.36000,1.01194,0.97936,0.02064
102.48000,1.01193,0.98342,0.01658
102.60000,1.01194,0.98503,0.01497
102.72000,1.01194,0.98001,0.01999
102.84000,1.01194,0.97036,0.02964
102.96000,1.01194,0.98476,0.01524
103.08000,1.01193,0.97660,0.02340
103.20000,1.01194,0.98020,0.01980
103.32000,1.01194,0.97563,0.02437
103.44000,1.01193,0.98084,0.01916
103.56000,1.01194,0.98310,0.01690
103.68000,1.01194,0.96009,0.03991
103.80000,1.01193,0.95670,0.04330
103.92000,1.01194,0.94637,0.05363
104.04000,1.01194,0.98057,0.01943
104.16000,1.01193,0.93573,0.06427
104.28000,1.01194,0.96267,0.03733
104.40000,1.01193,0.96879,0.03121
104.52000,1.01194,0.97532,0.02468
104.64000,1.01194,0.97619,0.02381
104.76000,1.01193,0.98310,0.01690
104.88000,1.01194,0.98756,0.01244
105.00000,1.01194,0.97994,0.02006
105.12000,1.01193,0.98651,0.01349
105.24000,1.01194,0.99513,0.00487
105.36000,1.01194,0.98944,0.01056
105.48000,1.01193,0.98686,0.01314
105.60000,1.01194,0.99148,0.00852
105.72000,1.01194,0.99493,0.00507
105.84000,1.01194,0.99291,0.00709
105.96000,1.01194,0.99350,0.00650
106.08000,1.01193,0.99373,0.00627
106.20000,1.01194,0.98496,0.01504
106.32000,1.01194,0.99331,0.00669
106.44000,1.01193,0.98826,0.01174
106.56000,1.01194,0.99432,0.00568
106.68000,1.01194,0.98119,0.01881
106.80000,1.01193,0.99016,0.00984
106.92000,1.01194,0.97514,0.02486
107.04000,1.01194,0.98774,0.01226
107.16000,1.01193,0.96441,0.03559
107.28000,1.01194,0.99405,0.00595
107.40000,1.01193,0.96193,0.03807
107.52000,1.01194,0.99439,0.00561
107.64000,1.01194,0.99327,0.00673
107.76000,1.01193,0.99633,0.00367
107.88000,1.01194,0.99292,0.00708
108.00000,1.01194,0.98649,0.01351
108.12000,1.01193,0.99265,0.00735
108.24000,1.01194,0.98136,0.01864
108.36000,1.01194,0.99073,0.00927
108.48000,1.01193,0.97234,0.02766
108.60000,1.01194,0.99003,0.00997
108.72000,1.01194,0.98935,0.01065
108.84000,1.01194,0.97695,0.02305
108.96000,1.01194,0.99450,0.00550
109.08000,1.01193,0.98752,0.01248
109.20000,1.01194,0.99325,0.00675
109.32000,1.01194,0.99321,0.00679
109.44000,1.01193,0.99478,0.00522
109.56000,1.01194,0.99300,0.00700
109.68000,1.01194,0.99188,0.00812
109.80000,1.01193,0.98839,0.01161
109.92000,1.01194,0.99246,0.00754
110.04000,1.01194,0.99161,0.00839
110.16000,1.01193,0.99494,0.00506
110.28000,1.01194,0.97922,0.02078
110.40000,1.01193,0.99413,0.00587
110.52000,1.01194,0.98141,0.01859
110.64000,1.01194,0.98491,0.01509
110.76000,1.01193,0.99433,0.00567
110.88000,1.01194,0.99577,0.00423
111.00000,1.01194,0.99214,0.00786
111.12000,1.01193,0.98018,0.01982
111.24000,1.01194,0.99262,0.00738
111.36000,1.01194,0.99148,0.00852
111.48000,1.01193,0.98890,0.01110
111.60000,1.01194,0.97947,0.02053
111.72000,1.01194,0.97755,0.02245
111.84000,1.01194,0.97228,0.02772
111.96000,1.01194,0.96601,0.03399
112.08000,1.01193,0.96592,0.03408
112.20000,1.01194,0.96850,0.03150
112.32000,1.01194,0.97449,0.02551
112.44000,1.01193,0.96325,0.03675
112.56000,1.01194,0.95682,0.04318
112.68000,1.01194,0.96323,0.03677
112.80000,1.01193,0.94976,0.05024
112.92000,1.01194,0.92117,0.07883
113.04000,1.01194,0.79893,0.20107
113.16000,1.01193,0.81651,0.18349
113.28000,1.01194,0.63694,0.36306
113.40000,1.01193,0.50524,0.49476
113.52000,1.01194,0.41752,0.58248
113.64000,1.01194,0.67726,0.32274
113.76000,1.01193,0.53400,0.46600
113.88000,1.01194,0.51506,0.48494
114.00000,1.01194,0.75545,0.24455
114.12000,1.01193,0.74510,0.25490
114.24000,1.01194,0.82055,0.17945
114.36000,1.01194,0.92801,0.07199
114.48000,1.01193,0.88119,0.11881
114.60000,1.01194,0.96062,0.03938
114.72000,1.01194,0.97612,0.02388
114.84000,1.01194,0.97812,0.02188
114.96000,1.01194,0.96930,0.03070
115.08000,1.01193,0.96054,0.03946
115.20000,1.01194,0.96113,0.03887
115.32000,1.01194,0.98097,0.01903
115.44000,1.01193,0.98555,0.01445
115.56000,1.01194,0.97971,0.02029
115.68000,1.01194,0.98883,0.01117
115.80000,1.01193,0.97807,0.02193
115.92000,1.01194,0.98228,0.01772
116.04000,1.01194,0.97973,0.02027
116.16000,1.01193,0.98498,0.01502
116.28000,1.01194,0.95565,0.04435
116.40000,1.01193,0.96491,0.03509
116.52000,1.01194,0.95977,0.04023
116.64000,1.01194,0.96164,0.03836
116.76000,1.01193,0.97842,0.02158
116.88000,1.01194,0.97988,0.02012
117.00000,1.01194,0.98279,0.01721
117.12000,1.01193,0.98125,0.01875
117.24000,1.01194,0.97895,0.02105
117.36000,1.01194,0.97364,0.02636
117.48000,1.01193,0.88436,0.11564
117.60000,1.01194,0.83799,0.16201
117.72000,1.01194,0.74480,0.25520
117.84000,1.01194,0.81820,0.18180
117.96000,1.01194,0.59959,0.40041
118.08000,1.01193,0.44860,0.55140
118.20000,1.01194,0.34132,0.65868
118.32000,1.01194,0.54760,0.45240
118.44000,1.01193,0.63592,0.36408
118.56000,1.01194,0.65273,0.34727
118.68000,1.01194,0.80493,0.19507
118.80000,1.01193,0.79369,0.20631
118.92000,1.01194,0.71860,0.28140
119.04000,1.01194,0.87665,0.12335
119.16000,1.01193,0.82837,0.17163
119.28000,1.01194,0.77556,0.22444
119.40000,1.01193,0.85977,0.14023
119.52000,1.01194,0.76047,0.23953
119.64000,1.01194,0.87751,0.12249
119.76000,1.01193,0.73629,0.26371
119.88000,1.01194,0.90702,0.09298
120.00000,1.01194,0.85173,0.14827
120.12000,1.01193,0.82970,0.17030
120.24000,1.01194,0.85526,0.14474
120.36000,1.01194,0.81216,0.18784
120.48000,1.01193,0.88247,0.11753
120.60000,1.01194,0.78935,0.21065
120.72000,1.01194,0.80234,0.19766
120.84000,1.01194,0.80013,0.19987
120.96000,1.01194,0.88096,0.11904
121.08000,1.01193,0.85210,0.14790
121.20000,1.01194,0.76583,0.23417
121.32000,1.01194,0.77948,0.22052
121.44000,1.01193,0.82182,0.17818
121.56000,1.01194,0.89455,0.10545
121.68000,1.01194,0.71068,0.28932
121.80000,1.01193,0.86288,0.13712
121.92000,1.01194,0.77065,0.22935
122.04000,1.01194,0.89922,0.10078
122.16000,1.01193,0.75879,0.24121
122.28000,1.01194,0.75933,0.24067
122.40000,1.01193,0.86902,0.13098
122.52000,1.01194,0.80397,0.19603
122.64000,1.01194,0.88500,0.11500
122.76000,1.01193,0.78986,0.21014
122.88000,1.01194,0.83695,0.16305
123.00000,1.01194,0.62963,0.37037
123.12000,1.01193,0.57307,0.42693
123.24000,1.01194,0.54477,0.45523
123.36000,1.01194,0.56025,0.43975
123.48000,1.01193,0.32276,0.67724
123.60000,1.01194,0.45247,0.54753
123.72000,1.01194,0.41481,0.58519
123.84000,1.01194,0.39255,0.60745
123.96000,1.01194,0.51922,0.48078
124.08000,1.01193,0.42140,0.57860
124.20000,1.01194,0.36670,0.63330
124.32000,1.01194,0.42394,0.57606
124.44000,1.01193,0.61018,0.38982
124.56000,1.01194,0.32199,0.67801
124.68000,1.01194,0.34713,0.65287
124.80000,1.01193,0.25542,0.74458
124.92000,1.01194,0.49221,0.50779
125.04000,1.01194,0.34263,0.65737
125.16000,1.01193,0.76225,0.23775
125.28000,1.01194,0.49843,0.50157
125.40000,1.01193,0.66339,0.33661
125.52000,1.01194,0.70655,0.29345
125.64000,1.01194,0.67439,0.32561
125.76000,1.01193,0.69544,0.30456
125.88000,1.01194,0.44328,0.55672
126.00000,1.01194,0.52244,0.47756
126.12000,1.01193,0.53296,0.46704
126.24000,1.01194,0.33409,0.66591
126.36000,1.01194,0.62853,0.37147
126.48000,1.01193,0.51842,0.48158
126.60000,1.01194,0.68901,0.31099
126.72000,1.01194,0.77692,0.22308
126.84000,1.01194,0.79821,0.20179
126.96000,1.01194,0.85968,0.14032
127.08000,1.01193,0.86894,0.13106
127.20000,1.01195,0.83206,0.16794
127.32000,1.01194,0.83148,0.16852
127.44000,1.01193,0.86426,0.13574
127.56000,1.01193,0.86939,0.13061
127.68000,1.01194,0.84276,0.15724
127.80000,1.01193,0.84532,0.15468
127.92000,1.01193,0.85775,0.14225
128.03999,1.01195,0.72525,0.27475
128.16000,1.01193,0.87428,0.12572
128.28000,1.01193,0.85214,0.14786
128.39999,1.01195,0.84591,0.15409
128.52000,1.01193,0.86732,0.13268
128.64000,1.01193,0.89100,0.10900
128.75999,1.01195,0.93632,0.06368
128.88000,1.01193,0.89954,0.10046
129.00000,1.01193,0.94001,0.05999
129.12000,1.01195,0.93425,0.06575
129.24001,1.01193,0.93008,0.06992
129.36000,1.01193,0.90475,0.09525
129.48000,1.01195,0.90456,0.09544
129.60001,1.01193,0.82118,0.17882
129.72000,1.01193,0.89618,0.10382
129.84000,1.01195,0.96010,0.03990
129.96001,1.01193,0.97735,0.02265
130.08000,1.01193,0.94325,0.05675
130.20000,1.01195,0.93580,0.06420
130.32001,1.01193,0.93873,0.06127
130.44000,1.01193,0.96108,0.03892
130.56000,1.01193,0.93643,0.06357
130.67999,1.01195,0.94269,0.05731
130.80000,1.01193,0.94454,0.05546
130.92000,1.01193,0.92650,0.07350
131.03999,1.01195,0.91685,0.08315
131.16000,1.01193,0.91125,0.08875
131.28000,1.01193,0.93033,0.06967
131.39999,1.01195,0.83098,0.16902
131.52000,1.01193,0.88410,0.11590
131.64000,1.01193,0.86996,0.13004
131.75999,1.01195,0.84477,0.15523
131.88000,1.01193,0.86659,0.13341
132.00000,1.01193,0.82083,0.17917
132.12000,1.01195,0.90661,0.09339
132.24001,1.01193,0.77239,0.22761
132.36000,1.01193,0.77591,0.22409
132.48000,1.01195,0.87933,0.12067
132.60001,1.01193,0.79524,0.20476
132.72000,1.01193,0.89300,0.10700
132.84000,1.01195,0.85539,0.14461
132.96001,1.01193,0.90637,0.09363
133.08000,1.01193,0.92192,0.07808
133.20000,1.01195,0.85336,0.14664
133.32001,1.01193,0.90608,0.09392
133.44000,1.01193,0.85757,0.14243
133.56000,1.01193,0.84620,0.15380
133.67999,1.01195,0.83279,0.16721
133.80000,1.01193,0.70634,0.29366
133.92000,1.01193,0.78676,0.21324
134.03999,1.01195,0.64911,0.35089
134.16000,1.01193,0.75119,0.24881
134.28000,1.01193,0.65673,0.34327
134.39999,1.01195,0.78346,0.21654
134.52000,1.01193,0.78315,0.21685
134.64000,1.01193,0.87028,0.12972
134.75999,1.01195,0.67714,0.32286
134.88000,1.01193,0.61195,0.38804
135.00000,1.01193,0.69880,0.30120
135.12000,1.01195,0.52525,0.47475
135.24001,1.01193,0.43802,0.56198
135.36000,1.01193,0.65387,0.34613
135.48000,1.01195,0.18772,0.81228
135.60001,1.01193,0.68588,0.31412
135.72000,1.01193,0.05387,0.94613
135.84000,1.01195,0.68594,0.31406
135.96001,1.01193,0.18112,0.81888
136.08000,1.01193,0.48912,0.51088
136.20000,1.01195,0.35827,0.64173
136.32001,1.01193,0.60663,0.39337
136.44000,1.01193,0.34380,0.65620
136.56000,1.01193,0.40583,0.59417
136.67999,1.01195,0.58661,0.41339
136.80000,1.01193,0.33776,0.66224
136.92000,1.01193,0.24776,0.75224
137.03999,1.01195,0.14824,0.85176
137.16000,1.01193,0.10105,0.89895
137.28000,1.01193,0.10574,0.89426
137.39999,1.01195,0.13122,0.86878
137.52000,1.01193,0.25431,0.74569
137.64000,1.01193,0.08995,0.91005
137.75999,1.01195,0.32798,0.67202
137.88000,1.01193,0.47620,0.52380
138.00000,1.01193,0.33121,0.66879
138.12000,1.01195,0.57293,0.42707
138.24001,1.01193,0.43468,0.56532
138.36000,1.01193,0.58045,0.41955
138.48000,1.01195,0.57268,0.42732
138.60001,1.01193,0.57583,0.42417
138.72000,1.01193,0.50098,0.49902
138.84000,1.01195,0.44861,0.55139
138.96001,1.01193,0.64904,0.35096
139.08000,1.01193,0.54296,0.45704
139.20000,1.01195,0.61721,0.38279
139.32001,1.01193,0.62314,0.37686
139.44000,1.01193,0.54684,0.45316
139.56000,1.01193,0.51547,0.48453
139.67999,1.01195,0.79109,0.20891
139.80000,1.01193,0.56485,0.43515
139.92000,1.01193,0.76556,0.23444
140.03999,1.01195,0.42229,0.57771
140.16000,1.01193,0.88752,0.11248
140.28000,1.01193,0.53558,0.46442
140.39999,1.01195,0.77409,0.22591
140.52000,1.01193,0.79017,0.20983
140.64000,1.01193,0.86473,0.13527
140.75999,1.01195,0.73850,0.26150
140.88000,1.01193,0.62180,0.37820
141.00000,1.01193,0.74134,0.25866
141.12000,1.01195,0.66336,0.33664
141.24001,1.01193,0.73124,0.26876
141.36000,1.01193,0.49531,0.50469
141.48000,1.01195,0.65110,0.34890
141.60001,1.01193,0.46652,0.53348
141.72000,1.01193,0.56935,0.43065
141.84000,1.01195,0.56842,0.43158
141.96001,1.01193,0.74965,0.25035
142.08000,1.01193,0.55779,0.44221
142.20000,1.01195,0.86629,0.13371
142.32001,1.01193,0.86175,0.13825
142.44000,1.01193,0.88452,0.11548
142.56000,1.01193,0.92969,0.07031
142.67999,1.01195,0.89592,0.10408
142.80000,1.01193,0.92242,0.07758
142.92000,1.01193,0.93524,0.06476
143.03999,1.01195,0.87100,0.12900
143.16000,1.01193,0.51019,0.48981
143.28000,1.01193,0.19886,0.80114
143.39999,1.01195,0.05254,0.94746
143.52000,1.01193,0.04244,0.95756
143.64000,1.01193,0.02203,0.97797
143.75999,1.01195,0.04281,0.95719
143.88000,1.01193,0.01159,0.98841
144.00000,1.01193,0.01139,0.98861
144.12000,1.01195,0.01844,0.98156
144.24001,1.01193,0.03238,0.96762
144.36000,1.01193,0.01052,0.98948
144.48000,1.01195,0.00889,0.99111
144.60001,1.01193,0.00598,0.99402
144.72000,1.01193,0.00394,0.99606
144.84000,1.01195,0.00467,0.99533
144.96001,1.01193,0.00411,0.99589
145.08000,1.01193,0.00741,0.99259
145.20000,1.01195,0.00785,0.99215
145.32001,1.01193,0.00291,0.99709
145.44000,1.01193,0.00321,0.99679
145.56000,1.01193,0.00387,0.99613
145.67999,1.01195,0.00829,0.99171
145.80000,1.01193,0.00545,0.99455
145.92000,1.01193,0.00836,0.99164
146.03999,1.01195,0.01412,0.98588
146.16000,1.01193,0.01783,0.98217
146.28000,1.01193,0.01544,0.98456
146.39999,1.01195,0.00671,0.99329
146.52000,1.01193,0.00471,0.99529
146.64000,1.01193,0.00337,0.99663
146.75999,1.01195,0.00370,0.99630
146.88000,1.01193,0.00302,0.99698
147.00000,1.01193,0.01113,0.98887
147.12000,1.01195,0.03245,0.96755
147.24001,1.01193,0.01628,0.98372
147.36000,1.01193,0.06294,0.93706
147.48000,1.01195,0.02832,0.97168
147.60001,1.01193,0.09953,0.90047
147.72000,1.01193,0.03020,0.96980
147.84000,1.01195,0.18269,0.81731
147.96001,1.01193,0.04801,0.95199
148.08000,1.01193,0.11632,0.88368
148.20000,1.01195,0.02598,0.97402
148.32001,1.01193,0.06106,0.93894
148.44000,1.01193,0.04231,0.95769
148.56000,1.01193,0.04472,0.95528
148.67999,1.01195,0.04397,0.95603
148.80000,1.01193,0.03773,0.96227
148.92000,1.01193,0.02584,0.97416
149.03999,1.01195,0.02659,0.97341
149.16000,1.01193,0.03268,0.96732
149.28000,1.01193,0.03287,0.96713
149.39999,1.01195,0.01866,0.98134
149.52000,1.01193,0.01381,0.98619
149.64000,1.01193,0.00874,0.99126
149.75999,1.01195,0.00990,0.99010
149.88000,1.01193,0.01030,0.98970
150.00000,1.01193,0.00967,0.99033
150.12000,1.01195,0.01315,0.98685
150.24001,1.01193,0.01048,0.98952
150.36000,1.01193,0.00728,0.99272
150.48000,1.01195,0.00850,0.99150
150.60001,1.01193,0.01114,0.98886
150.72000,1.01193,0.01347,0.98653
150.84000,1.01195,0.01740,0.98260
150.96001,1.01193,0.02358,0.97642
151.08000,1.01193,0.01413,0.98587
151.20000,1.01195,0.02771,0.97229
151.32001,1.01193,0.02805,0.97195
151.44000,1.01193,0.01561,0.98439
151.56000,1.01193,0.02222,0.97778
151.67999,1.01195,0.01074,0.98926
151.80000,1.01193,0.01485,0.98515
151.92000,1.01193,0.03233,0.96767
152.03999,1.01195,0.05219,0.94781
152.16000,1.01193,0.05030,0.94970
152.28000,1.01193,0.14271,0.85729
152.39999,1.01195,0.13016,0.86984
152.52000,1.01193,0.37512,0.62488
152.64000,1.01193,0.19436,0.80564
152.75999,1.01195,0.27499,0.72501
152.88000,1.01193,0.27583,0.72417
153.00000,1.01193,0.31638,0.68362
153.12000,1.01195,0.16842,0.83158
153.24001,1.01193,0.12642,0.87358
153.36000,1.01193,0.06389,0.93611
153.48000,1.01195,0.07660,0.92340
153.60001,1.01193,0.04628,0.95372
153.72000,1.01193,0.07801,0.92199
153.84000,1.01195,0.02673,0.97327
153.96001,1.01193,0.02914,0.97086
154.08000,1.01193,0.02293,0.97707
154.20000,1.01195,0.04253,0.95747
154.32001,1.01193,0.02935,0.97065
154.44000,1.01193,0.02828,0.97172
154.56000,1.01193,0.01904,0.98096
154.67999,1.01195,0.01437,0.98563
154.80000,1.01193,0.02323,0.97677
154.92000,1.01193,0.01723,0.98277
155.03999,1.01195,0.03457,0.96543
155.16000,1.01193,0.02254,0.97746
155.28000,1.01193,0.01786,0.98214
155.39999,1.01195,0.02492,0.97508
155.52000,1.01193,0.03158,0.96842
155.64000,1.01193,0.01356,0.98644
155.75999,1.01195,0.08338,0.91662
155.88000,1.01193,0.01835,0.98165
156.00000,1.01193,0.10422,0.89578
156.12000,1.01195,0.02372,0.97628
156.24001,1.01193,0.06250,0.93750
156.36000,1.01193,0.04252,0.95748
156.48000,1.01195,0.05017,0.94983
156.60001,1.01193,0.02093,0.97907
156.72000,1.01193,0.05253,0.94747
156.84000,1.01195,0.03296,0.96704
156.96001,1.01193,0.03224,0.96776
157.08000,1.01193,0.03178,0.96822
157.20000,1.01195,0.31066,0.68934
157.32001,1.01193,0.27821,0.72179
157.44000,1.01193,0.62153,0.37847
157.56000,1.01193,0.45665,0.54335
157.67999,1.01195,0.59664,0.40336
157.80000,1.01193,0.55759,0.44241
157.92000,1.01193,0.66459,0.33541
158.03999,1.01195,0.75195,0.24805
158.16000,1.01193,0.44208,0.55792
158.28000,1.01193,0.40449,0.59551
158.39999,1.01195,0.44636,0.55364
158.52000,1.01193,0.52975,0.47025
158.64000,1.01193,0.47089,0.52911
158.75999,1.01195,0.64044,0.35956
158.88000,1.01193,0.54851,0.45149
159.00000,1.01193,0.66981,0.33019
159.12000,1.01195,0.43611,0.56389
159.24001,1.01193,0.33283,0.66717
159.36000,1.01193,0.38007,0.61993
159.48000,1.01195,0.30888,0.69112
159.60001,1.01193,0.17936,0.82064
159.72000,1.01193,0.37127,0.62873
159.84000,1.01195,0.24096,0.75904
159.96001,1.01193,0.34426,0.65574
160.08000,1.01193,0.30697,0.69303
160.20000,1.01195,0.30521,0.69479
160.32001,1.01193,0.42615,0.57385
160.44000,1.01193,0.47516,0.52484
160.56000,1.01193,0.59290,0.40710
160.67999,1.01195,0.33234,0.66766
160.80000,1.01193,0.59126,0.40874
160.92000,1.01193,0.58169,0.41831
161.03999,1.01195,0.59170,0.40830
161.16000,1.01193,0.63977,0.36023
161.28000,1.01193,0.67475,0.32525
161.39999,1.01195,0.73661,0.26339
161.52000,1.01193,0.71777,0.28223
161.64000,1.01193,0.73636,0.26364
161.75999,1.01195,0.78398,0.21602
161.88000,1.01193,0.72634,0.27366
162.00000,1.01193,0.82584,0.17416
162.12000,1.01195,0.71048,0.28952
162.24001,1.01193,0.59820,0.40180
162.36000,1.01193,0.74511,0.25489
162.48000,1.01195,0.69588,0.30412
162.60001,1.01193,0.65293,0.34707
162.72000,1.01193,0.81142,0.18858
162.84000,1.01195,0.82752,0.17248
162.96001,1.01193,0.80449,0.19551
163.08000,1.01193,0.88319,0.11681
163.20000,1.01195,0.76949,0.23051
163.32001,1.01193,0.77549,0.22451
163.44000,1.01193,0.74766,0.25234
163.56000,1.01193,0.85136,0.14864
163.67999,1.01195,0.84716,0.15284
163.80000,1.01193,0.90062,0.09938
163.92000,1.01193,0.85190,0.14810
164.03999,1.01195,0.85207,0.14793
164.16000,1.01193,0.95438,0.04562
164.28000,1.01193,0.85212,0.14788
164.39999,1.01195,0.93125,0.06875
164.52000,1.01193,0.82597,0.17403
164.64000,1.01193,0.92054,0.07946
164.75999,1.01195,0.91738,0.08262
164.88000,1.01193,0.90750,0.09250
165.00000,1.01193,0.86915,0.13085
165.12000,1.01195,0.89811,0.10189
165.24001,1.01193,0.88319,0.11681
165.36000,1.01193,0.93789,0.06211
165.48000,1.01195,0.92389,0.07611
165.60001,1.01193,0.97779,0.02221
165.72000,1.01193,0.97730,0.02270
165.84000,1.01195,0.97723,0.02277
165.96001,1.01193,0.96898,0.03102
166.08000,1.01193,0.96623,0.03377
166.20000,1.01195,0.96944,0.03056
166.32001,1.01193,0.96753,0.03247
166.44000,1.01193,0.96367,0.03633
166.56000,1.01193,0.92580,0.07420
166.67999,1.01195,0.94782,0.05218
166.80000,1.01193,0.92822,0.07178
166.92000,1.01193,0.93740,0.06260
167.03999,1.01195,0.95334,0.04666
167.16000,1.01193,0.94696,0.05304
167.28000,1.01193,0.93579,0.06421
167.39999,1.01195,0.95518,0.04482
167.52000,1.01193,0.94907,0.05093
167.64000,1.01193,0.95181,0.04819
167.75999,1.01195,0.98367,0.01633
167.88000,1.01193,0.96445,0.03555
168.00000,1.01193,0.96801,0.03199
168.12000,1.01195,0.82725,0.17275
168.24001,1.01193,0.79565,0.20435
168.36000,1.01193,0.55599,0.44401
168.48000,1.01195,0.23567,0.76433
168.60001,1.01193,0.08322,0.91678
168.72000,1.01193,0.07383,0.92617
168.84000,1.01195,0.01309,0.98691
168.96001,1.01193,0.00646,0.99354
169.08000,1.01193,0.01785,0.98215
169.20000,1.01195,0.00596,0.99404
169.32001,1.01193,0.00898,0.99102
169.44000,1.01193,0.00835,0.99165
169.56000,1.01193,0.01577,0.98423
169.67999,1.01195,0.00980,0.99020
169.80000,1.01193,0.01050,0.98950
169.92000,1.01193,0.00422,0.99578
170.03999,1.01195,0.01327,0.98673
170.16000,1.01193,0.00447,0.99553
170.28000,1.01193,0.00692,0.99308
170.39999,1.01195,0.00928,0.99072
170.52000,1.01193,0.00727,0.99273
170.64000,1.01193,0.00943,0.99057
170.75999,1.01195,0.01038,0.98962
170.88000,1.01193,0.00470,0.99530
171.00000,1.01193,0.00738,0.99262
171.12000,1.01195,0.00612,0.99388
171.24001,1.01193,0.00666,0.99334
171.36000,1.01193,0.00833,0.99167
171.48000,1.01195,0.00882,0.99118
171.60001,1.01193,0.00362,0.99638
171.72000,1.01193,0.01143,0.98857
171.84000,1.01195,0.00781,0.99219
171.96001,1.01193,0.00807,0.99193
172.08000,1.01193,0.01005,0.98995
172.20000,1.01195,0.00627,0.99373
172.32001,1.01193,0.01037,0.98963
172.44000,1.01193,0.00664,0.99336
172.56000,1.01193,0.00773,0.99227
172.67999,1.01195,0.00526,0.99474
172.80000,1.01193,0.00598,0.99402
172.92000,1.01193,0.01029,0.98971
173.03999,1.01195,0.00875,0.99125
173.16000,1.01193,0.00729,0.99271
173.28000,1.01193,0.01104,0.98896
173.39999,1.01195,0.00663,0.99337
173.52000,1.01193,0.00740,0.99260
173.64000,1.01193,0.00764,0.99236
173.75999,1.01195,0.00843,0.99157
173.88000,1.01193,0.00853,0.99147
174.00000,1.01193,0.01043,0.98957
174.12000,1.01195,0.00893,0.99107
174.24001,1.01193,0.00887,0.99113
174.36000,1.01193,0.01033,0.98967
174.48000,1.01195,0.01362,0.98638
174.60001,1.01193,0.00589,0.99411
174.72000,1.01193,0.00918,0.99082
174.84000,1.01195,0.00748,0.99252
174.96001,1.01193,0.00863,0.99137
175.08000,1.01193,0.00265,0.99735
175.20000,1.01195,0.00848,0.99152
175.32001,1.01193,0.00465,0.99535
175.44000,1.01193,0.00442,0.99558
175.56000,1.01193,0.00798,0.99202
175.67999,1.01195,0.00720,0.99280
175.80000,1.01193,0.00301,0.99699
175.92000,1.01193,0.00674,0.99326
176.03999,1.01195,0.00347,0.99653
176.16000,1.01193,0.00652,0.99348
176.28000,1.01193,0.00661,0.99339
176.39999,1.01195,0.00554,0.99446
176.52000,1.01193,0.00517,0.99483
176.64000,1.01193,0.00704,0.99296
176.75999,1.01195,0.00735,0.99265
176.88000,1.01193,0.00587,0.99413
177.00000,1.01193,0.01176,0.98824
177.12000,1.01195,0.01202,0.98798
177.24001,1.01193,0.00643,0.99357
177.36000,1.01193,0.00872,0.99128
177.48000,1.01195,0.00672,0.99328
177.60001,1.01193,0.01090,0.98910
177.72000,1.01193,0.00771,0.99229
177.84000,1.01195,0.00430,0.99570
177.96001,1.01193,0.01679,0.98321
178.08000,1.01193,0.00450,0.99550
178.20000,1.01195,0.01235,0.98765
178.32001,1.01193,0.00966,0.99034
178.44000,1.01193,0.00827,0.99173
178.56000,1.01193,0.01039,0.98961
178.67999,1.01195,0.00924,0.99076
178.80000,1.01193,0.00983,0.99017
178.92000,1.01193,0.00553,0.99447
179.03999,1.01195,0.00896,0.99104
179.16000,1.01193,0.00671,0.99329
179.28000,1.01193,0.00859,0.99141
179.39999,1.01195,0.01309,0.98691
179.52000,1.01193,0.00688,0.99312
179.64000,1.01193,0.01224,0.98776
179.75999,1.01195,0.00820,0.99180
179.88000,1.01193,0.00762,0.99238
180.00000,1.01193,0.00727,0.99273
180.12000,1.01195,0.00471,0.99529
180.24001,1.01193,0.01108,0.98892
180.36000,1.01193,0.00634,0.99366
180.48000,1.01195,0.00996,0.99004
180.60001,1.01193,0.01076,0.98924
180.72000,1.01193,0.00509,0.99491
180.84000,1.01195,0.00638,0.99362
180.96001,1.01193,0.00725,0.99275
181.08000,1.01193,0.00548,0.99452
181.20000,1.01195,0.00630,0.99370
181.32001,1.01193,0.00509,0.99491
181.44000,1.01193,0.00622,0.99378
181.56000,1.01193,0.00559,0.99441
181.67999,1.01195,0.00740,0.99260
181.80000,1.01193,0.00313,0.99687
181.92000,1.01193,0.00758,0.99242
182.03999,1.01195,0.00652,0.99348
182.16000,1.01193,0.00345,0.99655
182.28000,1.01193,0.00697,0.99303
182.39999,1.01195,0.00527,0.99473
182.52000,1.01193,0.00653,0.99347
182.64000,1.01193,0.00692,0.99308
182.75999,1.01195,0.01667,0.98333
182.88000,1.01193,0.00763,0.99237
183.00000,1.01193,0.00818,0.99182
183.12000,1.01195,0.00620,0.99380
183.24001,1.01193,0.01171,0.98829
183.36000,1.01193,0.00712,0.99288
183.48000,1.01195,0.00861,0.99139
183.60001,1.01193,0.00763,0.99237
183.72000,1.01193,0.00780,0.99220
183.84000,1.01195,0.00789,0.99211
183.96001,1.01193,0.00582,0.99418
184.08000,1.01193,0.00855,0.99145
184.20000,1.01195,0.00776,0.99224
184.32001,1.01193,0.00740,0.99260
184.44000,1.01193,0.01302,0.98698
184.56000,1.01193,0.00590,0.99410
184.67999,1.01195,0.01297,0.98703
184.80000,1.01193,0.00284,0.99716
184.92000,1.01193,0.00812,0.99188
185.03999,1.01195,0.00437,0.99563
185.16000,1.01193,0.01349,0.98651
185.28000,1.01193,0.00858,0.99142
185.39999,1.01195,0.00685,0.99315
185.52000,1.01193,0.00992,0.99008
185.64000,1.01193,0.00499,0.99501
185.75999,1.01195,0.01036,0.98964
185.88000,1.01193,0.01274,0.98726
186.00000,1.01193,0.00666,0.99334
186.12000,1.01195,0.00911,0.99089
186.24001,1.01193,0.00482,0.99518
186.36000,1.01193,0.01059,0.98941
186.48000,1.01195,0.01690,0.98310
186.60001,1.01193,0.00656,0.99344
186.72000,1.01193,0.00598,0.99402
186.84000,1.01195,0.00742,0.99258
186.96001,1.01193,0.00515,0.99485
187.08000,1.01193,0.01370,0.98630
187.20000,1.01195,0.00628,0.99372
187.32001,1.01193,0.01209,0.98791
187.44000,1.01193,0.01415,0.98585
187.56000,1.01193,0.01544,0.98456
187.67999,1.01195,0.01006,0.98994
187.80000,1.01193,0.01718,0.98282
187.92000,1.01193,0.02175,0.97825
188.03999,1.01195,0.00646,0.99354
188.16000,1.01193,0.03769,0.96231
188.28000,1.01193,0.00626,0.99374
188.39999,1.01195,0.01165,0.98835
188.52000,1.01193,0.00544,0.99456
188.64000,1.01193,0.00606,0.99394
188.75999,1.01195,0.00368,0.99632
188.88000,1.01193,0.00971,0.99029
189.00000,1.01193,0.00523,0.99477
189.12000,1.01195,0.00712,0.99288
189.24001,1.01193,0.00556,0.99444
189.36000,1.01193,0.00376,0.99624
189.48000,1.01195,0.01318,0.98682
189.60001,1.01193,0.00691,0.99309
189.72000,1.01193,0.00602,0.99398
189.84000,1.01195,0.00492,0.99508
189.96001,1.01193,0.00669,0.99331
190.08000,1.01193,0.01212,0.98788
190.20000,1.01195,0.00821,0.99179
190.32001,1.01193,0.01246,0.98754
190.44000,1.01193,0.00983,0.99017
190.56000,1.01193,0.00555,0.99445
190.67999,1.01195,0.00778,0.99222
190.80000,1.01193,0.00377,0.99623
190.92000,1.01193,0.00644,0.99356
191.03999,1.01195,0.00441,0.99559
191.16000,1.01193,0.00588,0.99412
191.28000,1.01193,0.00440,0.99560
191.39999,1.01195,0.00600,0.99400
191.52000,1.01193,0.00466,0.99534
191.64000,1.01193,0.00782,0.99218
191.75999,1.01195,0.00744,0.99256
191.88000,1.01193,0.00781,0.99219
192.00000,1.01193,0.00597,0.99403
192.12000,1.01195,0.01410,0.98590
192.24001,1.01193,0.00718,0.99282
192.36000,1.01193,0.00758,0.99242
192.48000,1.01195,0.01007,0.98993
192.60001,1.01193,0.01481,0.98519
192.72000,1.01193,0.01113,0.98887
192.84000,1.01195,0.00998,0.99002
192.96001,1.01193,0.00948,0.99052
193.08000,1.01193,0.01048,0.98952
193.20000,1.01195,0.01493,0.98507
193.32001,1.01193,0.01597,0.98403
193.44000,1.01193,0.01296,0.98704
193.56000,1.01193,0.00758,0.99242
193.67999,1.01195,0.01166,0.98834
193.80000,1.01193,0.01159,0.98841
193.92000,1.01193,0.00711,0.99289
194.03999,1.01195,0.00987,0.99013
194.16000,1.01193,0.00939,0.99061
194.28000,1.01193,0.01224,0.98776
194.39999,1.01195,0.01721,0.98279
194.52000,1.01193,0.02020,0.97980
194.64000,1.01193,0.02034,0.97966
194.75999,1.01195,0.01362,0.98638
194.88000,1.01193,0.02063,0.97937
195.00000,1.01193,0.01903,0.98097
195.12000,1.01195,0.01408,0.98592
195.24001,1.01193,0.01357,0.98643
195.36000,1.01193,0.02136,0.97864
195.48000,1.01195,0.01587,0.98413
195.60001,1.01193,0.02270,0.97730
195.72000,1.01193,0.01846,0.98154
195.84000,1.01195,0.01259,0.98741
195.96001,1.01193,0.01265,0.98735
196.08000,1.01193,0.00941,0.99059
196.20000,1.01195,0.01147,0.98853
196.32001,1.01193,0.01180,0.98820
196.44000,1.01193,0.00897,0.99103
196.56000,1.01193,0.01170,0.98830
196.67999,1.01195,0.00961,0.99039
196.80000,1.01193,0.01421,0.98579
196.92000,1.01193,0.01074,0.98926
197.03999,1.01195,0.01229,0.98771
197.16000,1.01193,0.01473,0.98527
197.28000,1.01193,0.00953,0.99047
197.39999,1.01195,0.01535,0.98465
197.52000,1.01193,0.01486,0.98514
197.64000,1.01193,0.01042,0.98958
197.75999,1.01195,0.01101,0.98899
197.88000,1.01193,0.01394,0.98606
198.00000,1.01193,0.01809,0.98191
198.12000,1.01195,0.01354,0.98646
198.24001,1.01193,0.01560,0.98440
198.36000,1.01193,0.01328,0.98672
198.48000,1.01195,0.01582,0.98418
198.60001,1.01193,0.02186,0.97814
198.72000,1.01193,0.02065,0.97935
198.84000,1.01195,0.01574,0.98426
198.96001,1.01193,0.01950,0.98050
199.08000,1.01193,0.02003,0.97997
199.20000,1.01195,0.01994,0.98006
199.32001,1.01193,0.01279,0.98721
199.44000,1.01193,0.01588,0.98412
199.56000,1.01193,0.01152,0.98848
199.67999,1.01195,0.02137,0.97863
199.80000,1.01193,0.01985,0.98015
199.92000,1.01193,0.01676,0.98324
200.03999,1.01195,0.01820,0.98180
200.16000,1.01193,0.01885,0.98115
200.28000,1.01193,0.01904,0.98096
200.39999,1.01195,0.02261,0.97739
200.52000,1.01193,0.01713,0.98287
200.64000,1.01193,0.01247,0.98753
200.75999,1.01195,0.00911,0.99089
200.88000,1.01193,0.01990,0.98010
201.00000,1.01193,0.01835,0.98165
201.12000,1.01195,0.00941,0.99059
201.24001,1.01193,0.01267,0.98733
201.36000,1.01193,0.01355,0.98645
201.48000,1.01195,0.01640,0.98360
201.60001,1.01193,0.01588,0.98412
201.72000,1.01193,0.01626,0.98374
201.84000,1.01195,0.00894,0.99106
201.96001,1.01193,0.01711,0.98289
202.08000,1.01193,0.01282,0.98718
202.20000,1.01195,0.01290,0.98710
202.32001,1.01193,0.01028,0.98972
202.44000,1.01193,0.00532,0.99468
202.56000,1.01193,0.01412,0.98588
202.67999,1.01195,0.01270,0.98730
202.80000,1.01193,0.01852,0.98148
202.92000,1.01193,0.01135,0.98865
203.03999,1.01195,0.01347,0.98653
203.16000,1.01193,0.01802,0.98198
203.28000,1.01193,0.01488,0.98512
203.39999,1.01195,0.01958,0.98042
203.52000,1.01193,0.00946,0.99054
203.64000,1.01193,0.01332,0.98668
203.75999,1.01195,0.00935,0.99065
203.88000,1.01193,0.01281,0.98719
204.00000,1.01193,0.00578,0.99422
204.12000,1.01195,0.01212,0.98788
204.24001,1.01193,0.01095,0.98905
204.36000,1.01193,0.00775,0.99225
204.48000,1.01195,0.00788,0.99212
204.60001,1.01193,0.00622,0.99378
204.72000,1.01193,0.00461,0.99539
204.84000,1.01195,0.01475,0.98525
204.96001,1.01193,0.00416,0.99584
205.08000,1.01193,0.01128,0.98872
205.20000,1.01195,0.00667,0.99333
205.32001,1.01193,0.02094,0.97906
205.44000,1.01193,0.00470,0.99530
205.56000,1.01193,0.01354,0.98646
205.67999,1.01195,0.00753,0.99247
205.80000,1.01193,0.00897,0.99103
205.92000,1.01193,0.00897,0.99103
206.03999,1.01195,0.01133,0.98867
206.16000,1.01193,0.01084,0.98916
206.28000,1.01193,0.00830,0.99170
206.39999,1.01195,0.00793,0.99207
206.52000,1.01193,0.01650,0.98350
206.64000,1.01193,0.00722,0.99278
206.75999,1.01195,0.00916,0.99084
206.88000,1.01193,0.01008,0.98992
207.00000,1.01193,0.00691,0.99309
207.12000,1.01195,0.00597,0.99403
207.24001,1.01193,0.00795,0.99205
207.36000,1.01193,0.00524,0.99476
207.48000,1.01195,0.00806,0.99194
207.60001,1.01193,0.00727,0.99273
207.72000,1.01193,0.00794,0.99206
207.84000,1.01195,0.00528,0.99472
207.96001,1.01193,0.00777,0.99223
208.08000,1.01193,0.00457,0.99543
208.20000,1.01195,0.00907,0.99093
208.32001,1.01193,0.00364,0.99636
208.44000,1.01193,0.00683,0.99317
208.56000,1.01193,0.00562,0.99438
208.67999,1.01195,0.00624,0.99376
208.80000,1.01193,0.00507,0.99493
208.92000,1.01193,0.00481,0.99519
209.03999,1.01195,0.00552,0.99448
209.16000,1.01193,0.00832,0.99168
209.28000,1.01193,0.00392,0.99608
209.39999,1.01195,0.00683,0.99317
209.52000,1.01193,0.00775,0.99225
209.64000,1.01193,0.00678,0.99322
209.75999,1.01195,0.00966,0.99034
209.88000,1.01193,0.00619,0.99381
210.00000,1.01193,0.00641,0.99359
210.12000,1.01195,0.01041,0.98959
210.24001,1.01193,0.00526,0.99474
210.36000,1.01193,0.01557,0.98443
210.48000,1.01195,0.00601,0.99399
210.60001,1.01193,0.01245,0.98755
210.72000,1.01193,0.01114,0.98886
210.84000,1.01195,0.01114,0.98886
210.96001,1.01193,0.01649,0.98351
211.08000,1.01193,0.00512,0.99488
211.20000,1.01195,0.01567,0.98433
211.32001,1.01193,0.00438,0.99562
211.44000,1.01193,0.00892,0.99108
211.56000,1.01193,0.00318,0.99682
211.67999,1.01195,0.00412,0.99588
211.80000,1.01193,0.00434,0.99566
211.92000,1.01193,0.00480,0.99520
212.03999,1.01195,0.00730,0.99270
212.16000,1.01193,0.00596,0.99404
212.28000,1.01193,0.00427,0.99573
212.39999,1.01195,0.00485,0.99515
212.52000,1.01193,0.00514,0.99486
212.64000,1.01193,0.00506,0.99494
212.75999,1.01195,0.00873,0.99127
212.88000,1.01193,0.00656,0.99344
213.00000,1.01193,0.01048,0.98952
213.12000,1.01195,0.00633,0.99367
213.24001,1.01193,0.01016,0.98984
213.36000,1.01193,0.00691,0.99309
213.48000,1.01195,0.00990,0.99010
213.60001,1.01193,0.00618,0.99382
213.72000,1.01193,0.00738,0.99262
213.84000,1.01195,0.00694,0.99306
213.96001,1.01193,0.00905,0.99095
214.08000,1.01193,0.00684,0.99316
214.20000,1.01195,0.00777,0.99223
214.32001,1.01193,0.00807,0.99193
214.44000,1.01193,0.00729,0.99271
214.56000,1.01193,0.00457,0.99543
214.67999,1.01195,0.00597,0.99403
214.80000,1.01193,0.00549,0.99451
214.92000,1.01193,0.00365,0.99635
215.03999,1.01195,0.00830,0.99170
215.16000,1.01193,0.00404,0.99596
215.28000,1.01193,0.00666,0.99334
215.39999,1.01195,0.00736,0.99264
215.52000,1.01193,0.00828,0.99172
215.64000,1.01193,0.00420,0.99580
215.75999,1.01195,0.00599,0.99401
215.88000,1.01193,0.00642,0.99358
216.00000,1.01193,0.00610,0.99390
216.12000,1.01195,0.00720,0.99280
216.24001,1.01193,0.00368,0.99632
216.36000,1.01193,0.00549,0.99451
216.48000,1.01195,0.00569,0.99431
216.60001,1.01193,0.01003,0.98997
216.72000,1.01193,0.00657,0.99343
216.84000,1.01195,0.00777,0.99223
216.96001,1.01193,0.00580,0.99420
217.08000,1.01193,0.00698,0.99302
217.20000,1.01195,0.00473,0.99527
217.32001,1.01193,0.00635,0.99365
217.44000,1.01193,0.00644,0.99356
217.56000,1.01193,0.00325,0.99675
217.67999,1.01195,0.00606,0.99394
217.80000,1.01193,0.00626,0.99374
217.92000,1.01193,0.00667,0.99333
218.03999,1.01195,0.01285,0.98715
218.16000,1.01193,0.00812,0.99188
218.28000,1.01193,0.01035,0.98965
218.39999,1.01195,0.00400,0.99600
218.52000,1.01193,0.00618,0.99382
218.64000,1.01193,0.00848,0.99152
218.75999,1.01195,0.00665,0.99335
218.88000,1.01193,0.00708,0.99292
219.00000,1.01193,0.00536,0.99464
219.12000,1.01195,0.00445,0.99555
219.24001,1.01193,0.00540,0.99460
219.36000,1.01193,0.00550,0.99450
219.48000,1.01195,0.00412,0.99588
219.60001,1.01193,0.00784,0.99216
219.72000,1.01193,0.00668,0.99332
219.84000,1.01195,0.00500,0.99500
219.96001,1.01193,0.00610,0.99390
220.08000,1.01193,0.00450,0.99550
220.20000,1.01195,0.00325,0.99675
220.32001,1.01193,0.00997,0.99003
220.44000,1.01193,0.00349,0.99651
220.56000,1.01193,0.00818,0.99182
220.67999,1.01195,0.01073,0.98927
220.80000,1.01193,0.01155,0.98845
220.92000,1.01193,0.00687,0.99313
221.03999,1.01195,0.01289,0.98711
221.16000,1.01193,0.00853,0.99147
221.28000,1.01193,0.00495,0.99505
221.39999,1.01195,0.00955,0.99045
221.52000,1.01193,0.00379,0.99621
221.64000,1.01193,0.00741,0.99259
221.75999,1.01195,0.00351,0.99649
221.88000,1.01193,0.00510,0.99490
222.00000,1.01193,0.00740,0.99260
222.12000,1.01195,0.00344,0.99656
222.24001,1.01193,0.00703,0.99297
222.36000,1.01193,0.00524,0.99476
222.48000,1.01195,0.00656,0.99344
222.60001,1.01193,0.00762,0.99238
222.72000,1.01193,0.00611,0.99389
222.84000,1.01195,0.00607,0.99393
222.96001,1.01193,0.00785,0.99215
223.08000,1.01193,0.00639,0.99361
223.20000,1.01195,0.00632,0.99368
223.32001,1.01193,0.00678,0.99322
223.44000,1.01193,0.00963,0.99037
223.56000,1.01193,0.00420,0.99580
223.67999,1.01195,0.00743,0.99257
223.80000,1.01193,0.00420,0.99580
223.92000,1.01193,0.00648,0.99352
224.03999,1.01195,0.00609,0.99391
224.16000,1.01193,0.01023,0.98977
224.28000,1.01193,0.00867,0.99133
224.39999,1.01195,0.00488,0.99512
224.52000,1.01193,0.00407,0.99593
224.64000,1.01193,0.00877,0.99123
224.75999,1.01195,0.00654,0.99346
224.88000,1.01193,0.00691,0.99309
225.00000,1.01193,0.00896,0.99104
225.12000,1.01195,0.00432,0.99568
225.24001,1.01193,0.00759,0.99241
225.36000,1.01193,0.00543,0.99457
225.48000,1.01195,0.00616,0.99384
225.60001,1.01193,0.00639,0.99361
225.72000,1.01193,0.01187,0.98813
225.84000,1.01195,0.00525,0.99475
225.96001,1.01193,0.00694,0.99306
226.08000,1.01193,0.00606,0.99394
226.20000,1.01195,0.00801,0.99199
226.32001,1.01193,0.00694,0.99306
226.44000,1.01193,0.01032,0.98968
226.56000,1.01193,0.00879,0.99121
226.67999,1.01195,0.00599,0.99401
226.80000,1.01193,0.00936,0.99064
226.92000,1.01193,0.00798,0.99202
227.03999,1.01195,0.00673,0.99327
227.16000,1.01193,0.00716,0.99284
227.28000,1.01193,0.01035,0.98965
227.39999,1.01195,0.00619,0.99381
227.52000,1.01193,0.00826,0.99174
227.64000,1.01193,0.00933,0.99067
227.75999,1.01195,0.00624,0.99376
227.88000,1.01193,0.00551,0.99449
228.00000,1.01193,0.00498,0.99502
228.12000,1.01195,0.00729,0.99271
228.24001,1.01193,0.00496,0.99504
228.36000,1.01193,0.00984,0.99016
228.48000,1.01195,0.00817,0.99183
228.60001,1.01193,0.00656,0.99344
228.72000,1.01193,0.01033,0.98967
228.84000,1.01195,0.00642,0.99358
228.96001,1.01193,0.01111,0.98889
229.08000,1.01193,0.00874,0.99126
229.20000,1.01195,0.01188,0.98812
229.32001,1.01193,0.00599,0.99401
229.44000,1.01193,0.00533,0.99467
229.56000,1.01193,0.00498,0.99502
229.67999,1.01195,0.00451,0.99549
229.80000,1.01193,0.01006,0.98994
229.92000,1.01193,0.00778,0.99222
230.03999,1.01195,0.00841,0.99159
230.16000,1.01193,0.00807,0.99193
230.28000,1.01193,0.00645,0.99355
230.39999,1.01195,0.00871,0.99129
230.52000,1.01193,0.00745,0.99255
230.64000,1.01193,0.00833,0.99167
230.75999,1.01195,0.00453,0.99547
230.88000,1.01193,0.01028,0.98972
231.00000,1.01193,0.01134,0.98866
231.12000,1.01195,0.00677,0.99323
231.24001,1.01193,0.01056,0.98944
231.36000,1.01193,0.00711,0.99289
231.48000,1.01195,0.00508,0.99492
231.60001,1.01193,0.00708,0.99292
231.72000,1.01193,0.00479,0.99521
231.84000,1.01195,0.00924,0.99076
231.96001,1.01193,0.00631,0.99369
232.08000,1.01193,0.00872,0.99128
232.20000,1.01195,0.00636,0.99364
232.32001,1.01193,0.00459,0.99541
232.44000,1.01193,0.00933,0.99067
232.56000,1.01193,0.00938,0.99062
232.67999,1.01195,0.00922,0.99078
232.80000,1.01193,0.00820,0.99180
232.92000,1.01193,0.00636,0.99364
233.03999,1.01195,0.00417,0.99583
233.16000,1.01193,0.01283,0.98717
233.28000,1.01193,0.00689,0.99311
233.39999,1.01195,0.00506,0.99494
233.52000,1.01193,0.00577,0.99423
233.64000,1.01193,0.00915,0.99085
233.75999,1.01195,0.00641,0.99359
233.88000,1.01193,0.01092,0.98908
234.00000,1.01193,0.00359,0.99641
234.12000,1.01195,0.00614,0.99386
234.24001,1.01193,0.00627,0.99373
234.36000,1.01193,0.00940,0.99060
234.48000,1.01195,0.01451,0.98549
234.60001,1.01193,0.01089,0.98911
234.72000,1.01193,0.04680,0.95320
234.84000,1.01195,0.08590,0.91410
234.96001,1.01193,0.11994,0.88006
235.08000,1.01193,0.10116,0.89884
235.20000,1.01195,0.19209,0.80791
235.32001,1.01193,0.31629,0.68371
235.44000,1.01193,0.26132,0.73868
235.56000,1.01193,0.34938,0.65062
235.67999,1.01195,0.46693,0.53307
235.80000,1.01193,0.56291,0.43709
235.92000,1.01193,0.57524,0.42476
236.03999,1.01195,0.88423,0.11577
236.16000,1.01193,0.76198,0.23802
236.28000,1.01193,0.93494,0.06506
236.39999,1.01195,0.94672,0.05328
236.52000,1.01193,0.96733,0.03267
236.64000,1.01193,0.96112,0.03888
236.75999,1.01195,0.95279,0.04721
236.88000,1.01193,0.87252,0.12748
237.00000,1.01193,0.75067,0.24933
237.12000,1.01195,0.55143,0.44857
237.24001,1.01193,0.21838,0.78162
237.36000,1.01193,0.12214,0.87786
237.48000,1.01195,0.06356,0.93644
237.60001,1.01193,0.00819,0.99181
237.72000,1.01193,0.00426,0.99574
237.84000,1.01195,0.00225,0.99775
237.96001,1.01193,0.00540,0.99460
238.08000,1.01193,0.00420,0.99580
238.20000,1.01195,0.00412,0.99588
238.32001,1.01193,0.00364,0.99636
238.44000,1.01193,0.00516,0.99484
238.56000,1.01193,0.00510,0.99490
238.67999,1.01195,0.00290,0.99710
238.80000,1.01193,0.00751,0.99249
238.92000,1.01193,0.00676,0.99324
239.03999,1.01195,0.00624,0.99376
239.16000,1.01193,0.00797,0.99203
239.28000,1.01193,0.00671,0.99329
239.39999,1.01195,0.01001,0.98999
239.52000,1.01193,0.00476,0.99524
239.64000,1.01193,0.00525,0.99475
239.75999,1.01195,0.01232,0.98768
239.88000,1.01193,0.00364,0.99636
240.00000,1.01193,0.01015,0.98985
240.12000,1.01195,0.00657,0.99343
240.24001,1.01193,0.00761,0.99239
240.36000,1.01193,0.00802,0.99198
240.48000,1.01195,0.01124,0.98876
240.60001,1.01193,0.00480,0.99520
240.72000,1.01193,0.00839,0.99161
240.84000,1.01195,0.00659,0.99341
240.96001,1.01193,0.00454,0.99546
241.08000,1.01193,0.00429,0.99571
241.20000,1.01195,0.00582,0.99418
241.32001,1.01193,0.00402,0.99598
241.44000,1.01193,0.00782,0.99218
241.56000,1.01193,0.00321,0.99679
241.67999,1.01195,0.00723,0.99277
241.80000,1.01193,0.00664,0.99336
241.92000,1.01193,0.00696,0.99304
242.03999,1.01195,0.00281,0.99719
242.16000,1.01193,0.00238,0.99762
242.28000,1.01193,0.00735,0.99265
242.39999,1.01195,0.00849,0.99151
242.52000,1.01193,0.01129,0.98871
242.64000,1.01193,0.00949,0.99051
242.75999,1.01195,0.04544,0.95456
242.88000,1.01193,0.01854,0.98146
243.00000,1.01193,0.02388,0.97612
243.12000,1.01195,0.04052,0.95948
243.24001,1.01193,0.05508,0.94492
243.36000,1.01193,0.03280,0.96720
243.48000,1.01195,0.05301,0.94699
243.60001,1.01193,0.06398,0.93602
243.72000,1.01193,0.05359,0.94641
243.84000,1.01195,0.09153,0.90847
243.96001,1.01193,0.03227,0.96773
244.08000,1.01193,0.05012,0.94988
244.20000,1.01195,0.06560,0.93440
244.32001,1.01193,0.09059,0.90941
244.44000,1.01193,0.08857,0.91143
244.56000,1.01193,0.06610,0.93390
244.67999,1.01195,0.09055,0.90945
244.80000,1.01193,0.25455,0.74545
244.92000,1.01193,0.10288,0.89712
245.03999,1.01195,0.12250,0.87750
245.16000,1.01193,0.10818,0.89182
245.28000,1.01193,0.17678,0.82322
245.39999,1.01195,0.06242,0.93758
245.52000,1.01193,0.13797,0.86203
245.64000,1.01193,0.05223,0.94777
245.75999,1.01195,0.08413,0.91587
245.88000,1.01193,0.09169,0.90831
246.00000,1.01193,0.15961,0.84039
246.12000,1.01195,0.16577,0.83423
246.24001,1.01193,0.15429,0.84571
246.36000,1.01193,0.14788,0.85212
246.48000,1.01195,0.13158,0.86842
246.60001,1.01193,0.05718,0.94282
246.72000,1.01193,0.02280,0.97720
246.84000,1.01195,0.02496,0.97504
246.96001,1.01193,0.00649,0.99351
247.08000,1.01193,0.00551,0.99449
247.20000,1.01195,0.00493,0.99507
247.32001,1.01193,0.00492,0.99508
247.44000,1.01193,0.00410,0.99590
247.56000,1.01193,0.00930,0.99070
247.67999,1.01195,0.00487,0.99513
247.80000,1.01193,0.00580,0.99420
247.92000,1.01193,0.00750,0.99250
248.03999,1.01195,0.00657,0.99343
248.16000,1.01193,0.00491,0.99509
248.28000,1.01193,0.01168,0.98832
248.39999,1.01195,0.00683,0.99317
248.52000,1.01193,0.00699,0.99301
248.64000,1.01193,0.01218,0.98783
248.75999,1.01195,0.00653,0.99347
248.88000,1.01193,0.00627,0.99373
249.00000,1.01193,0.00921,0.99079
249.12000,1.01195,0.00919,0.99081
249.24001,1.01193,0.00875,0.99125
249.36000,1.01193,0.00885,0.99115
249.48000,1.01195,0.00798,0.99202
249.60001,1.01193,0.00866,0.99134
249.72000,1.01193,0.00816,0.99184
249.84000,1.01195,0.00923,0.99077
249.96001,1.01193,0.00880,0.99120
250.08000,1.01193,0.00422,0.99578
250.20000,1.01195,0.00732,0.99268
250.32001,1.01193,0.00513,0.99487
250.44000,1.01193,0.00565,0.99435
250.56000,1.01193,0.01315,0.98685
250.67999,1.01195,0.00746,0.99254
250.80000,1.01193,0.00638,0.99362
250.92000,1.01193,0.00942,0.99058
251.03999,1.01195,0.00764,0.99236
251.16000,1.01193,0.00782,0.99218
251.28000,1.01193,0.00976,0.99024
251.39999,1.01195,0.01078,0.98922
251.52000,1.01193,0.00730,0.99270
251.64000,1.01193,0.00779,0.99221
251.75999,1.01195,0.00635,0.99365
251.88000,1.01193,0.00731,0.99269
252.00000,1.01193,0.00823,0.99177
252.12000,1.01195,0.00292,0.99708
252.24001,1.01193,0.01163,0.98837
252.36000,1.01193,0.00840,0.99160
252.48000,1.01195,0.01411,0.98589
252.60001,1.01193,0.01061,0.98939
252.72000,1.01193,0.00533,0.99467
252.84000,1.01195,0.00601,0.99399
252.96001,1.01193,0.00966,0.99034
253.08000,1.01193,0.00604,0.99396
253.20000,1.01195,0.00925,0.99075
253.32001,1.01193,0.00601,0.99399
253.44000,1.01193,0.00825,0.99175
253.56000,1.01193,0.00415,0.99585
253.67999,1.01195,0.00685,0.99315
253.80000,1.01193,0.00759,0.99241
253.92000,1.01193,0.00741,0.99259
254.03999,1.01195,0.01139,0.98861
254.16000,1.01193,0.00411,0.99589
254.28000,1.01193,0.00844,0.99156
254.39999,1.01195,0.00544,0.99456
254.52000,1.01193,0.00624,0.99376
254.64000,1.01193,0.00695,0.99305
254.75999,1.01195,0.00385,0.99615
254.88000,1.01193,0.00734,0.99266
255.00000,1.01193,0.00469,0.99531
255.12000,1.01193,0.00554,0.99446
255.24001,1.01192,0.00606,0.99394
255.36000,1.01195,0.00386,0.99614
255.48000,1.01195,0.00765,0.99235
255.60001,1.01193,0.00470,0.99530
255.72000,1.01193,0.00330,0.99670
255.84000,1.01193,0.00684,0.99316
255.96001,1.01192,0.00437,0.99563
256.07999,1.01196,0.00367,0.99633
256.20001,1.01193,0.00647,0.99353
256.32001,1.01193,0.00778,0.99222
256.44000,1.01193,0.00516,0.99484
256.56000,1.01193,0.00430,0.99570
256.67999,1.01193,0.00850,0.99150
256.79999,1.01196,0.00552,0.99448
256.92001,1.01193,0.00513,0.99487
257.04001,1.01193,0.00333,0.99667
257.16000,1.01193,0.00490,0.99510
257.28000,1.01193,0.00591,0.99409
257.39999,1.01193,0.01046,0.98954
257.51999,1.01196,0.00804,0.99196
257.64001,1.01193,0.00242,0.99758
257.76001,1.01193,0.00490,0.99510
257.88000,1.01193,0.00484,0.99516
258.00000,1.01193,0.00230,0.99770
258.12000,1.01193,0.00738,0.99262
258.23999,1.01193,0.00421,0.99580
258.35999,1.01196,0.00405,0.99595
258.48001,1.01193,0.00499,0.99501
258.60001,1.01193,0.00363,0.99637
258.72000,1.01193,0.00592,0.99408
258.84000,1.01193,0.00697,0.99303
258.95999,1.01193,0.00593,0.99407
259.07999,1.01196,0.00269,0.99731
259.20001,1.01193,0.00608,0.99392
259.32001,1.01193,0.00564,0.99436
259.44000,1.01193,0.00568,0.99432
259.56000,1.01193,0.00407,0.99593
259.67999,1.01193,0.00644,0.99356
259.79999,1.01196,0.00344,0.99656
259.92001,1.01193,0.00518,0.99482
260.04001,1.01193,0.00551,0.99449
260.16000,1.01193,0.00640,0.99360
260.28000,1.01193,0.00299,0.99701
260.39999,1.01193,0.00612,0.99388
260.51999,1.01196,0.00784,0.99216
260.64001,1.01193,0.00494,0.99506
260.76001,1.01193,0.00656,0.99344
260.88000,1.01193,0.00537,0.99463
261.00000,1.01193,0.00605,0.99395
261.12000,1.01193,0.00591,0.99409
261.23999,1.01193,0.00598,0.99402
261.35999,1.01196,0.00516,0.99484
261.48001,1.01193,0.00608,0.99392
261.60001,1.01193,0.00307,0.99693
261.72000,1.01193,0.00797,0.99203
261.84000,1.01193,0.00535,0.99465
261.95999,1.01193,0.01016,0.98984
262.07999,1.01196,0.00392,0.99608
262.20001,1.01193,0.00629,0.99371
262.32001,1.01193,0.00603,0.99397
262.44000,1.01193,0.00861,0.99139
262.56000,1.01193,0.00513,0.99487
262.67999,1.01193,0.00663,0.99337
262.79999,1.01196,0.01117,0.98883
262.92001,1.01193,0.00481,0.99519
263.04001,1.01193,0.00594,0.99406
263.16000,1.01193,0.01035,0.98965
263.28000,1.01193,0.00535,0.99465
263.39999,1.01193,0.00654,0.99346
263.51999,1.01196,0.00907,0.99093
263.64001,1.01193,0.00562,0.99438
263.76001,1.01193,0.01142,0.98858
263.88000,1.01193,0.00601,0.99399
264.00000,1.01193,0.01029,0.98971
264.12000,1.01193,0.00706,0.99294
264.23999,1.01193,0.01971,0.98029
264.35999,1.01196,0.00654,0.99346
264.48001,1.01193,0.00865,0.99135
264.60001,1.01193,0.00742,0.99258
264.72000,1.01193,0.00675,0.99325
264.84000,1.01193,0.00840,0.99160
264.95999,1.01193,0.00405,0.99595
265.07999,1.01196,0.00995,0.99005
265.20001,1.01193,0.00209,0.99791
265.32001,1.01193,0.00696,0.99304
265.44000,1.01193,0.00461,0.99539
265.56000,1.01193,0.00396,0.99604
265.67999,1.01193,0.00680,0.99320
265.79999,1.01196,0.01051,0.98949
265.92001,1.01193,0.00535,0.99465
266.04001,1.01193,0.00824,0.99176
266.16000,1.01193,0.00840,0.99160
266.28000,1.01193,0.00439,0.99561
266.39999,1.01193,0.01365,0.98635
266.51999,1.01196,0.01234,0.98766
266.64001,1.01193,0.00718,0.99282
266.76001,1.01193,0.01103,0.98897
266.88000,1.01193,0.01136,0.98864
267.00000,1.01193,0.00753,0.99247
267.12000,1.01193,0.01140,0.98860
267.23999,1.01193,0.00907,0.99093
267.35999,1.01196,0.01284,0.98716
267.48001,1.01193,0.01138,0.98862
267.60001,1.01193,0.00950,0.99050
267.72000,1.01193,0.01270,0.98730
267.84000,1.01193,0.00828,0.99172
267.95999,1.01193,0.01123,0.98877
268.07999,1.01196,0.01252,0.98748
268.20001,1.01193,0.00771,0.99229
268.32001,1.01193,0.01068,0.98932
268.44000,1.01193,0.01644,0.98356
268.56000,1.01193,0.00929,0.99071
268.67999,1.01193,0.01218,0.98782
268.79999,1.01196,0.01034,0.98966
268.92001,1.01193,0.00939,0.99061
269.04001,1.01193,0.00780,0.99220
269.16000,1.01193,0.01012,0.98988
269.28000,1.01193,0.00800,0.99200
269.39999,1.01193,0.01343,0.98657
269.51999,1.01196,0.00807,0.99193
269.64001,1.01193,0.01051,0.98949
269.76001,1.01193,0.01775,0.98225
269.88000,1.01193,0.00913,0.99087
270.00000,1.01193,0.02675,0.97325
270.12000,1.01193,0.01174,0.98826
270.23999,1.01193,0.01340,0.98660
270.35999,1.01196,0.01857,0.98143
270.48001,1.01193,0.01828,0.98172
270.60001,1.01193,0.03259,0.96741
270.72000,1.01193,0.03356,0.96644
270.84000,1.01193,0.16475,0.83525
270.95999,1.01193,0.09239,0.90761
271.07999,1.01196,0.24218,0.75782
271.20001,1.01193,0.18044,0.81956
271.32001,1.01193,0.21968,0.78032
271.44000,1.01193,0.24349,0.75651
271.56000,1.01193,0.10997,0.89003
271.67999,1.01193,0.27319,0.72681
271.79999,1.01196,0.15047,0.84953
271.92001,1.01193,0.14176,0.85824
272.04001,1.01193,0.04196,0.95804
272.16000,1.01193,0.16186,0.83814
272.28000,1.01193,0.12661,0.87339
272.39999,1.01193,0.08958,0.91042
272.51999,1.01196,0.10476,0.89524
272.64001,1.01193,0.15467,0.84533
272.76001,1.01193,0.13248,0.86752
272.88000,1.01193,0.08364,0.91636
273.00000,1.01193,0.10825,0.89175
273.12000,1.01193,0.10580,0.89420
273.23999,1.01193,0.24679,0.75321
273.35999,1.01196,0.29452,0.70548
273.48001,1.01193,0.07648,0.92352
273.60001,1.01193,0.13144,0.86856
273.72000,1.01193,0.15532,0.84468
273.84000,1.01193,0.10863,0.89137
273.95999,1.01193,0.28190,0.71810
274.07999,1.01196,0.29025,0.70975
274.20001,1.01193,0.12503,0.87497
274.32001,1.01193,0.04787,0.95213
274.44000,1.01193,0.15609,0.84391
274.56000,1.01193,0.08574,0.91426
274.67999,1.01193,0.05843,0.94157
274.79999,1.01196,0.02712,0.97288
274.92001,1.01193,0.01353,0.98647
275.04001,1.01193,0.00431,0.99569
275.16000,1.01193,0.00752,0.99248
275.28000,1.01193,0.01041,0.98959
275.39999,1.01193,0.00840,0.99160
275.51999,1.01196,0.00685,0.99315
275.64001,1.01193,0.01661,0.98339
275.76001,1.01193,0.01180,0.98820
275.88000,1.01193,0.01588,0.98412
276.00000,1.01193,0.01044,0.98956
276.12000,1.01193,0.00676,0.99324
276.23999,1.01193,0.01092,0.98908
276.35999,1.01196,0.00781,0.99219
276.48001,1.01193,0.01448,0.98552
276.60001,1.01193,0.01057,0.98943
276.72000,1.01193,0.01330,0.98670
276.84000,1.01193,0.00740,0.99260
276.95999,1.01193,0.01014,0.98986
277.07999,1.01196,0.00785,0.99215
277.20001,1.01193,0.00886,0.99114
277.32001,1.01193,0.00636,0.99364
277.44000,1.01193,0.00484,0.99516
277.56000,1.01193,0.01153,0.98847
277.67999,1.01193,0.00464,0.99536
277.79999,1.01196,0.00451,0.99549
277.92001,1.01193,0.00991,0.99009
278.04001,1.01193,0.00853,0.99147
278.16000,1.01193,0.00649,0.99351
278.28000,1.01193,0.01053,0.98947
278.39999,1.01193,0.00576,0.99424
278.51999,1.01196,0.00768,0.99232
278.64001,1.01193,0.00685,0.99315
278.76001,1.01193,0.00908,0.99092
278.88000,1.01193,0.00922,0.99078
279.00000,1.01193,0.00994,0.99006
279.12000,1.01193,0.00469,0.99531
279.23999,1.01193,0.01264,0.98736
279.35999,1.01196,0.00985,0.99015
279.48001,1.01193,0.01272,0.98728
279.60001,1.01193,0.00669,0.99331
279.72000,1.01193,0.00951,0.99049
279.84000,1.01193,0.01408,0.98592
279.95999,1.01193,0.00565,0.99435
280.07999,1.01196,0.00986,0.99014
280.20001,1.01193,0.01929,0.98071
280.32001,1.01193,0.01011,0.98989
280.44000,1.01193,0.01334,0.98666
280.56000,1.01193,0.00942,0.99058
280.67999,1.01193,0.01040,0.98960
280.79999,1.01196,0.01648,0.98352
280.92001,1.01193,0.01417,0.98583
281.04001,1.01193,0.00941,0.99059
281.16000,1.01193,0.01139,0.98861
281.28000,1.01193,0.00764,0.99236
281.39999,1.01193,0.01160,0.98840
281.51999,1.01196,0.01405,0.98595
281.64001,1.01193,0.01672,0.98328
281.76001,1.01193,0.01374,0.98626
281.88000,1.01193,0.01324,0.98676
282.00000,1.01193,0.01509,0.98491
282.12000,1.01193,0.01631,0.98369
282.23999,1.01193,0.00684,0.99316
282.35999,1.01196,0.00723,0.99277
282.48001,1.01193,0.01675,0.98325
282.60001,1.01193,0.00678,0.99322
282.72000,1.01193,0.01084,0.98916
282.84000,1.01193,0.00879,0.99121
282.95999,1.01193,0.00669,0.99331
283.07999,1.01196,0.00879,0.99121
283.20001,1.01193,0.00942,0.99058
283.32001,1.01193,0.00853,0.99147
283.44000,1.01193,0.01710,0.98290
283.56000,1.01193,0.01056,0.98944
283.67999,1.01193,0.01243,0.98757
283.79999,1.01196,0.01561,0.98439
283.92001,1.01193,0.01059,0.98941
284.04001,1.01193,0.01662,0.98338
284.16000,1.01193,0.01461,0.98539
284.28000,1.01193,0.01042,0.98958
284.39999,1.01193,0.01376,0.98624
284.51999,1.01196,0.00964,0.99036
284.64001,1.01193,0.01100,0.98900
284.76001,1.01193,0.01706,0.98294
284.88000,1.01193,0.00997,0.99003
285.00000,1.01193,0.00851,0.99149
285.12000,1.01193,0.01665,0.98335
285.23999,1.01193,0.01236,0.98764
285.35999,1.01196,0.03782,0.96218
285.48001,1.01193,0.01497,0.98503
285.60001,1.01193,0.02194,0.97806
285.72000,1.01193,0.01441,0.98559
285.84000,1.01193,0.03775,0.96225
285.95999,1.01193,0.01693,0.98307
286.07999,1.01196,0.02085,0.97915
286.20001,1.01193,0.01283,0.98717
286.32001,1.01193,0.01100,0.98900
286.44000,1.01193,0.01094,0.98906
286.56000,1.01193,0.00904,0.99096
286.67999,1.01193,0.01024,0.98976
286.79999,1.01196,0.00891,0.99109
286.92001,1.01193,0.01043,0.98957
287.04001,1.01193,0.01358,0.98642
287.16000,1.01193,0.00797,0.99203
287.28000,1.01193,0.00944,0.99056
287.39999,1.01193,0.00776,0.99224
287.51999,1.01196,0.01487,0.98513
287.64001,1.01193,0.01409,0.98591
287.76001,1.01193,0.01244,0.98756
287.88000,1.01193,0.00895,0.99105
288.00000,1.01193,0.01522,0.98478
288.12000,1.01193,0.00922,0.99078
288.23999,1.01193,0.00981,0.99019
288.35999,1.01196,0.00930,0.99070
288.48001,1.01193,0.00927,0.99073
288.60001,1.01193,0.01132,0.98868
288.72000,1.01193,0.01143,0.98857
288.84000,1.01193,0.00562,0.99438
288.95999,1.01193,0.00920,0.99080
289.07999,1.01196,0.00723,0.99277
289.20001,1.01193,0.01066,0.98934
289.32001,1.01193,0.01432,0.98568
289.44000,1.01193,0.01211,0.98789
289.56000,1.01193,0.01085,0.98915
289.67999,1.01193,0.00895,0.99105
289.79999,1.01196,0.01344,0.98656
289.92001,1.01193,0.01394,0.98606
290.04001,1.01193,0.02806,0.97194
290.16000,1.01193,0.00667,0.99333
290.28000,1.01193,0.02366,0.97635
290.39999,1.01193,0.01100,0.98900
290.51999,1.01196,0.01238,0.98762
290.64001,1.01193,0.01380,0.98620
290.76001,1.01193,0.01303,0.98697
290.88000,1.01193,0.00586,0.99414
291.00000,1.01193,0.01754,0.98246
291.12000,1.01193,0.00887,0.99113
291.23999,1.01193,0.01966,0.98034
291.35999,1.01196,0.01478,0.98522
291.48001,1.01193,0.00891,0.99109
291.60001,1.01193,0.02388,0.97612
291.72000,1.01193,0.01459,0.98541
291.84000,1.01193,0.02524,0.97476
291.95999,1.01193,0.01612,0.98388
292.07999,1.01196,0.00939,0.99061
292.20001,1.01193,0.01716,0.98284
292.32001,1.01193,0.01914,0.98086
292.44000,1.01193,0.01135,0.98865
292.56000,1.01193,0.02063,0.97937
292.67999,1.01193,0.01571,0.98429
292.79999,1.01196,0.02771,0.97229
292.92001,1.01193,0.01620,0.98380
293.04001,1.01193,0.02237,0.97763
293.16000,1.01193,0.01843,0.98157
293.28000,1.01193,0.01951,0.98049
293.39999,1.01193,0.01306,0.98694
293.51999,1.01196,0.01527,0.98473
293.64001,1.01193,0.03408,0.96592
293.76001,1.01193,0.01333,0.98667
293.88000,1.01193,0.03590,0.96410
294.00000,1.01193,0.02688,0.97312
294.12000,1.01193,0.01757,0.98243
294.23999,1.01193,0.01434,0.98566
294.35999,1.01196,0.01229,0.98771
294.48001,1.01193,0.02684,0.97316
294.60001,1.01193,0.00857,0.99143
294.72000,1.01193,0.00965,0.99035
294.84000,1.01193,0.01213,0.98787
294.95999,1.01193,0.01805,0.98195
295.07999,1.01196,0.02664,0.97336
295.20001,1.01193,0.01898,0.98102
295.32001,1.01193,0.02021,0.97979
295.44000,1.01193,0.01435,0.98565
295.56000,1.01193,0.01885,0.98115
295.67999,1.01193,0.01975,0.98025
295.79999,1.01196,0.01226,0.98774
295.92001,1.01193,0.02481,0.97519
296.04001,1.01193,0.01025,0.98975
296.16000,1.01193,0.02719,0.97281
296.28000,1.01193,0.02737,0.97263
296.39999,1.01193,0.02684,0.97316
296.51999,1.01196,0.02825,0.97175
296.64001,1.01193,0.01436,0.98564
296.76001,1.01193,0.02973,0.97027
296.88000,1.01193,0.02028,0.97972
297.00000,1.01193,0.02548,0.97452
297.12000,1.01193,0.01788,0.98212
297.23999,1.01193,0.01746,0.98254
297.35999,1.01196,0.02884,0.97116
297.48001,1.01193,0.01677,0.98323
297.60001,1.01193,0.01993,0.98007
297.72000,1.01193,0.01313,0.98687
297.84000,1.01193,0.01681,0.98319
297.95999,1.01193,0.00894,0.99106
298.07999,1.01196,0.01009,0.98991
298.20001,1.01193,0.01192,0.98808
298.32001,1.01193,0.01053,0.98947
298.44000,1.01193,0.01314,0.98686
298.56000,1.01193,0.01619,0.98381
298.67999,1.01193,0.00903,0.99097
298.79999,1.01196,0.02234,0.97766
298.92001,1.01193,0.01593,0.98407
299.04001,1.01193,0.01217,0.98783
299.16000,1.01193,0.01659,0.98341
299.28000,1.01193,0.02121,0.97879
299.39999,1.01193,0.03177,0.96823
299.51999,1.01196,0.01764,0.98236
299.64001,1.01193,0.03277,0.96723
299.76001,1.01193,0.01746,0.98254
299.88000,1.01193,0.02641,0.97359
300.00000,1.01193,0.02633,0.97367
300.12000,1.01193,0.02922,0.97078
300.23999,1.01193,0.01971,0.98029
300.35999,1.01196,0.01114,0.98886
300.48001,1.01193,0.02572,0.97428
300.60001,1.01193,0.00820,0.99180
300.72000,1.01193,0.01976,0.98024
300.84000,1.01193,0.01308,0.98692
300.95999,1.01193,0.01580,0.98420
301.07999,1.01196,0.00970,0.99030
301.20001,1.01193,0.02218,0.97781
301.32001,1.01193,0.02452,0.97548
301.44000,1.01193,0.03928,0.96072
301.56000,1.01193,0.01675,0.98325
301.67999,1.01193,0.01757,0.98243
301.79999,1.01196,0.02381,0.97619
301.92001,1.01193,0.02552,0.97448
302.04001,1.01193,0.02783,0.97217
302.16000,1.01193,0.06226,0.93774
302.28000,1.01193,0.02905,0.97095
302.39999,1.01193,0.03565,0.96435
302.51999,1.01196,0.02856,0.97144
302.64001,1.01193,0.04858,0.95142
302.76001,1.01193,0.01733,0.98267
302.88000,1.01193,0.05372,0.94628
303.00000,1.01193,0.02497,0.97503
303.12000,1.01193,0.04725,0.95275
303.23999,1.01193,0.01537,0.98463
303.35999,1.01196,0.03382,0.96618
303.48001,1.01193,0.02404,0.97596
303.60001,1.01193,0.02484,0.97516
303.72000,1.01193,0.02161,0.97839
303.84000,1.01193,0.01597,0.98403
303.95999,1.01193,0.02670,0.97330
304.07999,1.01196,0.01369,0.98631
304.20001,1.01193,0.02809,0.97191
304.32001,1.01193,0.02551,0.97449
304.44000,1.01193,0.03310,0.96690
304.56000,1.01193,0.02810,0.97190
304.67999,1.01193,0.01336,0.98664
304.79999,1.01196,0.02527,0.97473
304.92001,1.01193,0.02114,0.97886
305.04001,1.01193,0.02408,0.97592
305.16000,1.01193,0.02986,0.97014
305.28000,1.01193,0.01789,0.98211
305.39999,1.01193,0.02942,0.97058
305.51999,1.01196,0.01548,0.98452
305.64001,1.01193,0.01462,0.98538
305.76001,1.01193,0.02059,0.97941
305.88000,1.01193,0.01849,0.98151
306.00000,1.01193,0.03581,0.96419
306.12000,1.01193,0.03524,0.96476
306.23999,1.01193,0.02797,0.97203
306.35999,1.01196,0.02978,0.97022
306.48001,1.01193,0.01761,0.98239
306.60001,1.01193,0.04997,0.95003
306.72000,1.01193,0.02670,0.97330
306.84000,1.01193,0.03304,0.96696
306.95999,1.01193,0.01637,0.98363
307.07999,1.01196,0.03474,0.96526
307.20001,1.01193,0.04239,0.95761
307.32001,1.01193,0.02223,0.97777
307.44000,1.01193,0.06546,0.93454
307.56000,1.01193,0.02389,0.97611
307.67999,1.01193,0.05115,0.94885
307.79999,1.01196,0.02421,0.97579
307.92001,1.01193,0.03498,0.96502
308.04001,1.01193,0.04522,0.95478
308.16000,1.01193,0.01301,0.98699
308.28000,1.01193,0.02836,0.97164
308.39999,1.01193,0.02499,0.97501
308.51999,1.01196,0.03164,0.96836
308.64001,1.01193,0.03247,0.96753
308.76001,1.01193,0.02055,0.97945
308.88000,1.01193,0.02248,0.97752
309.00000,1.01193,0.01736,0.98264
309.12000,1.01193,0.02022,0.97978
309.23999,1.01193,0.03428,0.96572
309.35999,1.01196,0.02014,0.97986
309.48001,1.01193,0.01918,0.98082
309.60001,1.01193,0.01333,0.98667
309.72000,1.01193,0.02518,0.97482
309.84000,1.01193,0.01685,0.98315
309.95999,1.01193,0.01729,0.98271
310.07999,1.01196,0.01020,0.98980
310.20001,1.01193,0.02174,0.97826
310.32001,1.01193,0.04570,0.95430
310.44000,1.01193,0.01169,0.98831
310.56000,1.01193,0.03644,0.96356
310.67999,1.01193,0.01646,0.98354
310.79999,1.01196,0.05201,0.94799
310.92001,1.01193,0.02374,0.97626
311.04001,1.01193,0.03342,0.96658
311.16000,1.01193,0.02013,0.97987
311.28000,1.01193,0.04175,0.95825
311.39999,1.01193,0.04583,0.95417
311.51999,1.01196,0.03737,0.96263
311.64001,1.01193,0.03840,0.96160
311.76001,1.01193,0.03296,0.96704
311.88000,1.01193,0.03347,0.96653
312.00000,1.01193,0.02688,0.97312
312.12000,1.01193,0.02924,0.97076
312.23999,1.01193,0.01181,0.98819
312.35999,1.01196,0.02644,0.97356
312.48001,1.01193,0.03285,0.96715
312.60001,1.01193,0.02790,0.97210
312.72000,1.01193,0.05160,0.94840
312.84000,1.01193,0.02934,0.97066
312.95999,1.01193,0.08087,0.91913
313.07999,1.01196,0.06167,0.93833
313.20001,1.01193,0.05214,0.94786
313.32001,1.01193,0.04872,0.95128
313.44000,1.01193,0.03475,0.96525
313.56000,1.01193,0.05067,0.94933
313.67999,1.01193,0.04474,0.95526
313.79999,1.01196,0.02736,0.97264
313.92001,1.01193,0.03856,0.96144
314.04001,1.01193,0.03187,0.96813
314.16000,1.01193,0.04063,0.95937
314.28000,1.01193,0.01564,0.98436
314.39999,1.01193,0.04264,0.95736
314.51999,1.01196,0.01626,0.98374
314.64001,1.01193,0.04679,0.95321
314.76001,1.01193,0.02265,0.97735
314.88000,1.01193,0.03269,0.96731
315.00000,1.01193,0.02370,0.97630
315.12000,1.01193,0.02051,0.97949
315.23999,1.01193,0.02872,0.97128
315.35999,1.01196,0.01836,0.98164
315.48001,1.01193,0.02918,0.97082
315.60001,1.01193,0.01607,0.98393
315.72000,1.01193,0.01875,0.98125
315.84000,1.01193,0.01605,0.98395
315.95999,1.01193,0.02448,0.97552
316.07999,1.01196,0.02046,0.97954
316.20001,1.01193,0.02010,0.97990
316.32001,1.01193,0.03177,0.96823
316.44000,1.01193,0.03187,0.96813
316.56000,1.01193,0.03927,0.96073
316.67999,1.01193,0.05831,0.94169
316.79999,1.01196,0.04473,0.95527
316.92001,1.01193,0.04763,0.95237
317.04001,1.01193,0.02751,0.97249
317.16000,1.01193,0.05611,0.94389
317.28000,1.01193,0.05517,0.94483
317.39999,1.01193,0.05208,0.94792
317.51999,1.01196,0.03131,0.96869
317.64001,1.01193,0.05205,0.94795
317.76001,1.01193,0.01677,0.98323
317.88000,1.01193,0.03669,0.96331
318.00000,1.01193,0.02150,0.97850
318.12000,1.01193,0.02824,0.97176
318.23999,1.01193,0.02173,0.97827
318.35999,1.01196,0.02733,0.97267
318.48001,1.01193,0.02496,0.97504
318.60001,1.01193,0.01195,0.98805
318.72000,1.01193,0.03509,0.96491
318.84000,1.01193,0.01715,0.98285
318.95999,1.01193,0.03639,0.96361
319.07999,1.01196,0.02225,0.97775
319.20001,1.01193,0.03699,0.96301
319.32001,1.01193,0.02359,0.97641
319.44000,1.01193,0.03009,0.96991
319.56000,1.01193,0.03530,0.96470
319.67999,1.01193,0.03886,0.96114
319.79999,1.01196,0.02368,0.97632
319.92001,1.01193,0.04115,0.95885
320.04001,1.01193,0.01732,0.98268
320.16000,1.01193,0.09194,0.90806
320.28000,1.01193,0.01350,0.98650
320.39999,1.01193,0.02907,0.97093
320.51999,1.01196,0.02411,0.97589
320.64001,1.01193,0.02415,0.97585
320.76001,1.01193,0.04880,0.95120
320.88000,1.01193,0.01828,0.98172
321.00000,1.01193,0.03296,0.96704
321.12000,1.01193,0.01339,0.98662
321.23999,1.01193,0.03756,0.96244
321.35999,1.01196,0.02261,0.97739
321.48001,1.01193,0.03035,0.96965
321.60001,1.01193,0.02241,0.97759
321.72000,1.01193,0.04704,0.95296
321.84000,1.01193,0.01741,0.98259
321.95999,1.01193,0.02711,0.97289
322.07999,1.01196,0.02713,0.97287
322.20001,1.01193,0.01603,0.98397
322.32001,1.01193,0.02494,0.97506
322.44000,1.01193,0.03341,0.96659
322.56000,1.01193,0.02920,0.97080
322.67999,1.01193,0.02049,0.97951
322.79999,1.01196,0.03160,0.96840
322.92001,1.01193,0.03987,0.96013
323.04001,1.01193,0.03008,0.96992
323.16000,1.01193,0.03949,0.96051
323.28000,1.01193,0.04526,0.95474
323.39999,1.01193,0.02579,0.97421
323.51999,1.01196,0.03129,0.96871
323.64001,1.01193,0.02260,0.97740
323.76001,1.01193,0.02860,0.97140
323.88000,1.01193,0.02974,0.97026
324.00000,1.01193,0.04909,0.95091
324.12000,1.01193,0.03501,0.96499
324.23999,1.01193,0.11014,0.88986
324.35999,1.01196,0.04629,0.95371
324.48001,1.01193,0.06316,0.93684
324.60001,1.01193,0.05563,0.94437
324.72000,1.01193,0.13503,0.86497
324.84000,1.01193,0.05002,0.94998
324.95999,1.01193,0.07474,0.92526
325.07999,1.01196,0.05389,0.94611
325.20001,1.01193,0.10414,0.89586
325.32001,1.01193,0.05053,0.94947
325.44000,1.01193,0.06755,0.93245
325.56000,1.01193,0.05993,0.94007
325.67999,1.01193,0.03142,0.96858
325.79999,1.01196,0.05071,0.94929
325.92001,1.01193,0.03106,0.96894
326.04001,1.01193,0.03387,0.96613
326.16000,1.01193,0.02595,0.97405
326.28000,1.01193,0.03010,0.96990
326.39999,1.01193,0.02321,0.97679
326.51999,1.01196,0.03393,0.96607
326.64001,1.01193,0.05826,0.94174
326.76001,1.01193,0.02102,0.97898
326.88000,1.01193,0.03659,0.96341
327.00000,1.01193,0.03192,0.96808
327.12000,1.01193,0.04612,0.95388
327.23999,1.01193,0.04300,0.95700
327.35999,1.01196,0.03306,0.96694
327.48001,1.01193,0.03521,0.96479
327.60001,1.01193,0.03449,0.96551
327.72000,1.01193,0.04050,0.95950
327.84000,1.01193,0.02358,0.97642
327.95999,1.01193,0.02768,0.97232
328.07999,1.01196,0.02466,0.97534
328.20001,1.01193,0.01723,0.98277
328.32001,1.01193,0.01701,0.98299
328.44000,1.01193,0.02155,0.97845
328.56000,1.01193,0.01003,0.98997
328.67999,1.01193,0.01682,0.98318
328.79999,1.01196,0.02401,0.97599
328.92001,1.01193,0.01469,0.98531
329.04001,1.01193,0.04439,0.95561
329.16000,1.01193,0.05172,0.94828
329.28000,1.01193,0.06630,0.93370
329.39999,1.01193,0.04607,0.95393
329.51999,1.01196,0.05242,0.94758
329.64001,1.01193,0.03961,0.96039
329.76001,1.01193,0.04388,0.95612
329.88000,1.01193,0.02881,0.97119
330.00000,1.01193,0.03199,0.96801
330.12000,1.01193,0.03025,0.96975
330.23999,1.01193,0.01994,0.98006
330.35999,1.01196,0.02145,0.97855
330.48001,1.01193,0.01952,0.98048
330.60001,1.01193,0.02397,0.97603
330.72000,1.01193,0.01935,0.98065
330.84000,1.01193,0.03004,0.96996
330.95999,1.01193,0.03674,0.96326
331.07999,1.01196,0.03646,0.96354
331.20001,1.01193,0.03541,0.96459
331.32001,1.01193,0.03120,0.96880
331.44000,1.01193,0.03185,0.96815
331.56000,1.01193,0.02457,0.97543
331.67999,1.01193,0.02171,0.97829
331.79999,1.01196,0.02682,0.97318
331.92001,1.01193,0.05070,0.94930
332.04001,1.01193,0.03692,0.96308
332.16000,1.01193,0.03381,0.96619
332.28000,1.01193,0.04365,0.95635
332.39999,1.01193,0.02499,0.97501
332.51999,1.01196,0.04132,0.95868
332.64001,1.01193,0.03981,0.96019
332.76001,1.01193,0.02555,0.97445
332.88000,1.01193,0.02222,0.97778
333.00000,1.01193,0.03977,0.96023
333.12000,1.01193,0.02672,0.97328
333.23999,1.01193,0.02490,0.97510
333.35999,1.01196,0.03768,0.96232
333.48001,1.01193,0.04133,0.95867
333.60001,1.01193,0.02316,0.97684
333.72000,1.01193,0.03034,0.96966
333.84000,1.01193,0.06284,0.93716
333.95999,1.01193,0.02888,0.97112
334.07999,1.01196,0.06647,0.93353
334.20001,1.01193,0.03263,0.96737
334.32001,1.01193,0.07081,0.92919
334.44000,1.01193,0.04356,0.95644
334.56000,1.01193,0.11349,0.88651
334.67999,1.01193,0.03528,0.96472
334.79999,1.01196,0.06620,0.93380
334.92001,1.01193,0.05334,0.94666
335.04001,1.01193,0.08288,0.91712
335.16000,1.01193,0.08750,0.91250
335.28000,1.01193,0.05434,0.94566
335.39999,1.01193,0.05878,0.94122
335.51999,1.01196,0.05231,0.94769
335.64001,1.01193,0.07310,0.92690
335.76001,1.01193,0.03658,0.96342
335.88000,1.01193,0.07454,0.92546
336.00000,1.01193,0.02857,0.97143
336.12000,1.01193,0.06798,0.93202
336.23999,1.01193,0.03868,0.96132
336.35999,1.01196,0.09398,0.90602
336.48001,1.01193,0.04174,0.95826
336.60001,1.01193,0.07440,0.92560
336.72000,1.01193,0.03549,0.96451
336.84000,1.01193,0.12911,0.87089
336.95999,1.01193,0.03144,0.96856
337.07999,1.01196,0.07889,0.92111
337.20001,1.01193,0.05765,0.94235
337.32001,1.01193,0.05829,0.94171
337.44000,1.01193,0.04998,0.95002
337.56000,1.01193,0.09550,0.90450
337.67999,1.01193,0.04419,0.95581
337.79999,1.01196,0.04896,0.95104
337.92001,1.01193,0.08433,0.91567
338.04001,1.01193,0.04741,0.95259
338.16000,1.01193,0.05559,0.94441
338.28000,1.01193,0.02297,0.97703
338.39999,1.01193,0.03768,0.96232
338.51999,1.01196,0.02704,0.97296
338.64001,1.01193,0.04412,0.95588
338.76001,1.01193,0.02668,0.97332
338.88000,1.01193,0.02425,0.97575
339.00000,1.01193,0.02779,0.97221
339.12000,1.01193,0.04095,0.95905
339.23999,1.01193,0.02371,0.97629
339.35999,1.01196,0.02850,0.97150
339.48001,1.01193,0.04791,0.95209
339.60001,1.01193,0.03119,0.96881
339.72000,1.01193,0.02880,0.97120
339.84000,1.01193,0.03872,0.96128
339.95999,1.01193,0.01946,0.98054
340.07999,1.01196,0.06687,0.93313
340.20001,1.01193,0.08525,0.91475
340.32001,1.01193,0.04713,0.95287
340.44000,1.01193,0.06652,0.93348
340.56000,1.01193,0.09208,0.90792
340.67999,1.01193,0.08968,0.91032
340.79999,1.01196,0.05828,0.94172
340.92001,1.01193,0.06454,0.93546
341.04001,1.01193,0.08335,0.91665
341.16000,1.01193,0.03614,0.96386
341.28000,1.01193,0.05902,0.94098
341.39999,1.01193,0.08987,0.91013
341.51999,1.01196,0.04617,0.95383
341.64001,1.01193,0.04683,0.95317
341.76001,1.01193,0.05918,0.94082
341.88000,1.01193,0.04551,0.95449
342.00000,1.01193,0.03468,0.96532
342.12000,1.01193,0.04093,0.95907
342.23999,1.01193,0.03945,0.96055
342.35999,1.01196,0.03884,0.96117
342.48001,1.01193,0.05256,0.94744
342.60001,1.01193,0.05349,0.94651
342.72000,1.01193,0.06245,0.93755
342.84000,1.01193,0.13444,0.86556
342.95999,1.01193,0.06576,0.93424
343.07999,1.01196,0.06862,0.93138
343.20001,1.01193,0.06751,0.93249
343.32001,1.01193,0.06617,0.93383
343.44000,1.01193,0.03896,0.96104
343.56000,1.01193,0.04768,0.95232
343.67999,1.01193,0.02990,0.97010
343.79999,1.01196,0.05172,0.94828
343.92001,1.01193,0.03387,0.96613
344.04001,1.01193,0.05836,0.94164
344.16000,1.01193,0.03461,0.96539
344.28000,1.01193,0.04945,0.95055
344.39999,1.01193,0.03434,0.96566
344.51999,1.01196,0.03398,0.96602
344.64001,1.01193,0.03739,0.96261
344.76001,1.01193,0.05807,0.94193
344.88000,1.01193,0.03949,0.96051
345.00000,1.01193,0.05279,0.94721
345.12000,1.01193,0.05754,0.94246
345.23999,1.01193,0.03151,0.96849
345.35999,1.01196,0.05689,0.94311
345.48001,1.01193,0.03632,0.96368
345.60001,1.01193,0.03695,0.96305
345.72000,1.01193,0.02788,0.97212
345.84000,1.01193,0.05497,0.94503
345.95999,1.01193,0.06251,0.93749
346.07999,1.01196,0.03861,0.96139
346.20001,1.01193,0.02495,0.97505
346.32001,1.01193,0.04268,0.95732
346.44000,1.01193,0.03300,0.96700
346.56000,1.01193,0.02552,0.97448
346.67999,1.01193,0.03187,0.96813
346.79999,1.01196,0.04512,0.95488
346.92001,1.01193,0.03081,0.96919
347.04001,1.01193,0.04117,0.95883
347.16000,1.01193,0.03258,0.96742
347.28000,1.01193,0.08227,0.91773
347.39999,1.01193,0.09065,0.90935
347.51999,1.01196,0.05748,0.94252
347.64001,1.01193,0.06083,0.93917
347.76001,1.01193,0.08568,0.91432
347.88000,1.01193,0.08115,0.91885
348.00000,1.01193,0.11350,0.88650
348.12000,1.01193,0.04600,0.95400
348.23999,1.01193,0.08298,0.91702
348.35999,1.01196,0.05697,0.94303
348.48001,1.01193,0.05488,0.94512
348.60001,1.01193,0.06000,0.94000
348.72000,1.01193,0.05825,0.94175
348.84000,1.01193,0.03034,0.96966
348.95999,1.01193,0.01992,0.98008
349.07999,1.01196,0.04368,0.95632
349.20001,1.01193,0.03822,0.96178
349.32001,1.01193,0.04586,0.95414
349.44000,1.01193,0.07346,0.92654
349.56000,1.01193,0.03183,0.96817
349.67999,1.01193,0.08655,0.91345
349.79999,1.01196,0.07456,0.92544
349.92001,1.01193,0.07244,0.92756
350.04001,1.01193,0.05193,0.94807
350.16000,1.01193,0.06555,0.93445
350.28000,1.01193,0.08412,0.91588
350.39999,1.01193,0.04035,0.95965
350.51999,1.01196,0.06735,0.93265
350.64001,1.01193,0.05982,0.94018
350.76001,1.01193,0.06848,0.93152
350.88000,1.01193,0.04359,0.95641
351.00000,1.01193,0.10964,0.89036
351.12000,1.01193,0.04855,0.95145
351.23999,1.01193,0.08433,0.91567
351.35999,1.01196,0.09478,0.90522
351.48001,1.01193,0.07400,0.92600
351.60001,1.01193,0.07664,0.92336
351.72000,1.01193,0.03956,0.96044
351.84000,1.01193,0.05194,0.94806
351.95999,1.01193,0.04587,0.95413
352.07999,1.01196,0.05157,0.94843
352.20001,1.01193,0.03202,0.96798
352.32001,1.01193,0.06786,0.93214
352.44000,1.01193,0.03418,0.96582
352.56000,1.01193,0.03423,0.96577
352.67999,1.01193,0.02302,0.97698
352.79999,1.01196,0.14091,0.85909
352.92001,1.01193,0.03260,0.96740
353.04001,1.01193,0.05611,0.94389
353.16000,1.01193,0.02853,0.97147
353.28000,1.01193,0.07320,0.92680
353.39999,1.01193,0.03113,0.96887
353.51999,1.01196,0.07057,0.92943
353.64001,1.01193,0.03208,0.96792
353.76001,1.01193,0.05255,0.94745
353.88000,1.01193,0.05911,0.94089
354.00000,1.01193,0.05609,0.94391
354.12000,1.01193,0.14233,0.85767
354.23999,1.01193,0.05267,0.94733
354.35999,1.01196,0.10398,0.89602
354.48001,1.01193,0.06551,0.93449
354.60001,1.01193,0.08964,0.91036
354.72000,1.01193,0.09831,0.90169
354.84000,1.01193,0.12967,0.87033
354.95999,1.01193,0.10900,0.89100
355.07999,1.01196,0.12454,0.87546
355.20001,1.01193,0.17306,0.82694
355.32001,1.01193,0.10775,0.89225
355.44000,1.01193,0.24847,0.75153
355.56000,1.01193,0.15745,0.84255
355.67999,1.01193,0.15737,0.84263
355.79999,1.01196,0.14206,0.85794
355.92001,1.01193,0.19110,0.80890
356.04001,1.01193,0.15637,0.84363
356.16000,1.01193,0.33233,0.66767
356.28000,1.01193,0.31329,0.68671
356.39999,1.01193,0.18495,0.81505
356.51999,1.01196,0.22752,0.77248
356.64001,1.01193,0.11683,0.88317
356.76001,1.01193,0.08320,0.91680
356.88000,1.01193,0.07864,0.92136
357.00000,1.01193,0.10116,0.89884
357.12000,1.01193,0.04073,0.95927
357.23999,1.01193,0.10425,0.89575
357.35999,1.01196,0.08050,0.91950
357.48001,1.01193,0.17859,0.82141
357.60001,1.01193,0.14801,0.85199
357.72000,1.01193,0.28798,0.71202
357.84000,1.01193,0.23480,0.76520
357.95999,1.01193,0.32732,0.67268
358.07999,1.01196,0.25763,0.74237
358.20001,1.01193,0.28231,0.71769
358.32001,1.01193,0.13772,0.86228
358.44000,1.01193,0.14258,0.85742
358.56000,1.01193,0.09783,0.90217
358.67999,1.01193,0.08325,0.91675
358.79999,1.01196,0.09700,0.90300
358.92001,1.01193,0.03652,0.96348
359.04001,1.01193,0.08580,0.91420
359.16000,1.01193,0.02851,0.97149
359.28000,1.01193,0.05752,0.94248
359.39999,1.01193,0.05798,0.94202
359.51999,1.01196,0.05935,0.94065
359.64001,1.01193,0.14956,0.85044
359.76001,1.01193,0.05988,0.94012
359.88000,1.01193,0.13664,0.86336
360.00000,1.01193,0.07100,0.92900
360.12000,1.01193,0.08863,0.91137
360.23999,1.01193,0.12411,0.87589
360.35999,1.01196,0.04932,0.95068
360.48001,1.01193,0.16656,0.83344
360.60001,1.01193,0.05072,0.94928
360.72000,1.01193,0.11441,0.88559
360.84000,1.01193,0.10483,0.89517
360.95999,1.01193,0.09858,0.90142
361.07999,1.01196,0.11800,0.88200
361.20001,1.01193,0.05270,0.94730
361.32001,1.01193,0.10105,0.89895
361.44000,1.01193,0.03118,0.96882
361.56000,1.01193,0.06510,0.93490
361.67999,1.01193,0.01865,0.98135
361.79999,1.01196,0.04346,0.95654
361.92001,1.01193,0.03857,0.96143
362.04001,1.01193,0.10538,0.89462
362.16000,1.01193,0.05368,0.94632
362.28000,1.01193,0.04927,0.95073
362.39999,1.01193,0.09772,0.90228
362.51999,1.01196,0.07632,0.92368
362.64001,1.01193,0.15135,0.84865
362.76001,1.01193,0.05159,0.94841
362.88000,1.01193,0.20748,0.79252
363.00000,1.01193,0.08040,0.91960
363.12000,1.01193,0.08022,0.91978
363.23999,1.01193,0.09766,0.90234
363.35999,1.01196,0.17955,0.82045
363.48001,1.01193,0.15305,0.84695
363.60001,1.01193,0.18050,0.81950
363.72000,1.01193,0.09490,0.90510
363.84000,1.01193,0.23388,0.76612
363.95999,1.01193,0.11541,0.88459
364.07999,1.01196,0.15428,0.84572
364.20001,1.01193,0.07580,0.92420
364.32001,1.01193,0.10452,0.89548
364.44000,1.01193,0.07163,0.92837
364.56000,1.01193,0.11415,0.88585
364.67999,1.01193,0.04675,0.95325
364.79999,1.01196,0.14150,0.85850
364.92001,1.01193,0.06731,0.93269
365.04001,1.01193,0.14965,0.85035
365.16000,1.01193,0.07463,0.92537
365.28000,1.01193,0.15330,0.84670
365.39999,1.01193,0.09026,0.90974
365.51999,1.01196,0.19724,0.80276
365.64001,1.01193,0.13691,0.86309
365.76001,1.01193,0.08149,0.91851
365.88000,1.01193,0.17243,0.82757
366.00000,1.01193,0.10077,0.89923
366.12000,1.01193,0.14812,0.85188
366.23999,1.01193,0.12811,0.87189
366.35999,1.01196,0.24993,0.75007
366.48001,1.01193,0.12940,0.87060
366.60001,1.01193,0.15607,0.84393
366.72000,1.01193,0.15583,0.84417
366.84000,1.01193,0.22825,0.77175
366.95999,1.01193,0.17171,0.82829
367.07999,1.01196,0.24423,0.75577
367.20001,1.01193,0.11192,0.88808
367.32001,1.01193,0.17731,0.82269
367.44000,1.01193,0.08777,0.91223
367.56000,1.01193,0.19085,0.80915
367.67999,1.01193,0.12486,0.87514
367.79999,1.01196,0.15199,0.84801
367.92001,1.01193,0.16800,0.83200
368.04001,1.01193,0.15803,0.84197
368.16000,1.01193,0.22084,0.77916
368.28000,1.01193,0.13414,0.86586
368.39999,1.01193,0.22358,0.77642
368.51999,1.01196,0.16634,0.83366
368.64001,1.01193,0.21175,0.78825
368.76001,1.01193,0.12122,0.87878
368.88000,1.01193,0.17812,0.82188
369.00000,1.01193,0.15093,0.84907
369.12000,1.01193,0.09172,0.90828
369.23999,1.01193,0.10836,0.89164
369.35999,1.01196,0.13527,0.86473
369.48001,1.01193,0.09439,0.90561
369.60001,1.01193,0.18434,0.81566
369.72000,1.01193,0.17993,0.82007
369.84000,1.01193,0.19712,0.80288
369.95999,1.01193,0.12247,0.87753
370.07999,1.01196,0.20565,0.79435
370.20001,1.01193,0.17729,0.82271
370.32001,1.01193,0.25768,0.74232
370.44000,1.01193,0.32318,0.67682
370.56000,1.01193,0.25046,0.74954
370.67999,1.01193,0.43892,0.56108
370.79999,1.01196,0.38343,0.61657
370.92001,1.01193,0.47176,0.52824
371.04001,1.01193,0.45496,0.54504
371.16000,1.01193,0.43814,0.56186
371.28000,1.01193,0.46166,0.53834
371.39999,1.01193,0.29462,0.70538
371.51999,1.01196,0.44642,0.55358
371.64001,1.01193,0.32690,0.67310
371.76001,1.01193,0.54867,0.45133
371.88000,1.01193,0.36047,0.63953
372.00000,1.01193,0.56151,0.43849
372.12000,1.01193,0.44657,0.55343
372.23999,1.01193,0.49149,0.50851
372.35999,1.01196,0.42923,0.57077
372.48001,1.01193,0.58116,0.41884
372.60001,1.01193,0.49171,0.50829
372.72000,1.01193,0.51899,0.48101
372.84000,1.01193,0.50140,0.49860
372.95999,1.01193,0.38072,0.61928
373.07999,1.01196,0.47445,0.52555
373.20001,1.01193,0.34801,0.65199
373.32001,1.01193,0.33095,0.66905
373.44000,1.01193,0.43311,0.56689
373.56000,1.01193,0.34033,0.65967
373.67999,1.01193,0.47184,0.52816
373.79999,1.01196,0.46287,0.53713
373.92001,1.01193,0.53235,0.46765
374.04001,1.01193,0.57001,0.42999
374.16000,1.01193,0.41001,0.58999
374.28000,1.01193,0.55410,0.44590
374.39999,1.01193,0.46930,0.53070
374.51999,1.01196,0.58110,0.41890
374.64001,1.01193,0.33441,0.66559
374.76001,1.01193,0.46476,0.53524
374.88000,1.01193,0.39889,0.60111
375.00000,1.01193,0.41903,0.58097
375.12000,1.01193,0.33187,0.66813
375.23999,1.01193,0.32890,0.67110
375.35999,1.01196,0.15831,0.84169
375.48001,1.01193,0.10238,0.89762
375.60001,1.01193,0.11414,0.88586
375.72000,1.01193,0.23428,0.76572
375.84000,1.01193,0.17036,0.82964
375.95999,1.01193,0.18551,0.81449
376.07999,1.01196,0.13328,0.86672
376.20001,1.01193,0.25009,0.74991
376.32001,1.01193,0.19203,0.80797
376.44000,1.01193,0.26115,0.73885
376.56000,1.01193,0.09871,0.90129
376.67999,1.01193,0.08244,0.91756
376.79999,1.01196,0.05994,0.94006
376.92001,1.01193,0.10431,0.89569
377.04001,1.01193,0.06239,0.93761
377.16000,1.01193,0.05492,0.94508
377.28000,1.01193,0.07790,0.92210
377.39999,1.01193,0.02822,0.97178
377.51999,1.01196,0.04045,0.95955
377.64001,1.01193,0.02974,0.97026
377.76001,1.01193,0.04620,0.95380
377.88000,1.01193,0.02215,0.97785
378.00000,1.01193,0.03388,0.96612
378.12000,1.01193,0.02333,0.97667
378.23999,1.01193,0.03399,0.96601
378.35999,1.01196,0.03825,0.96175
378.48001,1.01193,0.04023,0.95977
378.60001,1.01193,0.04209,0.95791
378.72000,1.01193,0.08403,0.91597
378.84000,1.01193,0.02902,0.97098
378.95999,1.01193,0.06160,0.93840
379.07999,1.01196,0.04262,0.95738
379.20001,1.01193,0.03638,0.96362
379.32001,1.01193,0.03609,0.96391
379.44000,1.01193,0.02945,0.97055
379.56000,1.01193,0.04899,0.95101
379.67999,1.01193,0.01785,0.98215
379.79999,1.01196,0.02011,0.97989
379.92001,1.01193,0.04201,0.95799
380.04001,1.01193,0.02708,0.97292
380.16000,1.01193,0.03325,0.96675
380.28000,1.01193,0.02778,0.97222
380.39999,1.01193,0.03857,0.96143
380.51999,1.01196,0.02756,0.97244
380.64001,1.01193,0.12757,0.87243
380.76001,1.01193,0.02027,0.97973
380.88000,1.01193,0.11249,0.88751
381.00000,1.01193,0.04138,0.95862
381.12000,1.01193,0.15762,0.84238
381.23999,1.01193,0.04139,0.95861
381.35999,1.01196,0.03499,0.96501
381.48001,1.01193,0.06652,0.93348
381.60001,1.01193,0.02571,0.97429
381.72000,1.01193,0.05112,0.94888
381.84000,1.01193,0.05216,0.94784
381.95999,1.01193,0.05770,0.94230
382.07999,1.01196,0.02643,0.97357
382.20001,1.01193,0.03860,0.96140
382.32001,1.01193,0.01968,0.98032
382.44000,1.01193,0.03057,0.96943
382.56000,1.01193,0.01474,0.98526
382.67999,1.01193,0.04232,0.95768
382.79999,1.01196,0.02232,0.97768
382.92001,1.01193,0.02730,0.97270
383.04001,1.01193,0.01084,0.98916
383.16000,1.01193,0.05455,0.94545
383.28000,1.01193,0.02521,0.97479
383.39999,1.01193,0.03510,0.96490
383.51999,1.01196,0.04516,0.95484
383.64001,1.01193,0.07483,0.92517
383.76001,1.01193,0.04006,0.95994
383.88000,1.01193,0.08465,0.91535
384.00000,1.01193,0.03330,0.96670
384.12000,1.01193,0.02014,0.97986
384.23999,1.01193,0.02698,0.97302
384.35999,1.01196,0.03910,0.96090
384.48001,1.01193,0.01977,0.98023
384.60001,1.01193,0.02069,0.97931
384.72000,1.01193,0.02369,0.97631
384.84000,1.01193,0.01901,0.98099
384.95999,1.01193,0.01693,0.98307
385.07999,1.01196,0.03290,0.96710
385.20001,1.01193,0.01164,0.98836
385.32001,1.01193,0.04104,0.95896
385.44000,1.01193,0.01022,0.98978
385.56000,1.01193,0.02552,0.97448
385.67999,1.01193,0.00919,0.99081
385.79999,1.01196,0.03189,0.96811
385.92001,1.01193,0.01587,0.98413
386.04001,1.01193,0.04207,0.95793
386.16000,1.01193,0.01045,0.98955
386.28000,1.01193,0.03695,0.96305
386.39999,1.01193,0.01867,0.98133
386.51999,1.01196,0.03584,0.96416
386.64001,1.01193,0.02045,0.97955
386.76001,1.01193,0.02801,0.97199
386.88000,1.01193,0.01244,0.98756
387.00000,1.01193,0.01955,0.98045
387.12000,1.01193,0.01031,0.98969
387.23999,1.01193,0.03531,0.96469
387.35999,1.01196,0.01068,0.98932
387.48001,1.01193,0.03707,0.96293
387.60001,1.01193,0.02161,0.97839
387.72000,1.01193,0.05515,0.94485
387.84000,1.01193,0.02093,0.97907
387.95999,1.01193,0.07198,0.92802
388.07999,1.01196,0.03412,0.96588
388.20001,1.01193,0.16434,0.83566
388.32001,1.01193,0.01963,0.98037
388.44000,1.01193,0.05267,0.94733
388.56000,1.01193,0.01519,0.98481
388.67999,1.01193,0.05464,0.94536
388.79999,1.01196,0.01908,0.98092
388.92001,1.01193,0.02394,0.97606
389.04001,1.01193,0.01626,0.98374
389.16000,1.01193,0.01761,0.98239
389.28000,1.01193,0.01473,0.98527
389.39999,1.01193,0.02124,0.97876
389.51999,1.01196,0.03995,0.96005
389.64001,1.01193,0.01796,0.98204
389.76001,1.01193,0.05781,0.94219
389.88000,1.01193,0.04594,0.95406
390.00000,1.01193,0.07661,0.92339
390.12000,1.01193,0.06845,0.93155
390.23999,1.01193,0.04787,0.95213
390.35999,1.01196,0.07812,0.92188
390.48001,1.01193,0.05436,0.94564
390.60001,1.01193,0.06909,0.93091
390.72000,1.01193,0.03053,0.96947
390.84000,1.01193,0.03689,0.96311
390.95999,1.01193,0.03000,0.97000
391.07999,1.01196,0.06307,0.93693
391.20001,1.01193,0.02390,0.97610
391.32001,1.01193,0.01866,0.98134
391.44000,1.01193,0.05695,0.94305
391.56000,1.01193,0.02863,0.97137
391.67999,1.01193,0.04172,0.95828
391.79999,1.01196,0.03773,0.96227
391.92001,1.01193,0.04216,0.95784
392.04001,1.01193,0.03874,0.96126
392.16000,1.01193,0.04867,0.95133
392.28000,1.01193,0.03490,0.96510
392.39999,1.01193,0.03470,0.96530
392.51999,1.01196,0.07898,0.92102
392.64001,1.01193,0.03497,0.96503
392.76001,1.01193,0.03317,0.96683
392.88000,1.01193,0.09865,0.90135
393.00000,1.01193,0.06758,0.93242
393.12000,1.01193,0.08133,0.91867
393.23999,1.01193,0.02691,0.97309
393.35999,1.01196,0.13776,0.86224
393.48001,1.01193,0.04359,0.95641
393.60001,1.01193,0.01804,0.98196
393.72000,1.01193,0.04017,0.95983
393.84000,1.01193,0.03316,0.96684
393.95999,1.01193,0.02229,0.97771
394.07999,1.01196,0.02336,0.97664
394.20001,1.01193,0.02025,0.97975
394.32001,1.01193,0.01167,0.98833
394.44000,1.01193,0.01827,0.98173
394.56000,1.01193,0.03037,0.96963
394.67999,1.01193,0.01862,0.98138
394.79999,1.01196,0.02929,0.97071
394.92001,1.01193,0.04496,0.95504
395.04001,1.01193,0.02890,0.97110
395.16000,1.01193,0.07975,0.92025
395.28000,1.01193,0.01169,0.98831
395.39999,1.01193,0.05736,0.94264
395.51999,1.01196,0.02091,0.97909
395.64001,1.01193,0.03079,0.96921
395.76001,1.01193,0.08928,0.91072
395.88000,1.01193,0.08013,0.91987
396.00000,1.01193,0.28825,0.71175
396.12000,1.01193,0.29189,0.70811
396.23999,1.01193,0.23959,0.76041
396.35999,1.01196,0.51989,0.48011
396.48001,1.01193,0.58512,0.41488
396.60001,1.01193,0.29698,0.70302
396.72000,1.01193,0.25899,0.74101
396.84000,1.01193,0.35259,0.64741
396.95999,1.01193,0.49918,0.50082
397.07999,1.01196,0.29237,0.70763
397.20001,1.01193,0.47403,0.52597
397.32001,1.01193,0.31603,0.68397
397.44000,1.01193,0.45430,0.54570
397.56000,1.01193,0.39637,0.60363
397.67999,1.01193,0.40572,0.59428
397.79999,1.01196,0.47856,0.52144
397.92001,1.01193,0.46055,0.53945
398.04001,1.01193,0.34460,0.65540
398.16000,1.01193,0.56496,0.43504
398.28000,1.01193,0.36067,0.63933
398.39999,1.01193,0.44354,0.55646
398.51999,1.01196,0.49800,0.50200
398.64001,1.01193,0.63768,0.36232
398.76001,1.01193,0.67671,0.32329
398.88000,1.01193,0.53425,0.46575
399.00000,1.01193,0.63450,0.36550
399.12000,1.01193,0.31930,0.68070
399.23999,1.01193,0.33682,0.66318
399.35999,1.01196,0.15276,0.84724
399.48001,1.01193,0.08184,0.91816
399.60001,1.01193,0.06724,0.93276
399.72000,1.01193,0.02872,0.97128
399.84000,1.01193,0.03707,0.96293
399.95999,1.01193,0.02358,0.97642
400.07999,1.01196,0.04322,0.95678
400.20001,1.01193,0.02359,0.97641
400.32001,1.01193,0.12851,0.87149
400.44000,1.01193,0.07607,0.92393
400.56000,1.01193,0.10764,0.89236
400.67999,1.01193,0.13370,0.86630
400.79999,1.01196,0.25284,0.74716
400.92001,1.01193,0.29312,0.70688
401.04001,1.01193,0.35057,0.64943
401.16000,1.01193,0.31158,0.68842
401.28000,1.01193,0.42397,0.57603
401.39999,1.01193,0.45275,0.54725
401.51999,1.01196,0.62428,0.37572
401.64001,1.01193,0.51680,0.48320
401.76001,1.01193,0.67012,0.32988
401.88000,1.01193,0.31402,0.68598
402.00000,1.01193,0.37597,0.62403
402.12000,1.01193,0.21788,0.78212
402.23999,1.01193,0.19751,0.80249
402.35999,1.01196,0.40361,0.59639
402.48001,1.01193,0.36099,0.63901
402.60001,1.01193,0.25356,0.74644
402.72000,1.01193,0.13109,0.86891
402.84000,1.01193,0.40933,0.59067
402.95999,1.01193,0.23275,0.76725
403.07999,1.01196,0.36043,0.63957
403.20001,1.01193,0.36651,0.63349
403.32001,1.01193,0.33498,0.66502
403.44000,1.01193,0.41957,0.58043
403.56000,1.01193,0.19062,0.80938
403.67999,1.01193,0.39385,0.60615
403.79999,1.01196,0.24723,0.75277
403.92001,1.01193,0.33810,0.66190
404.04001,1.01193,0.25037,0.74963
404.16000,1.01193,0.20030,0.79970
404.28000,1.01193,0.15047,0.84953
404.39999,1.01193,0.10072,0.89928
404.51999,1.01196,0.11434,0.88566
404.64001,1.01193,0.11530,0.88470
404.76001,1.01193,0.10182,0.89818
404.88000,1.01193,0.09721,0.90280
405.00000,1.01193,0.12699,0.87301
405.12000,1.01193,0.19783,0.80217
405.23999,1.01193,0.28665,0.71335
405.35999,1.01196,0.38552,0.61448
405.48001,1.01193,0.34558,0.65442
405.60001,1.01193,0.48348,0.51652
405.72000,1.01193,0.42458,0.57542
405.84000,1.01193,0.49623,0.50377
405.95999,1.01193,0.40503,0.59497
406.07999,1.01196,0.25343,0.74657
406.20001,1.01193,0.14512,0.85488
406.32001,1.01193,0.23898,0.76102
406.44000,1.01193,0.16520,0.83480
406.56000,1.01193,0.27648,0.72352
406.67999,1.01193,0.15341,0.84659
406.79999,1.01196,0.40597,0.59403
406.92001,1.01193,0.29051,0.70949
407.04001,1.01193,0.54721,0.45279
407.16000,1.01193,0.36869,0.63131
407.28000,1.01193,0.56170,0.43830
407.39999,1.01193,0.26103,0.73897
407.51999,1.01196,0.38026,0.61974
407.64001,1.01193,0.28763,0.71237
407.76001,1.01193,0.49109,0.50891
407.88000,1.01193,0.32285,0.67715
408.00000,1.01193,0.45934,0.54066
408.12000,1.01193,0.39854,0.60146
408.23999,1.01193,0.43900,0.56100
408.35999,1.01196,0.63780,0.36220
408.48001,1.01193,0.21813,0.78187
408.60001,1.01193,0.09434,0.90566
408.72000,1.01193,0.03204,0.96796
408.84000,1.01193,0.10330,0.89670
408.95999,1.01193,0.02451,0.97549
409.07999,1.01196,0.07631,0.92369
409.20001,1.01193,0.03787,0.96213
409.32001,1.01193,0.23767,0.76233
409.44000,1.01193,0.24796,0.75204
409.56000,1.01193,0.46101,0.53899
409.67999,1.01193,0.39414,0.60586
409.79999,1.01196,0.67818,0.32182
409.92001,1.01193,0.47876,0.52124
410.04001,1.01193,0.58007,0.41993
410.16000,1.01193,0.72687,0.27313
410.28000,1.01193,0.71238,0.28762
410.39999,1.01193,0.72141,0.27859
410.51999,1.01196,0.70652,0.29348
410.64001,1.01193,0.67267,0.32733
410.76001,1.01193,0.57478,0.42522
410.88000,1.01193,0.37944,0.62056
411.00000,1.01193,0.38746,0.61254
411.12000,1.01193,0.40131,0.59869
411.23999,1.01193,0.22388,0.77612
411.35999,1.01196,0.27823,0.72177
411.48001,1.01193,0.27727,0.72273
411.60001,1.01193,0.33067,0.66933
411.72000,1.01193,0.36435,0.63565
411.84000,1.01193,0.47615,0.52385
411.95999,1.01193,0.44323,0.55677
412.07999,1.01196,0.47524,0.52476
412.20001,1.01193,0.30559,0.69441
412.32001,1.01193,0.18412,0.81588
412.44000,1.01193,0.24917,0.75083
412.56000,1.01193,0.26880,0.73120
412.67999,1.01193,0.16338,0.83662
412.79999,1.01196,0.28978,0.71022
412.92001,1.01193,0.32755,0.67245
413.04001,1.01193,0.22132,0.77868
413.16000,1.01193,0.39146,0.60854
413.28000,1.01193,0.29345,0.70655
413.39999,1.01193,0.35768,0.64232
413.51999,1.01196,0.26391,0.73609
413.64001,1.01193,0.30433,0.69567
413.76001,1.01193,0.15015,0.84985
413.88000,1.01193,0.16235,0.83765
414.00000,1.01193,0.17259,0.82741
414.12000,1.01193,0.21093,0.78907
414.23999,1.01193,0.14955,0.85045
414.35999,1.01196,0.20968,0.79032
414.48001,1.01193,0.08492,0.91508
414.60001,1.01193,0.16651,0.83349
414.72000,1.01193,0.06786,0.93214
414.84000,1.01193,0.20772,0.79228
414.95999,1.01193,0.13351,0.86649
415.07999,1.01196,0.26778,0.73222
415.20001,1.01193,0.17609,0.82391
415.32001,1.01193,0.38909,0.61091
415.44000,1.01193,0.46458,0.53542
415.56000,1.01193,0.46107,0.53893
415.67999,1.01193,0.40091,0.59909
415.79999,1.01196,0.48818,0.51182
415.92001,1.01193,0.51727,0.48273
416.04001,1.01193,0.58260,0.41740
416.16000,1.01193,0.69146,0.30854
416.28000,1.01193,0.74027,0.25973
416.39999,1.01193,0.68330,0.31670
416.51999,1.01196,0.62812,0.37188
416.64001,1.01193,0.66375,0.33625
416.76001,1.01193,0.63871,0.36129
416.88000,1.01193,0.66669,0.33331
417.00000,1.01193,0.71714,0.28286
417.12000,1.01193,0.75793,0.24207
417.23999,1.01193,0.74670,0.25330
417.35999,1.01196,0.81762,0.18238
417.48001,1.01193,0.81569,0.18431
417.60001,1.01193,0.84128,0.15872
417.72000,1.01193,0.73867,0.26133
417.84000,1.01193,0.85888,0.14112
417.95999,1.01193,0.80789,0.19211
418.07999,1.01196,0.82339,0.17661
418.20001,1.01193,0.81210,0.18790
418.32001,1.01193,0.74459,0.25541
418.44000,1.01193,0.77220,0.22780
418.56000,1.01193,0.72887,0.27113
418.67999,1.01193,0.73748,0.26252
418.79999,1.01196,0.74027,0.25973
418.92001,1.01193,0.72891,0.27109
419.04001,1.01193,0.91530,0.08470
419.16000,1.01193,0.79737,0.20263
419.28000,1.01193,0.93746,0.06254
419.39999,1.01193,0.88736,0.11264
419.51999,1.01196,0.96901,0.03099
419.64001,1.01193,0.91375,0.08625
419.76001,1.01193,0.98204,0.01796
419.88000,1.01193,0.92422,0.07578
420.00000,1.01193,0.88359,0.11641
420.12000,1.01193,0.82977,0.17023
420.23999,1.01193,0.86758,0.13242
420.35999,1.01196,0.88230,0.11770
420.48001,1.01193,0.84085,0.15915
420.60001,1.01193,0.92118,0.07882
420.72000,1.01193,0.77445,0.22555
420.84000,1.01193,0.91124,0.08876
420.95999,1.01193,0.77090,0.22910
421.07999,1.01196,0.85965,0.14035
421.20001,1.01193,0.74821,0.25179
421.32001,1.01193,0.79112,0.20888
421.44000,1.01193,0.83143,0.16857
421.56000,1.01193,0.75630,0.24370
421.67999,1.01193,0.90746,0.09254
421.79999,1.01196,0.87757,0.12243
421.92001,1.01193,0.94811,0.05189
422.04001,1.01193,0.86802,0.13198
422.16000,1.01193,0.93063,0.06937
422.28000,1.01193,0.90945,0.09055
422.39999,1.01193,0.95419,0.04581
422.51999,1.01196,0.92120,0.07880
422.64001,1.01193,0.93910,0.06090
422.76001,1.01193,0.94148,0.05852
422.88000,1.01193,0.94095,0.05905
423.00000,1.01193,0.88539,0.11461
423.12000,1.01193,0.89456,0.10544
423.23999,1.01193,0.88725,0.11275
423.35999,1.01196,0.80780,0.19220
423.48001,1.01193,0.78156,0.21844
423.60001,1.01193,0.80729,0.19271
423.72000,1.01193,0.77677,0.22323
423.84000,1.01193,0.70204,0.29796
423.95999,1.01193,0.68400,0.31600
424.07999,1.01196,0.67085,0.32915
424.20001,1.01193,0.71856,0.28144
424.32001,1.01193,0.87689,0.12311
424.44000,1.01193,0.65776,0.34224
424.56000,1.01193,0.79969,0.20031
424.67999,1.01193,0.50029,0.49971
424.79999,1.01196,0.75676,0.24324
424.92001,1.01193,0.83433,0.16567
425.04001,1.01193,0.81147,0.18853
425.16000,1.01193,0.87797,0.12203
425.28000,1.01193,0.90353,0.09647
425.39999,1.01193,0.90094,0.09906
425.51999,1.01196,0.91537,0.08463
425.64001,1.01193,0.93950,0.06050
425.76001,1.01193,0.90651,0.09349
425.88000,1.01193,0.94283,0.05717
426.00000,1.01193,0.90810,0.09190
426.12000,1.01193,0.93637,0.06363
426.23999,1.01193,0.88318,0.11682
426.35999,1.01196,0.89423,0.10577
426.48001,1.01193,0.88567,0.11433
426.60001,1.01193,0.91183,0.08817
426.72000,1.01193,0.85659,0.14341
426.84000,1.01193,0.96456,0.03544
426.95999,1.01193,0.87054,0.12946
427.07999,1.01196,0.91549,0.08451
427.20001,1.01193,0.86257,0.13743
427.32001,1.01193,0.93979,0.06021
427.44000,1.01193,0.88967,0.11033
427.56000,1.01193,0.85744,0.14256
427.67999,1.01193,0.87266,0.12734
427.79999,1.01196,0.74609,0.25391
427.92001,1.01193,0.91335,0.08665
428.04001,1.01193,0.83466,0.16534
428.16000,1.01193,0.95840,0.04160
428.28000,1.01193,0.84823,0.15177
428.39999,1.01193,0.92856,0.07145
428.51999,1.01196,0.91595,0.08405
428.64001,1.01193,0.95076,0.04924
428.76001,1.01193,0.95207,0.04793
428.88000,1.01193,0.94959,0.05041
429.00000,1.01193,0.91014,0.08986
429.12000,1.01193,0.93788,0.06212
429.23999,1.01193,0.94113,0.05887
429.35999,1.01196,0.89647,0.10353
429.48001,1.01193,0.89931,0.10069
429.60001,1.01193,0.86066,0.13934
429.72000,1.01193,0.81593,0.18407
429.84000,1.01193,0.90792,0.09208
429.95999,1.01193,0.87522,0.12478
430.07999,1.01196,0.89867,0.10133
430.20001,1.01193,0.90861,0.09139
430.32001,1.01193,0.90321,0.09679
430.44000,1.01193,0.93535,0.06465
430.56000,1.01193,0.96341,0.03659
430.67999,1.01193,0.93115,0.06885
430.79999,1.01196,0.93900,0.06100
430.92001,1.01193,0.94189,0.05811
431.04001,1.01193,0.88760,0.11240
431.16000,1.01193,0.74810,0.25190
431.28000,1.01193,0.86965,0.13035
431.39999,1.01193,0.79785,0.20215
431.51999,1.01196,0.71525,0.28475
431.64001,1.01193,0.82832,0.17168
431.76001,1.01193,0.82800,0.17200
431.88000,1.01193,0.71523,0.28477
432.00000,1.01193,0.62036,0.37964
432.12000,1.01193,0.41088,0.58912
432.23999,1.01193,0.55802,0.44198
432.35999,1.01196,0.50324,0.49676
432.48001,1.01193,0.28354,0.71646
432.60001,1.01193,0.48950,0.51050
432.72000,1.01193,0.43227,0.56773
432.84000,1.01193,0.62008,0.37992
432.95999,1.01193,0.44335,0.55665
433.07999,1.01196,0.65453,0.34547
433.20001,1.01193,0.33617,0.66383
433.32001,1.01193,0.53043,0.46957
433.44000,1.01193,0.54069,0.45931
433.56000,1.01193,0.59987,0.40013
433.67999,1.01193,0.80831,0.19169
433.79999,1.01196,0.37813,0.62187
433.92001,1.01193,0.61153,0.38847
434.04001,1.01193,0.40762,0.59238
434.16000,1.01193,0.57889,0.42111
434.28000,1.01193,0.46320,0.53680
434.39999,1.01193,0.42570,0.57430
434.51999,1.01196,0.18791,0.81209
434.64001,1.01193,0.31528,0.68472
434.76001,1.01193,0.40344,0.59656
434.88000,1.01193,0.40605,0.59395
435.00000,1.01193,0.43914,0.56086
435.12000,1.01193,0.30093,0.69907
435.23999,1.01193,0.38041,0.61959
435.35999,1.01196,0.49452,0.50548
435.48001,1.01193,0.33502,0.66498
435.60001,1.01193,0.43402,0.56598
435.72000,1.01193,0.27963,0.72037
435.84000,1.01193,0.49672,0.50328
435.95999,1.01193,0.42667,0.57333
436.07999,1.01196,0.80156,0.19844
436.20001,1.01193,0.64915,0.35085
436.32001,1.01193,0.76850,0.23150
436.44000,1.01193,0.33244,0.66756
436.56000,1.01193,0.51310,0.48690
436.67999,1.01193,0.38029,0.61971
436.79999,1.01196,0.62751,0.37249
436.92001,1.01193,0.36395,0.63605
437.04001,1.01193,0.12900,0.87100
437.16000,1.01193,0.18623,0.81377
437.28000,1.01193,0.34197,0.65803
437.39999,1.01193,0.57809,0.42191
437.51999,1.01196,0.57158,0.42842
437.64001,1.01193,0.40711,0.59289
437.76001,1.01193,0.46062,0.53938
437.88000,1.01193,0.35390,0.64610
438.00000,1.01193,0.33380,0.66620
438.12000,1.01193,0.36913,0.63087
438.23999,1.01193,0.33029,0.66971
438.35999,1.01196,0.30375,0.69625
438.48001,1.01193,0.32471,0.67529
438.60001,1.01193,0.42970,0.57030
438.72000,1.01193,0.43719,0.56281
438.84000,1.01193,0.81134,0.18866
438.95999,1.01193,0.70333,0.29667
439.07999,1.01196,0.87237,0.12763
439.20001,1.01193,0.81004,0.18996
439.32001,1.01193,0.85341,0.14659
439.44000,1.01193,0.83390,0.16610
439.56000,1.01193,0.79522,0.20478
439.67999,1.01193,0.88017,0.11983
439.79999,1.01196,0.81183,0.18817
439.92001,1.01193,0.81865,0.18135
440.04001,1.01193,0.86660,0.13340
440.16000,1.01193,0.97143,0.02857
440.28000,1.01193,0.92472,0.07528
440.39999,1.01193,0.96052,0.03948
440.51999,1.01196,0.90524,0.09476
440.64001,1.01193,0.96630,0.03370
440.76001,1.01193,0.93385,0.06615
440.88000,1.01193,0.92642,0.07358
441.00000,1.01193,0.88877,0.11123
441.12000,1.01193,0.89139,0.10861
441.23999,1.01193,0.89857,0.10143
441.35999,1.01196,0.86337,0.13663
441.48001,1.01193,0.93939,0.06061
441.60001,1.01193,0.87060,0.12940
441.72000,1.01193,0.86464,0.13536
441.84000,1.01193,0.85823,0.14177
441.95999,1.01193,0.88733,0.11267
442.07999,1.01196,0.82953,0.17047
442.20001,1.01193,0.86945,0.13055
442.32001,1.01193,0.83331,0.16669
442.44000,1.01193,0.81611,0.18389
442.56000,1.01193,0.72787,0.27213
442.67999,1.01193,0.48597,0.51403
442.79999,1.01196,0.52362,0.47638
442.92001,1.01193,0.72103,0.27897
443.04001,1.01193,0.68200,0.31800
443.16000,1.01193,0.54453,0.45547
443.28000,1.01193,0.76861,0.23139
443.39999,1.01193,0.70921,0.29079
443.51999,1.01196,0.75892,0.24108
443.64001,1.01193,0.77068,0.22932
443.76001,1.01193,0.79311,0.20689
443.88000,1.01193,0.74068,0.25932
444.00000,1.01193,0.84924,0.15076
444.12000,1.01193,0.75544,0.24456
444.23999,1.01193,0.80394,0.19606
444.35999,1.01196,0.80268,0.19732
444.48001,1.01193,0.80364,0.19636
444.60001,1.01193,0.82195,0.17805
444.72000,1.01193,0.82039,0.17961
