Time (seconds), Duration (seconds),pred_unlabeled,pred_sirens
0.00000,1.01194,0.94849,0.05151
0.12000,1.01194,0.95489,0.04511
0.24000,1.01194,0.94139,0.05861
0.36000,1.01194,0.94762,0.05238
0.48000,1.01194,0.94369,0.05631
0.60000,1.01194,0.95145,0.04855
0.72000,1.01194,0.91278,0.08722
0.84000,1.01194,0.95271,0.04729
0.96000,1.01194,0.95573,0.04427
1.08000,1.01194,0.97953,0.02047
1.20000,1.01194,0.97479,0.02521
1.32000,1.01194,0.96438,0.03562
1.44000,1.01194,0.98397,0.01603
1.56000,1.01194,0.99130,0.00870
1.68000,1.01194,0.98507,0.01493
1.80000,1.01194,0.96527,0.03473
1.92000,1.01194,0.96900,0.03100
2.04000,1.01194,0.97545,0.02455
2.16000,1.01194,0.96835,0.03165
2.28000,1.01194,0.96542,0.03458
2.40000,1.01194,0.96371,0.03629
2.52000,1.01194,0.96228,0.03772
2.64000,1.01194,0.97549,0.02451
2.76000,1.01194,0.96694,0.03306
2.88000,1.01194,0.98689,0.01311
3.00000,1.01194,0.97948,0.02052
3.12000,1.01194,0.98263,0.01737
3.24000,1.01194,0.97726,0.02274
3.36000,1.01194,0.97736,0.02264
3.48000,1.01194,0.98695,0.01305
3.60000,1.01194,0.99067,0.00933
3.72000,1.01194,0.98216,0.01784
3.84000,1.01194,0.98704,0.01296
3.96000,1.01194,0.98090,0.01910
4.08000,1.01194,0.98350,0.01650
4.20000,1.01194,0.97057,0.02943
4.32000,1.01194,0.97842,0.02158
4.44000,1.01194,0.94315,0.05685
4.56000,1.01194,0.95944,0.04056
4.68000,1.01194,0.93489,0.06511
4.80000,1.01194,0.93534,0.06466
4.92000,1.01194,0.91474,0.08526
5.04000,1.01194,0.90561,0.09439
5.16000,1.01194,0.86145,0.13855
5.28000,1.01194,0.87710,0.12290
5.40000,1.01194,0.79842,0.20158
5.52000,1.01194,0.85332,0.14668
5.64000,1.01194,0.74952,0.25048
5.76000,1.01194,0.83288,0.16712
5.88000,1.01194,0.79618,0.20382
6.00000,1.01194,0.78765,0.21235
6.12000,1.01194,0.77999,0.22001
6.24000,1.01194,0.74000,0.26000
6.36000,1.01194,0.79295,0.20705
6.48000,1.01194,0.75013,0.24987
6.60000,1.01194,0.72841,0.27159
6.72000,1.01194,0.71640,0.28360
6.84000,1.01194,0.76271,0.23729
6.96000,1.01194,0.73473,0.26527
7.08000,1.01194,0.72971,0.27029
7.20000,1.01194,0.71927,0.28073
7.32000,1.01194,0.80490,0.19510
7.44000,1.01194,0.80741,0.19259
7.56000,1.01194,0.81378,0.18622
7.68000,1.01194,0.82046,0.17954
7.80000,1.01194,0.83653,0.16347
7.92000,1.01194,0.81668,0.18332
8.04000,1.01194,0.79557,0.20443
8.16000,1.01194,0.79105,0.20895
8.28000,1.01194,0.79601,0.20399
8.40000,1.01194,0.76153,0.23847
8.52000,1.01194,0.76198,0.23802
8.64000,1.01194,0.77639,0.22361
8.76000,1.01194,0.73488,0.26512
8.88000,1.01194,0.77417,0.22583
9.00000,1.01194,0.77883,0.22117
9.12000,1.01194,0.72181,0.27819
9.24000,1.01194,0.68685,0.31315
9.36000,1.01194,0.60126,0.39874
9.48000,1.01194,0.44388,0.55612
9.60000,1.01194,0.50516,0.49484
9.72000,1.01194,0.47035,0.52965
9.84000,1.01194,0.48242,0.51758
9.96000,1.01194,0.43847,0.56153
10.08000,1.01194,0.52803,0.47197
10.20000,1.01194,0.49871,0.50129
10.32000,1.01194,0.44067,0.55933
10.44000,1.01194,0.55511,0.44489
10.56000,1.01194,0.53986,0.46014
10.68000,1.01194,0.47173,0.52827
10.80000,1.01194,0.54261,0.45739
10.92000,1.01194,0.59115,0.40885
11.04000,1.01194,0.58527,0.41473
11.16000,1.01194,0.60577,0.39423
11.28000,1.01194,0.51946,0.48054
11.40000,1.01194,0.59850,0.40150
11.52000,1.01194,0.49150,0.50850
11.64000,1.01194,0.59276,0.40724
11.76000,1.01194,0.49025,0.50975
11.88000,1.01194,0.49700,0.50300
12.00000,1.01194,0.48500,0.51500
12.12000,1.01194,0.49730,0.50270
12.24000,1.01194,0.60220,0.39780
12.36000,1.01194,0.53377,0.46623
12.48000,1.01194,0.54671,0.45329
12.60000,1.01194,0.53482,0.46518
12.72000,1.01194,0.57190,0.42810
12.84000,1.01194,0.57032,0.42968
12.96000,1.01194,0.56603,0.43397
13.08000,1.01194,0.50970,0.49030
13.20000,1.01194,0.47772,0.52228
13.32000,1.01194,0.40176,0.59824
13.44000,1.01194,0.48250,0.51750
13.56000,1.01194,0.35468,0.64532
13.68000,1.01194,0.49782,0.50218
13.80000,1.01194,0.44822,0.55178
13.92000,1.01194,0.45222,0.54778
14.04000,1.01194,0.50234,0.49766
14.16000,1.01194,0.48550,0.51450
14.28000,1.01194,0.59494,0.40506
14.40000,1.01194,0.60702,0.39298
14.52000,1.01194,0.59440,0.40560
14.64000,1.01194,0.62264,0.37736
14.76000,1.01194,0.59943,0.40057
14.88000,1.01194,0.61162,0.38838
15.00000,1.01194,0.64841,0.35159
15.12000,1.01194,0.61110,0.38890
15.24000,1.01194,0.59971,0.40029
15.36000,1.01194,0.64255,0.35745
15.48000,1.01194,0.64231,0.35769
15.60000,1.01194,0.60564,0.39436
15.72000,1.01194,0.53861,0.46139
15.84000,1.01194,0.64024,0.35976
15.96000,1.01194,0.54539,0.45461
16.08000,1.01194,0.62055,0.37945
16.20000,1.01194,0.54336,0.45664
16.32000,1.01194,0.65995,0.34005
16.44000,1.01194,0.51953,0.48047
16.56000,1.01194,0.59565,0.40435
16.68000,1.01194,0.61597,0.38403
16.80000,1.01194,0.55149,0.44851
16.92000,1.01194,0.62828,0.37172
17.04000,1.01194,0.57568,0.42432
17.16000,1.01194,0.60742,0.39258
17.28000,1.01194,0.54220,0.45780
17.40000,1.01194,0.55963,0.44037
17.52000,1.01194,0.56971,0.43029
17.64000,1.01194,0.55355,0.44645
17.76000,1.01194,0.55281,0.44719
17.88000,1.01194,0.51543,0.48457
18.00000,1.01194,0.54908,0.45092
18.12000,1.01194,0.59504,0.40496
18.24000,1.01194,0.57906,0.42094
18.36000,1.01194,0.64170,0.35830
18.48000,1.01194,0.57925,0.42075
18.60000,1.01194,0.58376,0.41624
18.72000,1.01194,0.60172,0.39828
18.84000,1.01194,0.64519,0.35481
18.96000,1.01194,0.70133,0.29867
19.08000,1.01194,0.62755,0.37245
19.20000,1.01194,0.68275,0.31725
19.32000,1.01194,0.76725,0.23275
19.44000,1.01194,0.82543,0.17457
19.56000,1.01194,0.81208,0.18792
19.68000,1.01194,0.81188,0.18812
19.80000,1.01194,0.78698,0.21302
19.92000,1.01194,0.80115,0.19885
20.04000,1.01194,0.85683,0.14317
20.16000,1.01194,0.79052,0.20948
20.28000,1.01194,0.86114,0.13886
20.40000,1.01194,0.84981,0.15019
20.52000,1.01194,0.89133,0.10867
20.64000,1.01194,0.82126,0.17874
20.76000,1.01194,0.86144,0.13856
20.88000,1.01194,0.80421,0.19579
21.00000,1.01194,0.78664,0.21336
21.12000,1.01194,0.82387,0.17613
21.24000,1.01194,0.73540,0.26460
21.36000,1.01194,0.81236,0.18764
21.48000,1.01194,0.79398,0.20602
21.60000,1.01194,0.79842,0.20158
21.72000,1.01194,0.81361,0.18639
21.84000,1.01194,0.74073,0.25927
21.96000,1.01194,0.73279,0.26721
22.08000,1.01194,0.71456,0.28544
22.20000,1.01194,0.72167,0.27833
22.32000,1.01194,0.62750,0.37250
22.44000,1.01194,0.70202,0.29798
22.56000,1.01194,0.58596,0.41404
22.68000,1.01194,0.73907,0.26093
22.80000,1.01194,0.54383,0.45617
22.92000,1.01194,0.70391,0.29609
23.04000,1.01194,0.47580,0.52420
23.16000,1.01194,0.62612,0.37388
23.28000,1.01194,0.48076,0.51924
23.40000,1.01194,0.60023,0.39977
23.52000,1.01194,0.57912,0.42088
23.64000,1.01194,0.54441,0.45559
23.76000,1.01194,0.59069,0.40931
23.88000,1.01194,0.58902,0.41098
24.00000,1.01194,0.63228,0.36772
24.12000,1.01194,0.58202,0.41798
24.24000,1.01194,0.54622,0.45378
24.36000,1.01194,0.52125,0.47875
24.48000,1.01194,0.49590,0.50410
24.60000,1.01194,0.40688,0.59312
24.72000,1.01194,0.43791,0.56209
24.84000,1.01194,0.44236,0.55764
24.96000,1.01194,0.48952,0.51048
25.08000,1.01194,0.40265,0.59734
25.20000,1.01194,0.47609,0.52391
25.32000,1.01194,0.33508,0.66492
25.44000,1.01194,0.46778,0.53222
25.56000,1.01194,0.29132,0.70868
25.68000,1.01194,0.50286,0.49714
25.80000,1.01194,0.33098,0.66902
25.92000,1.01194,0.53764,0.46235
26.04000,1.01194,0.46257,0.53743
26.16000,1.01194,0.54377,0.45623
26.28000,1.01194,0.53820,0.46180
26.40000,1.01194,0.63513,0.36487
26.52000,1.01194,0.56130,0.43870
26.64000,1.01194,0.63764,0.36236
26.76000,1.01194,0.48269,0.51731
26.88000,1.01194,0.64858,0.35142
27.00000,1.01194,0.57072,0.42928
27.12000,1.01194,0.61712,0.38288
27.24000,1.01194,0.64952,0.35048
27.36000,1.01194,0.67800,0.32200
27.48000,1.01194,0.63382,0.36618
27.60000,1.01194,0.58256,0.41744
27.72000,1.01194,0.70739,0.29261
27.84000,1.01194,0.71347,0.28653
27.96000,1.01194,0.63429,0.36571
28.08000,1.01194,0.67572,0.32428
28.20000,1.01194,0.72779,0.27221
28.32000,1.01194,0.72689,0.27311
28.44000,1.01194,0.73395,0.26605
28.56000,1.01194,0.72693,0.27307
28.68000,1.01194,0.67168,0.32832
28.80000,1.01194,0.60491,0.39509
28.92000,1.01194,0.73429,0.26571
29.04000,1.01194,0.62265,0.37735
29.16000,1.01194,0.69970,0.30030
29.28000,1.01194,0.57612,0.42388
29.40000,1.01194,0.65965,0.34035
29.52000,1.01194,0.52821,0.47179
29.64000,1.01194,0.55831,0.44168
29.76000,1.01194,0.56921,0.43079
29.88000,1.01194,0.30023,0.69977
30.00000,1.01194,0.25753,0.74247
30.12000,1.01194,0.17185,0.82815
30.24000,1.01194,0.29962,0.70038
30.36000,1.01194,0.20406,0.79594
30.48000,1.01194,0.31457,0.68543
30.60000,1.01194,0.33206,0.66794
30.72000,1.01194,0.54262,0.45738
30.84000,1.01194,0.51389,0.48611
30.96000,1.01194,0.66046,0.33954
31.08000,1.01194,0.58182,0.41818
31.20000,1.01194,0.66597,0.33403
31.32000,1.01194,0.60082,0.39918
31.44000,1.01194,0.65903,0.34097
31.56000,1.01194,0.57460,0.42540
31.68000,1.01194,0.68828,0.31172
31.80000,1.01194,0.63064,0.36936
31.92000,1.01194,0.68078,0.31922
32.04000,1.01194,0.70237,0.29763
32.16000,1.01194,0.62498,0.37502
32.28000,1.01194,0.66940,0.33060
32.40000,1.01194,0.54910,0.45090
32.52000,1.01194,0.63576,0.36424
32.64000,1.01194,0.54469,0.45531
32.76000,1.01194,0.57673,0.42327
32.88000,1.01194,0.48216,0.51784
33.00000,1.01194,0.53133,0.46867
33.12000,1.01194,0.61084,0.38916
33.24000,1.01194,0.52620,0.47380
33.36000,1.01194,0.64739,0.35261
33.48000,1.01194,0.58406,0.41594
33.60000,1.01194,0.63998,0.36002
33.72000,1.01194,0.55389,0.44611
33.84000,1.01194,0.66865,0.33135
33.96000,1.01194,0.59534,0.40466
34.08000,1.01194,0.68358,0.31642
34.20000,1.01194,0.62799,0.37201
34.32000,1.01194,0.62483,0.37517
34.44000,1.01194,0.52164,0.47836
34.56000,1.01194,0.65159,0.34841
34.68000,1.01194,0.49099,0.50901
34.80000,1.01194,0.56931,0.43069
34.92000,1.01194,0.46388,0.53612
35.04000,1.01194,0.46743,0.53257
35.16000,1.01194,0.39792,0.60208
35.28000,1.01194,0.39267,0.60733
35.40000,1.01194,0.55627,0.44373
35.52000,1.01194,0.46431,0.53569
35.64000,1.01194,0.46975,0.53025
35.76000,1.01194,0.57191,0.42809
35.88000,1.01194,0.60647,0.39353
36.00000,1.01194,0.63717,0.36283
36.12000,1.01194,0.62048,0.37952
36.24000,1.01194,0.63156,0.36844
36.36000,1.01194,0.58227,0.41773
36.48000,1.01194,0.53257,0.46743
36.60000,1.01194,0.54587,0.45413
36.72000,1.01194,0.54616,0.45384
36.84000,1.01194,0.54151,0.45849
36.96000,1.01194,0.60016,0.39984
37.08000,1.01194,0.56641,0.43359
37.20000,1.01194,0.61949,0.38051
37.32000,1.01194,0.61966,0.38034
37.44000,1.01194,0.65102,0.34898
37.56000,1.01194,0.64159,0.35841
37.68000,1.01194,0.73901,0.26099
37.80000,1.01194,0.66204,0.33796
37.92000,1.01194,0.63532,0.36468
38.04000,1.01194,0.61425,0.38575
38.16000,1.01194,0.67839,0.32161
38.28000,1.01194,0.57616,0.42384
38.40000,1.01194,0.74256,0.25744
38.52000,1.01194,0.65941,0.34059
38.64000,1.01194,0.78367,0.21633
38.76000,1.01194,0.63294,0.36706
38.88000,1.01194,0.67398,0.32602
39.00000,1.01194,0.62265,0.37735
39.12000,1.01194,0.66214,0.33786
39.24000,1.01194,0.41609,0.58391
39.36000,1.01194,0.45705,0.54295
39.48000,1.01194,0.44608,0.55392
39.60000,1.01194,0.54074,0.45926
39.72000,1.01194,0.42746,0.57254
39.84000,1.01194,0.44757,0.55243
39.96000,1.01194,0.45111,0.54889
40.08000,1.01194,0.52897,0.47103
40.20000,1.01194,0.67211,0.32789
40.32000,1.01194,0.66326,0.33674
40.44000,1.01194,0.64072,0.35928
40.56000,1.01194,0.66978,0.33022
40.68000,1.01194,0.73507,0.26493
40.80000,1.01194,0.68982,0.31018
40.92000,1.01194,0.73971,0.26029
41.04000,1.01194,0.67858,0.32142
41.16000,1.01194,0.75065,0.24935
41.28000,1.01194,0.75020,0.24980
41.40000,1.01194,0.68392,0.31608
41.52000,1.01194,0.69235,0.30765
41.64000,1.01194,0.70132,0.29868
41.76000,1.01194,0.74638,0.25362
41.88000,1.01194,0.70597,0.29403
42.00000,1.01194,0.76607,0.23393
42.12000,1.01194,0.69981,0.30019
42.24000,1.01194,0.76923,0.23077
42.36000,1.01194,0.70062,0.29938
42.48000,1.01194,0.79359,0.20641
42.60000,1.01194,0.69019,0.30981
42.72000,1.01194,0.66149,0.33851
42.84000,1.01194,0.71928,0.28072
42.96000,1.01194,0.63802,0.36198
43.08000,1.01194,0.63231,0.36769
43.20000,1.01194,0.54207,0.45793
43.32000,1.01194,0.56924,0.43076
43.44000,1.01194,0.63105,0.36895
43.56000,1.01194,0.62963,0.37037
43.68000,1.01194,0.69976,0.30024
43.80000,1.01194,0.75460,0.24540
43.92000,1.01194,0.80875,0.19125
44.04000,1.01194,0.75242,0.24758
44.16000,1.01194,0.77835,0.22165
44.28000,1.01194,0.77637,0.22363
44.40000,1.01194,0.75505,0.24495
44.52000,1.01194,0.75193,0.24807
44.64000,1.01194,0.77233,0.22767
44.76000,1.01194,0.80576,0.19424
44.88000,1.01194,0.79071,0.20929
45.00000,1.01194,0.77714,0.22286
45.12000,1.01194,0.76780,0.23220
45.24000,1.01194,0.79541,0.20459
45.36000,1.01194,0.78295,0.21705
45.48000,1.01194,0.77111,0.22889
45.60000,1.01194,0.71350,0.28650
45.72000,1.01194,0.77601,0.22399
45.84000,1.01194,0.77340,0.22660
45.96000,1.01194,0.73164,0.26836
46.08000,1.01194,0.76945,0.23055
46.20000,1.01194,0.76644,0.23356
46.32000,1.01194,0.77615,0.22385
46.44000,1.01194,0.79881,0.20119
46.56000,1.01194,0.77787,0.22213
46.68000,1.01194,0.81246,0.18754
46.80000,1.01194,0.78038,0.21962
46.92000,1.01194,0.82325,0.17675
47.04000,1.01194,0.77568,0.22432
47.16000,1.01194,0.82597,0.17403
47.28000,1.01194,0.79899,0.20101
47.40000,1.01194,0.76620,0.23380
47.52000,1.01194,0.79234,0.20766
47.64000,1.01194,0.83021,0.16979
47.76000,1.01194,0.81519,0.18481
47.88000,1.01194,0.80013,0.19987
48.00000,1.01194,0.80611,0.19389
48.12000,1.01194,0.77275,0.22725
48.24000,1.01194,0.77274,0.22726
48.36000,1.01194,0.76353,0.23647
48.48000,1.01194,0.75497,0.24503
48.60000,1.01194,0.72552,0.27448
48.72000,1.01194,0.75160,0.24840
48.84000,1.01194,0.75984,0.24016
48.96000,1.01194,0.75318,0.24682
49.08000,1.01194,0.74567,0.25433
49.20000,1.01194,0.81179,0.18821
49.32000,1.01194,0.74510,0.25490
49.44000,1.01194,0.78860,0.21140
49.56000,1.01194,0.68866,0.31134
49.68000,1.01194,0.71422,0.28578
49.80000,1.01194,0.63562,0.36438
49.92000,1.01194,0.73279,0.26721
50.04000,1.01194,0.70869,0.29131
50.16000,1.01194,0.64165,0.35835
50.28000,1.01194,0.68583,0.31417
50.40000,1.01194,0.72415,0.27585
50.52000,1.01194,0.76361,0.23639
50.64000,1.01194,0.74921,0.25079
50.76000,1.01194,0.78850,0.21150
50.88000,1.01194,0.84225,0.15775
51.00000,1.01194,0.81978,0.18022
51.12000,1.01194,0.82852,0.17148
51.24000,1.01194,0.75851,0.24149
51.36000,1.01194,0.82710,0.17290
51.48000,1.01194,0.77332,0.22668
51.60000,1.01194,0.77467,0.22533
51.72000,1.01194,0.77888,0.22112
51.84000,1.01194,0.80938,0.19062
51.96000,1.01194,0.75759,0.24241
52.08000,1.01194,0.87017,0.12983
52.20000,1.01194,0.84690,0.15310
52.32000,1.01194,0.87131,0.12869
52.44000,1.01194,0.75128,0.24872
52.56000,1.01194,0.80964,0.19036
52.68000,1.01194,0.67832,0.32168
52.80000,1.01194,0.82236,0.17764
52.92000,1.01194,0.64868,0.35132
53.04000,1.01194,0.69919,0.30081
53.16000,1.01194,0.64235,0.35765
53.28000,1.01194,0.74084,0.25916
53.40000,1.01194,0.78917,0.21083
53.52000,1.01194,0.76147,0.23853
53.64000,1.01194,0.79589,0.20411
53.76000,1.01194,0.77256,0.22744
53.88000,1.01194,0.79609,0.20391
54.00000,1.01194,0.78640,0.21360
54.12000,1.01194,0.78066,0.21934
54.24000,1.01194,0.76177,0.23823
54.36000,1.01194,0.77984,0.22016
54.48000,1.01194,0.76761,0.23239
54.60000,1.01194,0.73722,0.26278
54.72000,1.01194,0.74005,0.25995
54.84000,1.01194,0.65834,0.34166
54.96000,1.01194,0.66721,0.33279
55.08000,1.01194,0.66769,0.33231
55.20000,1.01194,0.67708,0.32292
55.32000,1.01194,0.63081,0.36919
55.44000,1.01194,0.67696,0.32304
55.56000,1.01194,0.66733,0.33267
55.68000,1.01194,0.64828,0.35172
55.80000,1.01194,0.74115,0.25885
55.92000,1.01194,0.73489,0.26511
56.04000,1.01194,0.72975,0.27025
56.16000,1.01194,0.68829,0.31171
56.28000,1.01194,0.70827,0.29173
56.40000,1.01194,0.65843,0.34157
56.52000,1.01194,0.72939,0.27061
56.64000,1.01194,0.60071,0.39929
56.76000,1.01194,0.73157,0.26843
56.88000,1.01194,0.65693,0.34307
57.00000,1.01194,0.68655,0.31345
57.12000,1.01194,0.66703,0.33297
57.24000,1.01194,0.69688,0.30312
57.36000,1.01194,0.69768,0.30232
57.48000,1.01194,0.66626,0.33374
57.60000,1.01194,0.76059,0.23941
57.72000,1.01194,0.71874,0.28126
57.84000,1.01194,0.76677,0.23323
57.96000,1.01194,0.68649,0.31351
58.08000,1.01194,0.73120,0.26880
58.20000,1.01194,0.77879,0.22121
58.32000,1.01194,0.74376,0.25624
58.44000,1.01194,0.79305,0.20695
58.56000,1.01194,0.70103,0.29897
58.68000,1.01194,0.77358,0.22642
58.80000,1.01194,0.71209,0.28791
58.92000,1.01194,0.74957,0.25043
59.04000,1.01194,0.69064,0.30936
59.16000,1.01194,0.70599,0.29401
59.28000,1.01194,0.74989,0.25011
59.40000,1.01194,0.71926,0.28074
59.52000,1.01194,0.75103,0.24897
59.64000,1.01194,0.70589,0.29411
59.76000,1.01194,0.73057,0.26943
59.88000,1.01194,0.68729,0.31271
60.00000,1.01194,0.78028,0.21972
60.12000,1.01194,0.67874,0.32126
60.24000,1.01194,0.77332,0.22668
60.36000,1.01194,0.69233,0.30767
60.48000,1.01194,0.73413,0.26587
60.60000,1.01194,0.72331,0.27669
60.72000,1.01194,0.71034,0.28966
60.84000,1.01194,0.73322,0.26678
60.96000,1.01194,0.66832,0.33168
61.08000,1.01194,0.74242,0.25758
61.20000,1.01194,0.60448,0.39552
61.32000,1.01194,0.73943,0.26057
61.44000,1.01194,0.62107,0.37893
61.56000,1.01194,0.69669,0.30331
61.68000,1.01194,0.61930,0.38070
61.80000,1.01194,0.62612,0.37388
61.92000,1.01194,0.70246,0.29754
62.04000,1.01194,0.69137,0.30863
62.16000,1.01194,0.73328,0.26672
62.28000,1.01194,0.66904,0.33096
62.40000,1.01194,0.66782,0.33218
62.52000,1.01194,0.65838,0.34162
62.64000,1.01194,0.66953,0.33047
62.76000,1.01194,0.73570,0.26430
62.88000,1.01194,0.69071,0.30929
63.00000,1.01194,0.68504,0.31496
63.12000,1.01194,0.72729,0.27271
63.24000,1.01194,0.79109,0.20891
63.36000,1.01194,0.73313,0.26687
63.48000,1.01194,0.74424,0.25576
63.60000,1.01194,0.76242,0.23758
63.72000,1.01194,0.70818,0.29182
63.84000,1.01194,0.78000,0.22000
63.96000,1.01194,0.71703,0.28297
64.08000,1.01193,0.75005,0.24995
64.20000,1.01194,0.72437,0.27563
64.32000,1.01194,0.75157,0.24843
64.44000,1.01193,0.66226,0.33774
64.56000,1.01194,0.78796,0.21204
64.68000,1.01194,0.68462,0.31538
64.80000,1.01193,0.76794,0.23206
64.92000,1.01194,0.69892,0.30108
65.04000,1.01194,0.76265,0.23735
65.16000,1.01193,0.73626,0.26374
65.28000,1.01194,0.77566,0.22434
65.40000,1.01193,0.74079,0.25921
65.52000,1.01194,0.75916,0.24084
65.64000,1.01194,0.76443,0.23557
65.76000,1.01193,0.83328,0.16672
65.88000,1.01194,0.74441,0.25559
66.00000,1.01194,0.80896,0.19104
66.12000,1.01193,0.77803,0.22197
66.24000,1.01194,0.81711,0.18289
66.36000,1.01194,0.71649,0.28351
66.48000,1.01193,0.76700,0.23300
66.60000,1.01194,0.74843,0.25157
66.72000,1.01194,0.76329,0.23671
66.84000,1.01194,0.76581,0.23419
66.96000,1.01194,0.76927,0.23073
67.08000,1.01193,0.76349,0.23651
67.20000,1.01194,0.74069,0.25931
67.32000,1.01194,0.81659,0.18341
67.44000,1.01193,0.79644,0.20356
67.56000,1.01194,0.76808,0.23192
67.68000,1.01194,0.72226,0.27774
67.80000,1.01193,0.61705,0.38295
67.92000,1.01194,0.63111,0.36889
68.04000,1.01194,0.50821,0.49179
68.16000,1.01193,0.60572,0.39428
68.28000,1.01194,0.61232,0.38768
68.40000,1.01193,0.61818,0.38182
68.52000,1.01194,0.68513,0.31487
68.64000,1.01194,0.72865,0.27135
68.76000,1.01193,0.71798,0.28202
68.88000,1.01194,0.74289,0.25711
69.00000,1.01194,0.72063,0.27937
69.12000,1.01193,0.75259,0.24741
69.24000,1.01194,0.74149,0.25851
69.36000,1.01194,0.77444,0.22556
69.48000,1.01193,0.76542,0.23458
69.60000,1.01194,0.76384,0.23616
69.72000,1.01194,0.76808,0.23192
69.84000,1.01194,0.75828,0.24172
69.96000,1.01194,0.80031,0.19969
70.08000,1.01193,0.73712,0.26288
70.20000,1.01194,0.75646,0.24354
70.32000,1.01194,0.70200,0.29800
70.44000,1.01193,0.76355,0.23645
70.56000,1.01194,0.73870,0.26130
70.68000,1.01194,0.78000,0.22000
70.80000,1.01193,0.71631,0.28369
70.92000,1.01194,0.77036,0.22964
71.04000,1.01194,0.72923,0.27077
71.16000,1.01193,0.73465,0.26535
71.28000,1.01194,0.70248,0.29752
71.40000,1.01193,0.70379,0.29621
71.52000,1.01194,0.70336,0.29664
71.64000,1.01194,0.71133,0.28867
71.76000,1.01193,0.72573,0.27427
71.88000,1.01194,0.73520,0.26480
72.00000,1.01194,0.72223,0.27777
72.12000,1.01193,0.72949,0.27051
72.24000,1.01194,0.73205,0.26795
72.36000,1.01194,0.68673,0.31327
72.48000,1.01193,0.69319,0.30681
72.60000,1.01194,0.73612,0.26388
72.72000,1.01194,0.68680,0.31320
72.84000,1.01194,0.74440,0.25560
72.96000,1.01194,0.70559,0.29441
73.08000,1.01193,0.74404,0.25596
73.20000,1.01194,0.74688,0.25312
73.32000,1.01194,0.76457,0.23543
73.44000,1.01193,0.72856,0.27144
73.56000,1.01194,0.74666,0.25334
73.68000,1.01194,0.73301,0.26699
73.80000,1.01193,0.77699,0.22301
73.92000,1.01194,0.74928,0.25072
74.04000,1.01194,0.76317,0.23683
74.16000,1.01193,0.71259,0.28741
74.28000,1.01194,0.75568,0.24432
74.40000,1.01193,0.70444,0.29556
74.52000,1.01194,0.72407,0.27593
74.64000,1.01194,0.72285,0.27715
74.76000,1.01193,0.61132,0.38868
74.88000,1.01194,0.69224,0.30776
75.00000,1.01194,0.67278,0.32722
75.12000,1.01193,0.70939,0.29061
75.24000,1.01194,0.70804,0.29196
75.36000,1.01194,0.70551,0.29449
75.48000,1.01193,0.73384,0.26616
75.60000,1.01194,0.71853,0.28147
75.72000,1.01194,0.69902,0.30098
75.84000,1.01194,0.74903,0.25097
75.96000,1.01194,0.64933,0.35067
76.08000,1.01193,0.75396,0.24604
76.20000,1.01194,0.62958,0.37042
76.32000,1.01194,0.74433,0.25567
76.44000,1.01193,0.67828,0.32172
76.56000,1.01194,0.74752,0.25248
76.68000,1.01194,0.70840,0.29160
76.80000,1.01193,0.70370,0.29630
76.92000,1.01194,0.74406,0.25594
77.04000,1.01194,0.65098,0.34902
77.16000,1.01193,0.69041,0.30959
77.28000,1.01194,0.62046,0.37954
77.40000,1.01193,0.67562,0.32438
77.52000,1.01194,0.67499,0.32501
77.64000,1.01194,0.77235,0.22765
77.76000,1.01193,0.64248,0.35752
77.88000,1.01194,0.80666,0.19334
78.00000,1.01194,0.72258,0.27742
78.12000,1.01193,0.77130,0.22870
78.24000,1.01194,0.78446,0.21554
78.36000,1.01194,0.74445,0.25555
78.48000,1.01193,0.69559,0.30441
78.60000,1.01194,0.69983,0.30017
78.72000,1.01194,0.72918,0.27082
78.84000,1.01194,0.72100,0.27900
78.96000,1.01194,0.68380,0.31620
79.08000,1.01193,0.68924,0.31076
79.20000,1.01194,0.71976,0.28024
79.32000,1.01194,0.71907,0.28093
79.44000,1.01193,0.77875,0.22125
79.56000,1.01194,0.69117,0.30883
79.68000,1.01194,0.76540,0.23460
79.80000,1.01193,0.75607,0.24393
79.92000,1.01194,0.76093,0.23907
80.04000,1.01194,0.68479,0.31521
80.16000,1.01193,0.70822,0.29178
80.28000,1.01194,0.57967,0.42033
80.40000,1.01193,0.59280,0.40720
80.52000,1.01194,0.66643,0.33357
80.64000,1.01194,0.62634,0.37366
80.76000,1.01193,0.71144,0.28856
80.88000,1.01194,0.61589,0.38411
81.00000,1.01194,0.74275,0.25725
81.12000,1.01193,0.73912,0.26088
81.24000,1.01194,0.73391,0.26609
81.36000,1.01194,0.78256,0.21744
81.48000,1.01193,0.70878,0.29122
81.60000,1.01194,0.77006,0.22994
81.72000,1.01194,0.70968,0.29032
81.84000,1.01194,0.78361,0.21639
81.96000,1.01194,0.74152,0.25848
82.08000,1.01193,0.73756,0.26244
82.20000,1.01194,0.76061,0.23939
82.32000,1.01194,0.79359,0.20641
82.44000,1.01193,0.74639,0.25361
82.56000,1.01194,0.75986,0.24014
82.68000,1.01194,0.78878,0.21122
82.80000,1.01193,0.71509,0.28491
82.92000,1.01194,0.74531,0.25469
83.04000,1.01194,0.75428,0.24572
83.16000,1.01193,0.77984,0.22016
83.28000,1.01194,0.78686,0.21314
83.40000,1.01193,0.80018,0.19982
83.52000,1.01194,0.76768,0.23232
83.64000,1.01194,0.78515,0.21485
83.76000,1.01193,0.77621,0.22379
83.88000,1.01194,0.81928,0.18072
84.00000,1.01194,0.77086,0.22914
84.12000,1.01193,0.82336,0.17664
84.24000,1.01194,0.72478,0.27522
84.36000,1.01194,0.80937,0.19063
84.48000,1.01193,0.74943,0.25057
84.60000,1.01194,0.78422,0.21578
84.72000,1.01194,0.76443,0.23557
84.84000,1.01194,0.73277,0.26723
84.96000,1.01194,0.74800,0.25200
85.08000,1.01193,0.76590,0.23410
85.20000,1.01194,0.77889,0.22111
85.32000,1.01194,0.77319,0.22681
85.44000,1.01193,0.78021,0.21979
85.56000,1.01194,0.82243,0.17757
85.68000,1.01194,0.76216,0.23784
85.80000,1.01193,0.86944,0.13056
85.92000,1.01194,0.70059,0.29941
86.04000,1.01194,0.83328,0.16672
86.16000,1.01193,0.71797,0.28203
86.28000,1.01194,0.75781,0.24219
86.40000,1.01193,0.67960,0.32040
86.52000,1.01194,0.74568,0.25432
86.64000,1.01194,0.77450,0.22550
86.76000,1.01193,0.73342,0.26658
86.88000,1.01194,0.83343,0.16656
87.00000,1.01194,0.76924,0.23076
87.12000,1.01193,0.73843,0.26157
87.24000,1.01194,0.79844,0.20156
87.36000,1.01194,0.75391,0.24609
87.48000,1.01193,0.74432,0.25568
87.60000,1.01194,0.76887,0.23113
87.72000,1.01194,0.69881,0.30119
87.84000,1.01194,0.76799,0.23201
87.96000,1.01194,0.83186,0.16814
88.08000,1.01193,0.80002,0.19998
88.20000,1.01194,0.83661,0.16339
88.32000,1.01194,0.81095,0.18905
88.44000,1.01193,0.83603,0.16397
88.56000,1.01194,0.84284,0.15716
88.68000,1.01194,0.85214,0.14786
88.80000,1.01193,0.81418,0.18582
88.92000,1.01194,0.82661,0.17339
89.04000,1.01194,0.81603,0.18397
89.16000,1.01193,0.83308,0.16692
89.28000,1.01194,0.80856,0.19144
89.40000,1.01193,0.80340,0.19660
89.52000,1.01194,0.72984,0.27016
89.64000,1.01194,0.77466,0.22534
89.76000,1.01193,0.73907,0.26093
89.88000,1.01194,0.78985,0.21015
90.00000,1.01194,0.71289,0.28711
90.12000,1.01193,0.78016,0.21984
90.24000,1.01194,0.76261,0.23739
90.36000,1.01194,0.77885,0.22115
90.48000,1.01193,0.79636,0.20364
90.60000,1.01194,0.77706,0.22294
90.72000,1.01194,0.77091,0.22909
90.84000,1.01194,0.75645,0.24355
90.96000,1.01194,0.77649,0.22351
91.08000,1.01193,0.77421,0.22579
91.20000,1.01194,0.77419,0.22581
91.32000,1.01194,0.69664,0.30336
91.44000,1.01193,0.78003,0.21997
91.56000,1.01194,0.70414,0.29586
91.68000,1.01194,0.76063,0.23937
91.80000,1.01193,0.68711,0.31289
91.92000,1.01194,0.69533,0.30467
92.04000,1.01194,0.74557,0.25443
92.16000,1.01193,0.62424,0.37576
92.28000,1.01194,0.77404,0.22596
92.40000,1.01193,0.67865,0.32135
92.52000,1.01194,0.76628,0.23372
92.64000,1.01194,0.74043,0.25957
92.76000,1.01193,0.79714,0.20286
92.88000,1.01194,0.70873,0.29127
93.00000,1.01194,0.74287,0.25713
93.12000,1.01193,0.75790,0.24210
93.24000,1.01194,0.79578,0.20422
93.36000,1.01194,0.75829,0.24171
93.48000,1.01193,0.71671,0.28329
93.60000,1.01194,0.89145,0.10855
93.72000,1.01194,0.85583,0.14417
93.84000,1.01194,0.88723,0.11277
93.96000,1.01194,0.86395,0.13605
94.08000,1.01193,0.84871,0.15129
94.20000,1.01194,0.83832,0.16168
94.32000,1.01194,0.79691,0.20309
94.44000,1.01193,0.83063,0.16937
94.56000,1.01194,0.79320,0.20680
94.68000,1.01194,0.76583,0.23417
94.80000,1.01193,0.79102,0.20898
94.92000,1.01194,0.77206,0.22794
95.04000,1.01194,0.87054,0.12946
95.16000,1.01193,0.88240,0.11760
95.28000,1.01194,0.92653,0.07347
95.40000,1.01193,0.94801,0.05199
95.52000,1.01194,0.96402,0.03598
95.64000,1.01194,0.98818,0.01182
95.76000,1.01193,0.98755,0.01245
95.88000,1.01194,0.95308,0.04692
96.00000,1.01194,0.96927,0.03073
96.12000,1.01193,0.94168,0.05832
96.24000,1.01194,0.97009,0.02991
96.36000,1.01194,0.88032,0.11968
96.48000,1.01193,0.98392,0.01608
96.60000,1.01194,0.86664,0.13336
96.72000,1.01194,0.91996,0.08004
96.84000,1.01194,0.87892,0.12108
96.96000,1.01194,0.88708,0.11292
97.08000,1.01193,0.79408,0.20592
97.20000,1.01194,0.91827,0.08173
97.32000,1.01194,0.88497,0.11503
97.44000,1.01193,0.89825,0.10175
97.56000,1.01194,0.73238,0.26762
97.68000,1.01194,0.83207,0.16793
97.80000,1.01193,0.82732,0.17268
97.92000,1.01194,0.78322,0.21678
98.04000,1.01194,0.80456,0.19544
98.16000,1.01193,0.79203,0.20797
98.28000,1.01194,0.79801,0.20199
98.40000,1.01193,0.73587,0.26413
98.52000,1.01194,0.80968,0.19032
98.64000,1.01194,0.83162,0.16838
98.76000,1.01193,0.80435,0.19565
98.88000,1.01194,0.76484,0.23516
99.00000,1.01194,0.82327,0.17673
99.12000,1.01193,0.79436,0.20564
99.24000,1.01194,0.76996,0.23004
99.36000,1.01194,0.77054,0.22946
99.48000,1.01193,0.86403,0.13597
99.60000,1.01194,0.84090,0.15910
99.72000,1.01194,0.86293,0.13707
99.84000,1.01194,0.85435,0.14565
99.96000,1.01194,0.71652,0.28348
100.08000,1.01193,0.83073,0.16927
100.20000,1.01194,0.70206,0.29794
100.32000,1.01194,0.78430,0.21570
100.44000,1.01193,0.71969,0.28031
100.56000,1.01194,0.77208,0.22792
100.68000,1.01194,0.78734,0.21266
100.80000,1.01193,0.72027,0.27973
100.92000,1.01194,0.76503,0.23497
101.04000,1.01194,0.78029,0.21971
101.16000,1.01193,0.68754,0.31246
101.28000,1.01194,0.60560,0.39440
101.40000,1.01193,0.64229,0.35771
101.52000,1.01194,0.69006,0.30994
101.64000,1.01194,0.64080,0.35920
101.76000,1.01193,0.75585,0.24415
101.88000,1.01194,0.82116,0.17884
102.00000,1.01194,0.76373,0.23627
102.12000,1.01193,0.82329,0.17671
102.24000,1.01194,0.74560,0.25440
102.36000,1.01194,0.85593,0.14407
102.48000,1.01193,0.78126,0.21874
102.60000,1.01194,0.83748,0.16252
102.72000,1.01194,0.80258,0.19742
102.84000,1.01194,0.83011,0.16989
102.96000,1.01194,0.75111,0.24889
103.08000,1.01193,0.86968,0.13032
103.20000,1.01194,0.82295,0.17705
103.32000,1.01194,0.88649,0.11351
103.44000,1.01193,0.79967,0.20033
103.56000,1.01194,0.87761,0.12239
103.68000,1.01194,0.80493,0.19507
103.80000,1.01193,0.85033,0.14967
103.92000,1.01194,0.85887,0.14113
104.04000,1.01194,0.84644,0.15356
104.16000,1.01193,0.82611,0.17389
104.28000,1.01194,0.80299,0.19701
104.40000,1.01193,0.83852,0.16148
104.52000,1.01194,0.73882,0.26118
104.64000,1.01194,0.79305,0.20695
104.76000,1.01193,0.76647,0.23353
104.88000,1.01194,0.76313,0.23687
105.00000,1.01194,0.75550,0.24450
105.12000,1.01193,0.80375,0.19625
105.24000,1.01194,0.92270,0.07730
105.36000,1.01194,0.95316,0.04684
105.48000,1.01193,0.96011,0.03989
105.60000,1.01194,0.94919,0.05081
105.72000,1.01194,0.97822,0.02178
105.84000,1.01194,0.95251,0.04749
105.96000,1.01194,0.97914,0.02086
106.08000,1.01193,0.92870,0.07130
106.20000,1.01194,0.95963,0.04037
106.32000,1.01194,0.93805,0.06195
106.44000,1.01193,0.97475,0.02525
106.56000,1.01194,0.89507,0.10493
106.68000,1.01194,0.97855,0.02145
106.80000,1.01193,0.93585,0.06415
106.92000,1.01194,0.96127,0.03873
107.04000,1.01194,0.91206,0.08794
107.16000,1.01193,0.92474,0.07526
107.28000,1.01194,0.90796,0.09204
107.40000,1.01193,0.88935,0.11065
107.52000,1.01194,0.91997,0.08003
107.64000,1.01194,0.86337,0.13663
107.76000,1.01193,0.94614,0.05386
107.88000,1.01194,0.93831,0.06169
108.00000,1.01194,0.92490,0.07510
108.12000,1.01193,0.93376,0.06624
108.24000,1.01194,0.94321,0.05679
108.36000,1.01194,0.90221,0.09779
108.48000,1.01193,0.93696,0.06304
108.60000,1.01194,0.88292,0.11708
108.72000,1.01194,0.92414,0.07586
108.84000,1.01194,0.85548,0.14452
108.96000,1.01194,0.94592,0.05408
109.08000,1.01193,0.83595,0.16405
109.20000,1.01194,0.83736,0.16264
109.32000,1.01194,0.86755,0.13245
109.44000,1.01193,0.81410,0.18590
109.56000,1.01194,0.71014,0.28986
109.68000,1.01194,0.51759,0.48241
109.80000,1.01193,0.62660,0.37340
109.92000,1.01194,0.15908,0.84092
110.04000,1.01194,0.51174,0.48826
110.16000,1.01193,0.26631,0.73369
110.28000,1.01194,0.69142,0.30858
110.40000,1.01193,0.52369,0.47631
110.52000,1.01194,0.71695,0.28305
110.64000,1.01194,0.61277,0.38723
110.76000,1.01193,0.65746,0.34254
110.88000,1.01194,0.69137,0.30863
111.00000,1.01194,0.71418,0.28582
111.12000,1.01193,0.71570,0.28429
111.24000,1.01194,0.77836,0.22164
111.36000,1.01194,0.75259,0.24741
111.48000,1.01193,0.80585,0.19415
111.60000,1.01194,0.78133,0.21867
111.72000,1.01194,0.79905,0.20095
111.84000,1.01194,0.76178,0.23822
111.96000,1.01194,0.80887,0.19113
112.08000,1.01193,0.67494,0.32506
112.20000,1.01194,0.69969,0.30031
112.32000,1.01194,0.55333,0.44667
112.44000,1.01193,0.69683,0.30317
112.56000,1.01194,0.54828,0.45172
112.68000,1.01194,0.61013,0.38987
112.80000,1.01193,0.74027,0.25973
112.92000,1.01194,0.82414,0.17586
113.04000,1.01194,0.72415,0.27585
113.16000,1.01193,0.88183,0.11817
113.28000,1.01194,0.88918,0.11082
113.40000,1.01193,0.88332,0.11668
113.52000,1.01194,0.89863,0.10137
113.64000,1.01194,0.88909,0.11091
113.76000,1.01193,0.91654,0.08346
113.88000,1.01194,0.89632,0.10368
114.00000,1.01194,0.92048,0.07952
114.12000,1.01193,0.85489,0.14511
114.24000,1.01194,0.92424,0.07576
114.36000,1.01194,0.65850,0.34150
114.48000,1.01193,0.67245,0.32755
114.60000,1.01194,0.31721,0.68279
114.72000,1.01194,0.45460,0.54540
114.84000,1.01194,0.32321,0.67679
114.96000,1.01194,0.39601,0.60399
115.08000,1.01193,0.34267,0.65733
115.20000,1.01194,0.53795,0.46205
115.32000,1.01194,0.66873,0.33127
115.44000,1.01193,0.75865,0.24135
115.56000,1.01194,0.79072,0.20928
115.68000,1.01194,0.85257,0.14743
115.80000,1.01193,0.87126,0.12874
115.92000,1.01194,0.91316,0.08684
116.04000,1.01194,0.92548,0.07452
116.16000,1.01193,0.88651,0.11349
116.28000,1.01194,0.92233,0.07767
116.40000,1.01193,0.94089,0.05911
116.52000,1.01194,0.95149,0.04851
116.64000,1.01194,0.93695,0.06305
116.76000,1.01193,0.84660,0.15340
116.88000,1.01194,0.79725,0.20275
117.00000,1.01194,0.61135,0.38865
117.12000,1.01193,0.62444,0.37556
117.24000,1.01194,0.50544,0.49456
117.36000,1.01194,0.40876,0.59124
117.48000,1.01193,0.11382,0.88618
117.60000,1.01194,0.65645,0.34355
117.72000,1.01194,0.43544,0.56456
117.84000,1.01194,0.83807,0.16193
117.96000,1.01194,0.53535,0.46465
118.08000,1.01193,0.70823,0.29177
118.20000,1.01194,0.72624,0.27376
118.32000,1.01194,0.81573,0.18427
118.44000,1.01193,0.85478,0.14522
118.56000,1.01194,0.81168,0.18832
118.68000,1.01194,0.82707,0.17293
118.80000,1.01193,0.79121,0.20879
118.92000,1.01194,0.77674,0.22326
119.04000,1.01194,0.81157,0.18843
119.16000,1.01193,0.81176,0.18824
119.28000,1.01194,0.76664,0.23336
119.40000,1.01193,0.79288,0.20712
119.52000,1.01194,0.75296,0.24704
119.64000,1.01194,0.81582,0.18418
119.76000,1.01193,0.79063,0.20937
119.88000,1.01194,0.76321,0.23679
120.00000,1.01194,0.76820,0.23180
120.12000,1.01193,0.77646,0.22354
120.24000,1.01194,0.84585,0.15415
120.36000,1.01194,0.81821,0.18179
120.48000,1.01193,0.81929,0.18071
120.60000,1.01194,0.83545,0.16455
120.72000,1.01194,0.80709,0.19291
120.84000,1.01194,0.85957,0.14043
120.96000,1.01194,0.78172,0.21828
121.08000,1.01193,0.75511,0.24489
121.20000,1.01194,0.70742,0.29258
121.32000,1.01194,0.63767,0.36233
121.44000,1.01193,0.64389,0.35611
121.56000,1.01194,0.62845,0.37155
121.68000,1.01194,0.68011,0.31989
121.80000,1.01193,0.61451,0.38549
121.92000,1.01194,0.77495,0.22505
122.04000,1.01194,0.78895,0.21105
122.16000,1.01193,0.85176,0.14824
122.28000,1.01194,0.75652,0.24348
122.40000,1.01193,0.70721,0.29279
122.52000,1.01194,0.86227,0.13773
122.64000,1.01194,0.88512,0.11488
122.76000,1.01193,0.75642,0.24358
122.88000,1.01194,0.89796,0.10204
123.00000,1.01194,0.87187,0.12813
123.12000,1.01193,0.87245,0.12755
123.24000,1.01194,0.88686,0.11314
123.36000,1.01194,0.89589,0.10411
123.48000,1.01193,0.89687,0.10313
123.60000,1.01194,0.92800,0.07200
123.72000,1.01194,0.89430,0.10570
123.84000,1.01194,0.79215,0.20785
123.96000,1.01194,0.82483,0.17517
124.08000,1.01193,0.66759,0.33241
124.20000,1.01194,0.42242,0.57758
124.32000,1.01194,0.25401,0.74599
124.44000,1.01193,0.36791,0.63209
124.56000,1.01194,0.26841,0.73159
124.68000,1.01194,0.32222,0.67778
124.80000,1.01193,0.37510,0.62490
124.92000,1.01194,0.61458,0.38542
125.04000,1.01194,0.52118,0.47882
125.16000,1.01193,0.85606,0.14394
125.28000,1.01194,0.81689,0.18311
125.40000,1.01193,0.86552,0.13448
125.52000,1.01194,0.91056,0.08944
125.64000,1.01194,0.92928,0.07072
125.76000,1.01193,0.94120,0.05880
125.88000,1.01194,0.93691,0.06309
126.00000,1.01194,0.95300,0.04700
126.12000,1.01193,0.96037,0.03963
126.24000,1.01194,0.90283,0.09717
126.36000,1.01194,0.81824,0.18176
126.48000,1.01193,0.73797,0.26203
126.60000,1.01194,0.71536,0.28464
126.72000,1.01194,0.43175,0.56825
126.84000,1.01194,0.27031,0.72969
126.96000,1.01194,0.15660,0.84340
127.08000,1.01193,0.09217,0.90783
127.20000,1.01195,0.14112,0.85888
127.32000,1.01194,0.39365,0.60635
127.44000,1.01193,0.28011,0.71989
127.56000,1.01193,0.31734,0.68266
127.68000,1.01194,0.54622,0.45378
127.80000,1.01193,0.25376,0.74624
127.92000,1.01193,0.43538,0.56462
128.03999,1.01195,0.39388,0.60612
128.16000,1.01193,0.45913,0.54087
128.28000,1.01193,0.54174,0.45826
128.39999,1.01195,0.39690,0.60310
128.52000,1.01193,0.51379,0.48621
128.64000,1.01193,0.57023,0.42977
128.75999,1.01195,0.44648,0.55352
128.88000,1.01193,0.52383,0.47617
129.00000,1.01193,0.18623,0.81377
129.12000,1.01195,0.17423,0.82577
129.24001,1.01193,0.20464,0.79536
129.36000,1.01193,0.14343,0.85657
129.48000,1.01195,0.09131,0.90869
129.60001,1.01193,0.20591,0.79409
129.72000,1.01193,0.21805,0.78195
129.84000,1.01195,0.24143,0.75857
129.96001,1.01193,0.42602,0.57398
130.08000,1.01193,0.45150,0.54850
130.20000,1.01195,0.59484,0.40516
130.32001,1.01193,0.53678,0.46322
130.44000,1.01193,0.65525,0.34475
130.56000,1.01193,0.57003,0.42997
130.67999,1.01195,0.66773,0.33227
130.80000,1.01193,0.59581,0.40419
130.92000,1.01193,0.72911,0.27089
131.03999,1.01195,0.58723,0.41277
131.16000,1.01193,0.64772,0.35228
131.28000,1.01193,0.58905,0.41095
131.39999,1.01195,0.71552,0.28448
131.52000,1.01193,0.49012,0.50988
131.64000,1.01193,0.40052,0.59948
131.75999,1.01195,0.30612,0.69388
131.88000,1.01193,0.15643,0.84357
132.00000,1.01193,0.14114,0.85886
132.12000,1.01195,0.16255,0.83745
132.24001,1.01193,0.14550,0.85450
132.36000,1.01193,0.15571,0.84429
132.48000,1.01195,0.27804,0.72196
132.60001,1.01193,0.34696,0.65304
132.72000,1.01193,0.59483,0.40517
132.84000,1.01195,0.72824,0.27176
132.96001,1.01193,0.66960,0.33040
133.08000,1.01193,0.72898,0.27102
133.20000,1.01195,0.75306,0.24694
133.32001,1.01193,0.76099,0.23901
133.44000,1.01193,0.73249,0.26751
133.56000,1.01193,0.67527,0.32473
133.67999,1.01195,0.66464,0.33536
133.80000,1.01193,0.57760,0.42240
133.92000,1.01193,0.51711,0.48289
134.03999,1.01195,0.23598,0.76402
134.16000,1.01193,0.15693,0.84307
134.28000,1.01193,0.17440,0.82560
134.39999,1.01195,0.27027,0.72973
134.52000,1.01193,0.23008,0.76992
134.64000,1.01193,0.21053,0.78947
134.75999,1.01195,0.47464,0.52536
134.88000,1.01193,0.44976,0.55024
135.00000,1.01193,0.68753,0.31247
135.12000,1.01195,0.63092,0.36908
135.24001,1.01193,0.71536,0.28464
135.36000,1.01193,0.71042,0.28958
135.48000,1.01195,0.45081,0.54919
135.60001,1.01193,0.42061,0.57939
135.72000,1.01193,0.19858,0.80142
135.84000,1.01195,0.16760,0.83240
135.96001,1.01193,0.07344,0.92656
136.08000,1.01193,0.01853,0.98147
136.20000,1.01195,0.00772,0.99228
136.32001,1.01193,0.01120,0.98880
136.44000,1.01193,0.04444,0.95556
136.56000,1.01193,0.05321,0.94679
136.67999,1.01195,0.09864,0.90136
136.80000,1.01193,0.10862,0.89138
136.92000,1.01193,0.15833,0.84167
137.03999,1.01195,0.26371,0.73629
137.16000,1.01193,0.32564,0.67436
137.28000,1.01193,0.41224,0.58776
137.39999,1.01195,0.08913,0.91087
137.52000,1.01193,0.14045,0.85955
137.64000,1.01193,0.12359,0.87641
137.75999,1.01195,0.03964,0.96036
137.88000,1.01193,0.03279,0.96721
138.00000,1.01193,0.02571,0.97429
138.12000,1.01195,0.04583,0.95417
138.24001,1.01193,0.03421,0.96579
138.36000,1.01193,0.06894,0.93106
138.48000,1.01195,0.17458,0.82542
138.60001,1.01193,0.13548,0.86452
138.72000,1.01193,0.32963,0.67037
138.84000,1.01195,0.42340,0.57660
138.96001,1.01193,0.56445,0.43555
139.08000,1.01193,0.50461,0.49539
139.20000,1.01195,0.57004,0.42996
139.32001,1.01193,0.66920,0.33080
139.44000,1.01193,0.58296,0.41704
139.56000,1.01193,0.63338,0.36662
139.67999,1.01195,0.52751,0.47249
139.80000,1.01193,0.53541,0.46459
139.92000,1.01193,0.42036,0.57964
140.03999,1.01195,0.33365,0.66635
140.16000,1.01193,0.37823,0.62177
140.28000,1.01193,0.15309,0.84691
140.39999,1.01195,0.09922,0.90078
140.52000,1.01193,0.02296,0.97704
140.64000,1.01193,0.10004,0.89996
140.75999,1.01195,0.01483,0.98517
140.88000,1.01193,0.01629,0.98371
141.00000,1.01193,0.01172,0.98828
141.12000,1.01195,0.02691,0.97309
141.24001,1.01193,0.01704,0.98296
141.36000,1.01193,0.09419,0.90581
141.48000,1.01195,0.01797,0.98203
141.60001,1.01193,0.01804,0.98196
141.72000,1.01193,0.01512,0.98488
141.84000,1.01195,0.02199,0.97801
141.96001,1.01193,0.01607,0.98393
142.08000,1.01193,0.02276,0.97724
142.20000,1.01195,0.06911,0.93089
142.32001,1.01193,0.23605,0.76395
142.44000,1.01193,0.31013,0.68987
142.56000,1.01193,0.47096,0.52904
142.67999,1.01195,0.43587,0.56413
142.80000,1.01193,0.44551,0.55449
142.92000,1.01193,0.39056,0.60944
143.03999,1.01195,0.59414,0.40586
143.16000,1.01193,0.60000,0.40000
143.28000,1.01193,0.58271,0.41729
143.39999,1.01195,0.56311,0.43689
143.52000,1.01193,0.41681,0.58319
143.64000,1.01193,0.50610,0.49390
143.75999,1.01195,0.42023,0.57977
143.88000,1.01193,0.53114,0.46886
144.00000,1.01193,0.42380,0.57620
144.12000,1.01195,0.38305,0.61695
144.24001,1.01193,0.36156,0.63844
144.36000,1.01193,0.28132,0.71868
144.48000,1.01195,0.33506,0.66494
144.60001,1.01193,0.29079,0.70921
144.72000,1.01193,0.16593,0.83407
144.84000,1.01195,0.07352,0.92648
144.96001,1.01193,0.08025,0.91975
145.08000,1.01193,0.04147,0.95853
145.20000,1.01195,0.02918,0.97082
145.32001,1.01193,0.02049,0.97951
145.44000,1.01193,0.01369,0.98631
145.56000,1.01193,0.01656,0.98344
145.67999,1.01195,0.01008,0.98992
145.80000,1.01193,0.01509,0.98491
145.92000,1.01193,0.01121,0.98879
146.03999,1.01195,0.01861,0.98139
146.16000,1.01193,0.01140,0.98860
146.28000,1.01193,0.00984,0.99016
146.39999,1.01195,0.00899,0.99101
146.52000,1.01193,0.00909,0.99091
146.64000,1.01193,0.01150,0.98850
146.75999,1.01195,0.01057,0.98943
146.88000,1.01193,0.01035,0.98965
147.00000,1.01193,0.01797,0.98203
147.12000,1.01195,0.01981,0.98019
147.24001,1.01193,0.03290,0.96710
147.36000,1.01193,0.02416,0.97584
147.48000,1.01195,0.03273,0.96727
147.60001,1.01193,0.04217,0.95783
147.72000,1.01193,0.01926,0.98074
147.84000,1.01195,0.03048,0.96952
147.96001,1.01193,0.03207,0.96793
148.08000,1.01193,0.07784,0.92216
148.20000,1.01195,0.04749,0.95251
148.32001,1.01193,0.08043,0.91957
148.44000,1.01193,0.10774,0.89226
148.56000,1.01193,0.15964,0.84036
148.67999,1.01195,0.23886,0.76114
148.80000,1.01193,0.29188,0.70812
148.92000,1.01193,0.34305,0.65695
149.03999,1.01195,0.21997,0.78003
149.16000,1.01193,0.18686,0.81314
149.28000,1.01193,0.15205,0.84795
149.39999,1.01195,0.09170,0.90830
149.52000,1.01193,0.08754,0.91246
149.64000,1.01193,0.05922,0.94078
149.75999,1.01195,0.03694,0.96306
149.88000,1.01193,0.03263,0.96737
150.00000,1.01193,0.03073,0.96927
150.12000,1.01195,0.03108,0.96892
150.24001,1.01193,0.01838,0.98162
150.36000,1.01193,0.01919,0.98081
150.48000,1.01195,0.01126,0.98874
150.60001,1.01193,0.01334,0.98666
150.72000,1.01193,0.00701,0.99299
150.84000,1.01195,0.01092,0.98908
150.96001,1.01193,0.00721,0.99279
151.08000,1.01193,0.01248,0.98752
151.20000,1.01195,0.01045,0.98955
151.32001,1.01193,0.02616,0.97384
151.44000,1.01193,0.01198,0.98802
151.56000,1.01193,0.02595,0.97405
151.67999,1.01195,0.01226,0.98774
151.80000,1.01193,0.01755,0.98245
151.92000,1.01193,0.01450,0.98550
152.03999,1.01195,0.01306,0.98694
152.16000,1.01193,0.02593,0.97407
152.28000,1.01193,0.01816,0.98184
152.39999,1.01195,0.02070,0.97930
152.52000,1.01193,0.01481,0.98519
152.64000,1.01193,0.01704,0.98296
152.75999,1.01195,0.01159,0.98841
152.88000,1.01193,0.01322,0.98678
153.00000,1.01193,0.00895,0.99105
153.12000,1.01195,0.02589,0.97411
153.24001,1.01193,0.06975,0.93025
153.36000,1.01193,0.09865,0.90135
153.48000,1.01195,0.16882,0.83118
153.60001,1.01193,0.21049,0.78951
153.72000,1.01193,0.34030,0.65970
153.84000,1.01195,0.13946,0.86054
153.96001,1.01193,0.18607,0.81393
154.08000,1.01193,0.12181,0.87819
154.20000,1.01195,0.09681,0.90319
154.32001,1.01193,0.06907,0.93093
154.44000,1.01193,0.05808,0.94192
154.56000,1.01193,0.06304,0.93696
154.67999,1.01195,0.04152,0.95848
154.80000,1.01193,0.03520,0.96480
154.92000,1.01193,0.03062,0.96938
155.03999,1.01195,0.01698,0.98302
155.16000,1.01193,0.01737,0.98263
155.28000,1.01193,0.00567,0.99433
155.39999,1.01195,0.01242,0.98758
155.52000,1.01193,0.00867,0.99133
155.64000,1.01193,0.01984,0.98016
155.75999,1.01195,0.01566,0.98434
155.88000,1.01193,0.01319,0.98681
156.00000,1.01193,0.01080,0.98920
156.12000,1.01195,0.01678,0.98322
156.24001,1.01193,0.01443,0.98557
156.36000,1.01193,0.01274,0.98726
156.48000,1.01195,0.01358,0.98642
156.60001,1.01193,0.01333,0.98667
156.72000,1.01193,0.01450,0.98550
156.84000,1.01195,0.01607,0.98393
156.96001,1.01193,0.01660,0.98340
157.08000,1.01193,0.01475,0.98525
157.20000,1.01195,0.01869,0.98131
157.32001,1.01193,0.02211,0.97789
157.44000,1.01193,0.01093,0.98907
157.56000,1.01193,0.01447,0.98553
157.67999,1.01195,0.00887,0.99113
157.80000,1.01193,0.00719,0.99281
157.92000,1.01193,0.01386,0.98614
158.03999,1.01195,0.01596,0.98404
158.16000,1.01193,0.02935,0.97065
158.28000,1.01193,0.03809,0.96191
158.39999,1.01195,0.06991,0.93009
158.52000,1.01193,0.11420,0.88580
158.64000,1.01193,0.21385,0.78615
158.75999,1.01195,0.22754,0.77246
158.88000,1.01193,0.44122,0.55878
159.00000,1.01193,0.41693,0.58307
159.12000,1.01195,0.53012,0.46988
159.24001,1.01193,0.35307,0.64693
159.36000,1.01193,0.34554,0.65446
159.48000,1.01195,0.20626,0.79374
159.60001,1.01193,0.24794,0.75206
159.72000,1.01193,0.10142,0.89858
159.84000,1.01195,0.11811,0.88189
159.96001,1.01193,0.05696,0.94304
160.08000,1.01193,0.08785,0.91215
160.20000,1.01195,0.04947,0.95053
160.32001,1.01193,0.04777,0.95223
160.44000,1.01193,0.04605,0.95395
160.56000,1.01193,0.06177,0.93823
160.67999,1.01195,0.04769,0.95232
160.80000,1.01193,0.07303,0.92697
160.92000,1.01193,0.10213,0.89787
161.03999,1.01195,0.18156,0.81844
161.16000,1.01193,0.20182,0.79818
161.28000,1.01193,0.30934,0.69066
161.39999,1.01195,0.28807,0.71193
161.52000,1.01193,0.38064,0.61936
161.64000,1.01193,0.44258,0.55742
161.75999,1.01195,0.47944,0.52056
161.88000,1.01193,0.67106,0.32894
162.00000,1.01193,0.61667,0.38333
162.12000,1.01195,0.65976,0.34024
162.24001,1.01193,0.51755,0.48245
162.36000,1.01193,0.44331,0.55669
162.48000,1.01195,0.33981,0.66019
162.60001,1.01193,0.29345,0.70655
162.72000,1.01193,0.22178,0.77822
162.84000,1.01195,0.12229,0.87771
162.96001,1.01193,0.23466,0.76534
163.08000,1.01193,0.30550,0.69450
163.20000,1.01195,0.44650,0.55350
163.32001,1.01193,0.60147,0.39853
163.44000,1.01193,0.61812,0.38188
163.56000,1.01193,0.70336,0.29664
163.67999,1.01195,0.73450,0.26550
163.80000,1.01193,0.72384,0.27616
163.92000,1.01193,0.79548,0.20452
164.03999,1.01195,0.71468,0.28532
164.16000,1.01193,0.71086,0.28914
164.28000,1.01193,0.76981,0.23019
164.39999,1.01195,0.78472,0.21528
164.52000,1.01193,0.83612,0.16388
164.64000,1.01193,0.84442,0.15558
164.75999,1.01195,0.85799,0.14201
164.88000,1.01193,0.86349,0.13651
165.00000,1.01193,0.89520,0.10480
165.12000,1.01195,0.89264,0.10736
165.24001,1.01193,0.83952,0.16048
165.36000,1.01193,0.88032,0.11968
165.48000,1.01195,0.85311,0.14689
165.60001,1.01193,0.74382,0.25618
165.72000,1.01193,0.86352,0.13648
165.84000,1.01195,0.80524,0.19476
165.96001,1.01193,0.84800,0.15200
166.08000,1.01193,0.77367,0.22633
166.20000,1.01195,0.77623,0.22377
166.32001,1.01193,0.75640,0.24360
166.44000,1.01193,0.62191,0.37809
166.56000,1.01193,0.74318,0.25682
166.67999,1.01195,0.69547,0.30453
166.80000,1.01193,0.74530,0.25470
166.92000,1.01193,0.70153,0.29847
167.03999,1.01195,0.70981,0.29019
167.16000,1.01193,0.77613,0.22387
167.28000,1.01193,0.76077,0.23923
167.39999,1.01195,0.74541,0.25459
167.52000,1.01193,0.70653,0.29347
167.64000,1.01193,0.75430,0.24570
167.75999,1.01195,0.72190,0.27810
167.88000,1.01193,0.71801,0.28199
168.00000,1.01193,0.49656,0.50344
168.12000,1.01195,0.64627,0.35373
168.24001,1.01193,0.62107,0.37893
168.36000,1.01193,0.39884,0.60116
168.48000,1.01195,0.43891,0.56109
168.60001,1.01193,0.38282,0.61718
168.72000,1.01193,0.48171,0.51829
168.84000,1.01195,0.29614,0.70386
168.96001,1.01193,0.43883,0.56117
169.08000,1.01193,0.51124,0.48876
169.20000,1.01195,0.46239,0.53761
169.32001,1.01193,0.53523,0.46477
169.44000,1.01193,0.65394,0.34606
169.56000,1.01193,0.69099,0.30901
169.67999,1.01195,0.72223,0.27777
169.80000,1.01193,0.72594,0.27406
169.92000,1.01193,0.70824,0.29176
170.03999,1.01195,0.63698,0.36302
170.16000,1.01193,0.58340,0.41660
170.28000,1.01193,0.56560,0.43440
170.39999,1.01195,0.35172,0.64828
170.52000,1.01193,0.41277,0.58723
170.64000,1.01193,0.22212,0.77788
170.75999,1.01195,0.19958,0.80042
170.88000,1.01193,0.14309,0.85691
171.00000,1.01193,0.13721,0.86279
171.12000,1.01195,0.24823,0.75177
171.24001,1.01193,0.27330,0.72670
171.36000,1.01193,0.46382,0.53618
171.48000,1.01195,0.45085,0.54915
171.60001,1.01193,0.45488,0.54512
171.72000,1.01193,0.62115,0.37885
171.84000,1.01195,0.55860,0.44140
171.96001,1.01193,0.60731,0.39269
172.08000,1.01193,0.67654,0.32346
172.20000,1.01195,0.67617,0.32383
172.32001,1.01193,0.66317,0.33683
172.44000,1.01193,0.65870,0.34130
172.56000,1.01193,0.68748,0.31252
172.67999,1.01195,0.66058,0.33942
172.80000,1.01193,0.71290,0.28710
172.92000,1.01193,0.66208,0.33792
173.03999,1.01195,0.64724,0.35276
173.16000,1.01193,0.64482,0.35518
173.28000,1.01193,0.63915,0.36085
173.39999,1.01195,0.54831,0.45169
173.52000,1.01193,0.56073,0.43927
173.64000,1.01193,0.56265,0.43735
173.75999,1.01195,0.63745,0.36255
173.88000,1.01193,0.61864,0.38136
174.00000,1.01193,0.70148,0.29852
174.12000,1.01195,0.57265,0.42735
174.24001,1.01193,0.65424,0.34576
174.36000,1.01193,0.65254,0.34746
174.48000,1.01195,0.65017,0.34983
174.60001,1.01193,0.62988,0.37012
174.72000,1.01193,0.63552,0.36448
174.84000,1.01195,0.68071,0.31929
174.96001,1.01193,0.63822,0.36178
175.08000,1.01193,0.65618,0.34382
175.20000,1.01195,0.61287,0.38713
175.32001,1.01193,0.53192,0.46808
175.44000,1.01193,0.62092,0.37908
175.56000,1.01193,0.67498,0.32502
175.67999,1.01195,0.62257,0.37743
175.80000,1.01193,0.62173,0.37827
175.92000,1.01193,0.68920,0.31080
176.03999,1.01195,0.69963,0.30037
176.16000,1.01193,0.63646,0.36354
176.28000,1.01193,0.62295,0.37705
176.39999,1.01195,0.63028,0.36972
176.52000,1.01193,0.54027,0.45973
176.64000,1.01193,0.58746,0.41254
176.75999,1.01195,0.53143,0.46857
176.88000,1.01193,0.60778,0.39222
177.00000,1.01193,0.53774,0.46226
177.12000,1.01195,0.68774,0.31226
177.24001,1.01193,0.63660,0.36340
177.36000,1.01193,0.65131,0.34869
177.48000,1.01195,0.70883,0.29117
177.60001,1.01193,0.73350,0.26650
177.72000,1.01193,0.69671,0.30329
177.84000,1.01195,0.71412,0.28588
177.96001,1.01193,0.73385,0.26615
178.08000,1.01193,0.75372,0.24628
178.20000,1.01195,0.70788,0.29212
178.32001,1.01193,0.77188,0.22812
178.44000,1.01193,0.74508,0.25492
178.56000,1.01193,0.73650,0.26350
178.67999,1.01195,0.63448,0.36552
178.80000,1.01193,0.72542,0.27458
178.92000,1.01193,0.69377,0.30623
179.03999,1.01195,0.70490,0.29510
179.16000,1.01193,0.73057,0.26943
179.28000,1.01193,0.73081,0.26919
179.39999,1.01195,0.76871,0.23129
179.52000,1.01193,0.73498,0.26502
179.64000,1.01193,0.72280,0.27720
179.75999,1.01195,0.88593,0.11407
179.88000,1.01193,0.85201,0.14799
180.00000,1.01193,0.85101,0.14899
180.12000,1.01195,0.85802,0.14198
180.24001,1.01193,0.80706,0.19294
180.36000,1.01193,0.56998,0.43002
180.48000,1.01195,0.64046,0.35954
180.60001,1.01193,0.60971,0.39029
180.72000,1.01193,0.57540,0.42460
180.84000,1.01195,0.19460,0.80540
180.96001,1.01193,0.38693,0.61307
181.08000,1.01193,0.12389,0.87611
181.20000,1.01195,0.15134,0.84866
181.32001,1.01193,0.12379,0.87621
181.44000,1.01193,0.31765,0.68235
181.56000,1.01193,0.22691,0.77309
181.67999,1.01195,0.50558,0.49442
181.80000,1.01193,0.50903,0.49097
181.92000,1.01193,0.80330,0.19670
182.03999,1.01195,0.75724,0.24276
182.16000,1.01193,0.79217,0.20783
182.28000,1.01193,0.80847,0.19153
182.39999,1.01195,0.86078,0.13922
182.52000,1.01193,0.85422,0.14578
182.64000,1.01193,0.92914,0.07086
182.75999,1.01195,0.94872,0.05128
182.88000,1.01193,0.94826,0.05174
183.00000,1.01193,0.96761,0.03239
183.12000,1.01195,0.97234,0.02766
183.24001,1.01193,0.95258,0.04742
183.36000,1.01193,0.95353,0.04647
183.48000,1.01195,0.92705,0.07295
183.60001,1.01193,0.94296,0.05704
183.72000,1.01193,0.83415,0.16585
183.84000,1.01195,0.92613,0.07387
183.96001,1.01193,0.64247,0.35753
184.08000,1.01193,0.92042,0.07958
184.20000,1.01195,0.67160,0.32840
184.32001,1.01193,0.83491,0.16509
184.44000,1.01193,0.90342,0.09658
184.56000,1.01193,0.84998,0.15002
184.67999,1.01195,0.79476,0.20524
184.80000,1.01193,0.93577,0.06423
184.92000,1.01193,0.90034,0.09966
185.03999,1.01195,0.96023,0.03977
185.16000,1.01193,0.92845,0.07155
185.28000,1.01193,0.92441,0.07559
185.39999,1.01195,0.98029,0.01971
185.52000,1.01193,0.87204,0.12796
185.64000,1.01193,0.95819,0.04181
185.75999,1.01195,0.69410,0.30590
185.88000,1.01193,0.83633,0.16367
186.00000,1.01193,0.74839,0.25161
186.12000,1.01195,0.67233,0.32767
186.24001,1.01193,0.66340,0.33660
186.36000,1.01193,0.34105,0.65895
186.48000,1.01195,0.55934,0.44066
186.60001,1.01193,0.86290,0.13710
186.72000,1.01193,0.87375,0.12625
186.84000,1.01195,0.92461,0.07539
186.96001,1.01193,0.95623,0.04377
187.08000,1.01193,0.86512,0.13488
187.20000,1.01195,0.84904,0.15096
187.32001,1.01193,0.92270,0.07730
187.44000,1.01193,0.80291,0.19709
187.56000,1.01193,0.78403,0.21597
187.67999,1.01195,0.71508,0.28492
187.80000,1.01193,0.81841,0.18159
187.92000,1.01193,0.75021,0.24979
188.03999,1.01195,0.83786,0.16214
188.16000,1.01193,0.76072,0.23928
188.28000,1.01193,0.74533,0.25467
188.39999,1.01195,0.68582,0.31418
188.52000,1.01193,0.69928,0.30072
188.64000,1.01193,0.70313,0.29687
188.75999,1.01195,0.56991,0.43009
188.88000,1.01193,0.54330,0.45670
189.00000,1.01193,0.51199,0.48801
189.12000,1.01195,0.73362,0.26638
189.24001,1.01193,0.79529,0.20471
189.36000,1.01193,0.75875,0.24125
189.48000,1.01195,0.83994,0.16006
189.60001,1.01193,0.80252,0.19748
189.72000,1.01193,0.84942,0.15058
189.84000,1.01195,0.79398,0.20602
189.96001,1.01193,0.78595,0.21405
190.08000,1.01193,0.80395,0.19605
190.20000,1.01195,0.75636,0.24364
190.32001,1.01193,0.76282,0.23718
190.44000,1.01193,0.87224,0.12776
190.56000,1.01193,0.85039,0.14961
190.67999,1.01195,0.79977,0.20023
190.80000,1.01193,0.69503,0.30497
190.92000,1.01193,0.71323,0.28677
191.03999,1.01195,0.79292,0.20708
191.16000,1.01193,0.83439,0.16561
191.28000,1.01193,0.77964,0.22036
191.39999,1.01195,0.80451,0.19549
191.52000,1.01193,0.81776,0.18224
191.64000,1.01193,0.88197,0.11803
191.75999,1.01195,0.83451,0.16549
191.88000,1.01193,0.84103,0.15897
192.00000,1.01193,0.87661,0.12339
192.12000,1.01195,0.78476,0.21524
192.24001,1.01193,0.83442,0.16558
192.36000,1.01193,0.79919,0.20080
192.48000,1.01195,0.84923,0.15077
192.60001,1.01193,0.77840,0.22160
192.72000,1.01193,0.90392,0.09608
192.84000,1.01195,0.88647,0.11353
192.96001,1.01193,0.83621,0.16379
193.08000,1.01193,0.89188,0.10812
193.20000,1.01195,0.85918,0.14082
193.32001,1.01193,0.93564,0.06436
193.44000,1.01193,0.91868,0.08132
193.56000,1.01193,0.89601,0.10399
193.67999,1.01195,0.85351,0.14649
193.80000,1.01193,0.84538,0.15462
193.92000,1.01193,0.85718,0.14282
194.03999,1.01195,0.77919,0.22081
194.16000,1.01193,0.86300,0.13700
194.28000,1.01193,0.85515,0.14485
194.39999,1.01195,0.85808,0.14192
194.52000,1.01193,0.91203,0.08797
194.64000,1.01193,0.88098,0.11902
194.75999,1.01195,0.89839,0.10161
194.88000,1.01193,0.74561,0.25439
195.00000,1.01193,0.88722,0.11278
195.12000,1.01195,0.69019,0.30981
195.24001,1.01193,0.83757,0.16243
195.36000,1.01193,0.59863,0.40137
195.48000,1.01195,0.73203,0.26797
195.60001,1.01193,0.47188,0.52812
195.72000,1.01193,0.62939,0.37061
195.84000,1.01195,0.60883,0.39117
195.96001,1.01193,0.73193,0.26807
196.08000,1.01193,0.70851,0.29149
196.20000,1.01195,0.79956,0.20044
196.32001,1.01193,0.74976,0.25024
196.44000,1.01193,0.74437,0.25563
196.56000,1.01193,0.81202,0.18798
196.67999,1.01195,0.93444,0.06556
196.80000,1.01193,0.91166,0.08834
196.92000,1.01193,0.95629,0.04371
197.03999,1.01195,0.97898,0.02102
197.16000,1.01193,0.99244,0.00756
197.28000,1.01193,0.96127,0.03873
197.39999,1.01195,0.97013,0.02987
197.52000,1.01193,0.91304,0.08696
197.64000,1.01193,0.97100,0.02900
197.75999,1.01195,0.83047,0.16953
197.88000,1.01193,0.93693,0.06307
198.00000,1.01193,0.90853,0.09147
198.12000,1.01195,0.96284,0.03716
198.24001,1.01193,0.96232,0.03768
198.36000,1.01193,0.98450,0.01550
198.48000,1.01195,0.99349,0.00651
198.60001,1.01193,0.99028,0.00972
198.72000,1.01193,0.99335,0.00665
198.84000,1.01195,0.98713,0.01287
198.96001,1.01193,0.99092,0.00908
199.08000,1.01193,0.98890,0.01110
199.20000,1.01195,0.96666,0.03334
199.32001,1.01193,0.95195,0.04805
199.44000,1.01193,0.97024,0.02976
199.56000,1.01193,0.94076,0.05924
199.67999,1.01195,0.94291,0.05709
199.80000,1.01193,0.87535,0.12465
199.92000,1.01193,0.97697,0.02303
200.03999,1.01195,0.89205,0.10795
200.16000,1.01193,0.93929,0.06071
200.28000,1.01193,0.79685,0.20315
200.39999,1.01195,0.88667,0.11333
200.52000,1.01193,0.82783,0.17217
200.64000,1.01193,0.79356,0.20644
200.75999,1.01195,0.75801,0.24199
200.88000,1.01193,0.76688,0.23312
201.00000,1.01193,0.85310,0.14690
201.12000,1.01195,0.74480,0.25520
201.24001,1.01193,0.77290,0.22710
201.36000,1.01193,0.73109,0.26891
201.48000,1.01195,0.81469,0.18531
201.60001,1.01193,0.82538,0.17462
201.72000,1.01193,0.87109,0.12891
201.84000,1.01195,0.85377,0.14623
201.96001,1.01193,0.88072,0.11928
202.08000,1.01193,0.87962,0.12038
202.20000,1.01195,0.89488,0.10512
202.32001,1.01193,0.84104,0.15896
202.44000,1.01193,0.84129,0.15871
202.56000,1.01193,0.75588,0.24412
202.67999,1.01195,0.86889,0.13111
202.80000,1.01193,0.86072,0.13928
202.92000,1.01193,0.86333,0.13667
203.03999,1.01195,0.92083,0.07917
203.16000,1.01193,0.89247,0.10753
203.28000,1.01193,0.93581,0.06419
203.39999,1.01195,0.79060,0.20940
203.52000,1.01193,0.88005,0.11995
203.64000,1.01193,0.86605,0.13395
203.75999,1.01195,0.83491,0.16509
203.88000,1.01193,0.88777,0.11223
204.00000,1.01193,0.88554,0.11446
204.12000,1.01195,0.92356,0.07644
204.24001,1.01193,0.88309,0.11691
204.36000,1.01193,0.92785,0.07215
204.48000,1.01195,0.88830,0.11170
204.60001,1.01193,0.86685,0.13315
204.72000,1.01193,0.84078,0.15922
204.84000,1.01195,0.92921,0.07079
204.96001,1.01193,0.89378,0.10622
205.08000,1.01193,0.89095,0.10905
205.20000,1.01195,0.95298,0.04702
205.32001,1.01193,0.85452,0.14548
205.44000,1.01193,0.93198,0.06802
205.56000,1.01193,0.90335,0.09665
205.67999,1.01195,0.90576,0.09424
205.80000,1.01193,0.94719,0.05281
205.92000,1.01193,0.91668,0.08332
206.03999,1.01195,0.93545,0.06455
206.16000,1.01193,0.90385,0.09615
206.28000,1.01193,0.89408,0.10592
206.39999,1.01195,0.91210,0.08790
206.52000,1.01193,0.80776,0.19224
206.64000,1.01193,0.78147,0.21853
206.75999,1.01195,0.75533,0.24467
206.88000,1.01193,0.75445,0.24555
207.00000,1.01193,0.79711,0.20289
207.12000,1.01195,0.76634,0.23366
207.24001,1.01193,0.86087,0.13913
207.36000,1.01193,0.77871,0.22129
207.48000,1.01195,0.86957,0.13043
207.60001,1.01193,0.82291,0.17709
207.72000,1.01193,0.80922,0.19078
207.84000,1.01195,0.82647,0.17353
207.96001,1.01193,0.80805,0.19195
208.08000,1.01193,0.92627,0.07373
208.20000,1.01195,0.84772,0.15228
208.32001,1.01193,0.92409,0.07591
208.44000,1.01193,0.88641,0.11359
208.56000,1.01193,0.95171,0.04829
208.67999,1.01195,0.91306,0.08694
208.80000,1.01193,0.90942,0.09058
208.92000,1.01193,0.95762,0.04238
209.03999,1.01195,0.86924,0.13076
209.16000,1.01193,0.93887,0.06113
209.28000,1.01193,0.82901,0.17099
209.39999,1.01195,0.92936,0.07064
209.52000,1.01193,0.91752,0.08248
209.64000,1.01193,0.94579,0.05421
209.75999,1.01195,0.95742,0.04258
209.88000,1.01193,0.95171,0.04829
210.00000,1.01193,0.97123,0.02877
210.12000,1.01195,0.96460,0.03540
210.24001,1.01193,0.94855,0.05145
210.36000,1.01193,0.96126,0.03874
210.48000,1.01195,0.93502,0.06498
210.60001,1.01193,0.96151,0.03849
210.72000,1.01193,0.92834,0.07166
210.84000,1.01195,0.97642,0.02358
210.96001,1.01193,0.96355,0.03645
211.08000,1.01193,0.98051,0.01949
211.20000,1.01195,0.98298,0.01702
211.32001,1.01193,0.97912,0.02088
211.44000,1.01193,0.97497,0.02502
211.56000,1.01193,0.94969,0.05031
211.67999,1.01195,0.95929,0.04071
211.80000,1.01193,0.90385,0.09615
211.92000,1.01193,0.92551,0.07449
212.03999,1.01195,0.89492,0.10508
212.16000,1.01193,0.86404,0.13596
212.28000,1.01193,0.93606,0.06394
212.39999,1.01195,0.82913,0.17087
212.52000,1.01193,0.93373,0.06627
212.64000,1.01193,0.89674,0.10326
212.75999,1.01195,0.93546,0.06454
212.88000,1.01193,0.87747,0.12253
213.00000,1.01193,0.88923,0.11077
213.12000,1.01195,0.92157,0.07843
213.24001,1.01193,0.88596,0.11404
213.36000,1.01193,0.89715,0.10285
213.48000,1.01195,0.83085,0.16915
213.60001,1.01193,0.94477,0.05523
213.72000,1.01193,0.90684,0.09316
213.84000,1.01195,0.92439,0.07561
213.96001,1.01193,0.94431,0.05569
214.08000,1.01193,0.96758,0.03242
214.20000,1.01195,0.89800,0.10200
214.32001,1.01193,0.87759,0.12241
214.44000,1.01193,0.86421,0.13579
214.56000,1.01193,0.90831,0.09169
214.67999,1.01195,0.90517,0.09483
214.80000,1.01193,0.92340,0.07660
214.92000,1.01193,0.93843,0.06157
215.03999,1.01195,0.94866,0.05134
215.16000,1.01193,0.95531,0.04469
215.28000,1.01193,0.97290,0.02710
215.39999,1.01195,0.96892,0.03108
215.52000,1.01193,0.95647,0.04353
215.64000,1.01193,0.93968,0.06032
215.75999,1.01195,0.95591,0.04409
215.88000,1.01193,0.93539,0.06461
216.00000,1.01193,0.88109,0.11891
216.12000,1.01195,0.91438,0.08562
216.24001,1.01193,0.92826,0.07174
216.36000,1.01193,0.93762,0.06238
216.48000,1.01195,0.91306,0.08694
216.60001,1.01193,0.94522,0.05478
216.72000,1.01193,0.91033,0.08967
216.84000,1.01195,0.91216,0.08784
216.96001,1.01193,0.82434,0.17566
217.08000,1.01193,0.90183,0.09817
217.20000,1.01195,0.74293,0.25707
217.32001,1.01193,0.86610,0.13390
217.44000,1.01193,0.56576,0.43424
217.56000,1.01193,0.77419,0.22581
217.67999,1.01195,0.64896,0.35104
217.80000,1.01193,0.77910,0.22090
217.92000,1.01193,0.51441,0.48559
218.03999,1.01195,0.73763,0.26237
218.16000,1.01193,0.65371,0.34629
218.28000,1.01193,0.68704,0.31296
218.39999,1.01195,0.64858,0.35142
218.52000,1.01193,0.64764,0.35236
218.64000,1.01193,0.66774,0.33226
218.75999,1.01195,0.81570,0.18430
218.88000,1.01193,0.88300,0.11700
219.00000,1.01193,0.88075,0.11925
219.12000,1.01195,0.91663,0.08337
219.24001,1.01193,0.90323,0.09677
219.36000,1.01193,0.93017,0.06983
219.48000,1.01195,0.82701,0.17299
219.60001,1.01193,0.86661,0.13339
219.72000,1.01193,0.78352,0.21648
219.84000,1.01195,0.84489,0.15511
219.96001,1.01193,0.81972,0.18028
220.08000,1.01193,0.81987,0.18013
220.20000,1.01195,0.82498,0.17502
220.32001,1.01193,0.76727,0.23273
220.44000,1.01193,0.79652,0.20348
220.56000,1.01193,0.76236,0.23764
220.67999,1.01195,0.81577,0.18423
220.80000,1.01193,0.71633,0.28367
220.92000,1.01193,0.78310,0.21690
221.03999,1.01195,0.74252,0.25748
221.16000,1.01193,0.75141,0.24859
221.28000,1.01193,0.73417,0.26583
221.39999,1.01195,0.71509,0.28491
221.52000,1.01193,0.65613,0.34387
221.64000,1.01193,0.67195,0.32805
221.75999,1.01195,0.69997,0.30003
221.88000,1.01193,0.63780,0.36220
222.00000,1.01193,0.68180,0.31820
222.12000,1.01195,0.63511,0.36489
222.24001,1.01193,0.65993,0.34007
222.36000,1.01193,0.62758,0.37242
222.48000,1.01195,0.63763,0.36237
222.60001,1.01193,0.63270,0.36730
222.72000,1.01193,0.60803,0.39197
222.84000,1.01195,0.65517,0.34483
222.96001,1.01193,0.62830,0.37170
223.08000,1.01193,0.64411,0.35589
223.20000,1.01195,0.63172,0.36828
223.32001,1.01193,0.62546,0.37454
223.44000,1.01193,0.68357,0.31643
223.56000,1.01193,0.60666,0.39334
223.67999,1.01195,0.66443,0.33557
223.80000,1.01193,0.65897,0.34103
223.92000,1.01193,0.66779,0.33221
224.03999,1.01195,0.65493,0.34507
224.16000,1.01193,0.65869,0.34131
224.28000,1.01193,0.65272,0.34728
224.39999,1.01195,0.60076,0.39924
224.52000,1.01193,0.50551,0.49449
224.64000,1.01193,0.36769,0.63231
224.75999,1.01195,0.42466,0.57534
224.88000,1.01193,0.20374,0.79626
225.00000,1.01193,0.19110,0.80890
225.12000,1.01195,0.07674,0.92326
225.24001,1.01193,0.17457,0.82543
225.36000,1.01193,0.10236,0.89764
225.48000,1.01195,0.13555,0.86445
225.60001,1.01193,0.19440,0.80560
225.72000,1.01193,0.20932,0.79068
225.84000,1.01195,0.34053,0.65947
225.96001,1.01193,0.48864,0.51136
226.08000,1.01193,0.46155,0.53846
226.20000,1.01195,0.48306,0.51694
226.32001,1.01193,0.52655,0.47345
226.44000,1.01193,0.63831,0.36169
226.56000,1.01193,0.54270,0.45730
226.67999,1.01195,0.65511,0.34489
226.80000,1.01193,0.50656,0.49344
226.92000,1.01193,0.62043,0.37957
227.03999,1.01195,0.76842,0.23158
227.16000,1.01193,0.71176,0.28824
227.28000,1.01193,0.70724,0.29276
227.39999,1.01195,0.67041,0.32959
227.52000,1.01193,0.75376,0.24624
227.64000,1.01193,0.73877,0.26123
227.75999,1.01195,0.66165,0.33835
227.88000,1.01193,0.67027,0.32973
228.00000,1.01193,0.71898,0.28102
228.12000,1.01195,0.67623,0.32377
228.24001,1.01193,0.67704,0.32296
228.36000,1.01193,0.64585,0.35415
228.48000,1.01195,0.67245,0.32755
228.60001,1.01193,0.71447,0.28553
228.72000,1.01193,0.66272,0.33728
228.84000,1.01195,0.62462,0.37538
228.96001,1.01193,0.72562,0.27438
229.08000,1.01193,0.59832,0.40168
229.20000,1.01195,0.70404,0.29596
229.32001,1.01193,0.62472,0.37528
229.44000,1.01193,0.57857,0.42143
229.56000,1.01193,0.61200,0.38800
229.67999,1.01195,0.52367,0.47633
229.80000,1.01193,0.63927,0.36073
229.92000,1.01193,0.65046,0.34954
230.03999,1.01195,0.64813,0.35187
230.16000,1.01193,0.61809,0.38191
230.28000,1.01193,0.65954,0.34046
230.39999,1.01195,0.64516,0.35484
230.52000,1.01193,0.65120,0.34880
230.64000,1.01193,0.67323,0.32677
230.75999,1.01195,0.71709,0.28291
230.88000,1.01193,0.66864,0.33136
231.00000,1.01193,0.73906,0.26094
231.12000,1.01195,0.66508,0.33492
231.24001,1.01193,0.69527,0.30473
231.36000,1.01193,0.64120,0.35880
231.48000,1.01195,0.64883,0.35117
231.60001,1.01193,0.56009,0.43991
231.72000,1.01193,0.58864,0.41136
231.84000,1.01195,0.63479,0.36521
231.96001,1.01193,0.59625,0.40375
232.08000,1.01193,0.61749,0.38251
232.20000,1.01195,0.57589,0.42411
232.32001,1.01193,0.65601,0.34399
232.44000,1.01193,0.61241,0.38759
232.56000,1.01193,0.68857,0.31143
232.67999,1.01195,0.64338,0.35662
232.80000,1.01193,0.66492,0.33508
232.92000,1.01193,0.70557,0.29443
233.03999,1.01195,0.60421,0.39579
233.16000,1.01193,0.57840,0.42160
233.28000,1.01193,0.59236,0.40764
233.39999,1.01195,0.63270,0.36730
233.52000,1.01193,0.60292,0.39708
233.64000,1.01193,0.61050,0.38950
233.75999,1.01195,0.56954,0.43046
233.88000,1.01193,0.64032,0.35968
234.00000,1.01193,0.53226,0.46774
234.12000,1.01195,0.71748,0.28252
234.24001,1.01193,0.70453,0.29547
234.36000,1.01193,0.67707,0.32293
234.48000,1.01195,0.61762,0.38238
234.60001,1.01193,0.68708,0.31292
234.72000,1.01193,0.70259,0.29741
234.84000,1.01195,0.71514,0.28486
234.96001,1.01193,0.68231,0.31769
235.08000,1.01193,0.72180,0.27820
235.20000,1.01195,0.63124,0.36876
235.32001,1.01193,0.73433,0.26567
235.44000,1.01193,0.52794,0.47206
235.56000,1.01193,0.73438,0.26562
235.67999,1.01195,0.50233,0.49767
235.80000,1.01193,0.62857,0.37143
235.92000,1.01193,0.41642,0.58358
236.03999,1.01195,0.58743,0.41257
236.16000,1.01193,0.55137,0.44863
236.28000,1.01193,0.56592,0.43408
236.39999,1.01195,0.51791,0.48209
236.52000,1.01193,0.67089,0.32911
236.64000,1.01193,0.59088,0.40912
236.75999,1.01195,0.70105,0.29895
236.88000,1.01193,0.55349,0.44651
237.00000,1.01193,0.72653,0.27347
237.12000,1.01195,0.47053,0.52947
237.24001,1.01193,0.72849,0.27151
237.36000,1.01193,0.69436,0.30564
237.48000,1.01195,0.73161,0.26839
237.60001,1.01193,0.66358,0.33642
237.72000,1.01193,0.74047,0.25953
237.84000,1.01195,0.61265,0.38735
237.96001,1.01193,0.79832,0.20168
238.08000,1.01193,0.58547,0.41453
238.20000,1.01195,0.84179,0.15821
238.32001,1.01193,0.66975,0.33025
238.44000,1.01193,0.61492,0.38508
238.56000,1.01193,0.29218,0.70782
238.67999,1.01195,0.67050,0.32950
238.80000,1.01193,0.43576,0.56424
238.92000,1.01193,0.57526,0.42474
239.03999,1.01195,0.38151,0.61849
239.16000,1.01193,0.54279,0.45721
239.28000,1.01193,0.66697,0.33303
239.39999,1.01195,0.53847,0.46153
239.52000,1.01193,0.66313,0.33687
239.64000,1.01193,0.58386,0.41614
239.75999,1.01195,0.69182,0.30818
239.88000,1.01193,0.78179,0.21821
240.00000,1.01193,0.79449,0.20551
240.12000,1.01195,0.66236,0.33764
240.24001,1.01193,0.77134,0.22866
240.36000,1.01193,0.70238,0.29762
240.48000,1.01195,0.71450,0.28550
240.60001,1.01193,0.75114,0.24886
240.72000,1.01193,0.70880,0.29120
240.84000,1.01195,0.69533,0.30467
240.96001,1.01193,0.69933,0.30067
241.08000,1.01193,0.76683,0.23317
241.20000,1.01195,0.72537,0.27463
241.32001,1.01193,0.75104,0.24896
241.44000,1.01193,0.69785,0.30215
241.56000,1.01193,0.78082,0.21918
241.67999,1.01195,0.73622,0.26378
241.80000,1.01193,0.75210,0.24790
241.92000,1.01193,0.79668,0.20332
242.03999,1.01195,0.80385,0.19615
242.16000,1.01193,0.79080,0.20920
242.28000,1.01193,0.78550,0.21450
242.39999,1.01195,0.79458,0.20542
242.52000,1.01193,0.74694,0.25306
242.64000,1.01193,0.77295,0.22705
242.75999,1.01195,0.75619,0.24381
242.88000,1.01193,0.77179,0.22821
243.00000,1.01193,0.67979,0.32021
243.12000,1.01195,0.76049,0.23951
243.24001,1.01193,0.51444,0.48556
243.36000,1.01193,0.75442,0.24558
243.48000,1.01195,0.58207,0.41793
243.60001,1.01193,0.73805,0.26195
243.72000,1.01193,0.71685,0.28315
243.84000,1.01195,0.71555,0.28445
243.96001,1.01193,0.70048,0.29952
244.08000,1.01193,0.68112,0.31888
244.20000,1.01195,0.73415,0.26585
244.32001,1.01193,0.82148,0.17852
244.44000,1.01193,0.74701,0.25299
244.56000,1.01193,0.82557,0.17443
244.67999,1.01195,0.88957,0.11043
244.80000,1.01193,0.84669,0.15331
244.92000,1.01193,0.90820,0.09180
245.03999,1.01195,0.84325,0.15675
245.16000,1.01193,0.82351,0.17649
245.28000,1.01193,0.76670,0.23330
245.39999,1.01195,0.84451,0.15549
245.52000,1.01193,0.87309,0.12691
245.64000,1.01193,0.86721,0.13279
245.75999,1.01195,0.89870,0.10130
245.88000,1.01193,0.89102,0.10898
246.00000,1.01193,0.93658,0.06342
246.12000,1.01195,0.91376,0.08624
246.24001,1.01193,0.91725,0.08275
246.36000,1.01193,0.90174,0.09826
246.48000,1.01195,0.91525,0.08475
246.60001,1.01193,0.92504,0.07496
246.72000,1.01193,0.85100,0.14900
246.84000,1.01195,0.93745,0.06255
246.96001,1.01193,0.94598,0.05402
247.08000,1.01193,0.96223,0.03777
247.20000,1.01195,0.88449,0.11551
247.32001,1.01193,0.96811,0.03189
247.44000,1.01193,0.94121,0.05879
247.56000,1.01193,0.92203,0.07797
247.67999,1.01195,0.93253,0.06747
247.80000,1.01193,0.92702,0.07298
247.92000,1.01193,0.90915,0.09085
248.03999,1.01195,0.91108,0.08892
248.16000,1.01193,0.91775,0.08225
248.28000,1.01193,0.88443,0.11557
248.39999,1.01195,0.87467,0.12533
248.52000,1.01193,0.86952,0.13048
248.64000,1.01193,0.93654,0.06346
248.75999,1.01195,0.89007,0.10993
248.88000,1.01193,0.90999,0.09001
249.00000,1.01193,0.88236,0.11764
249.12000,1.01195,0.95459,0.04541
249.24001,1.01193,0.90539,0.09461
249.36000,1.01193,0.96468,0.03532
249.48000,1.01195,0.94101,0.05899
249.60001,1.01193,0.98426,0.01574
249.72000,1.01193,0.97061,0.02939
249.84000,1.01195,0.99039,0.00961
249.96001,1.01193,0.94183,0.05817
250.08000,1.01193,0.98100,0.01900
250.20000,1.01195,0.93394,0.06606
250.32001,1.01193,0.94090,0.05910
250.44000,1.01193,0.92045,0.07955
250.56000,1.01193,0.92464,0.07536
250.67999,1.01195,0.94282,0.05718
250.80000,1.01193,0.93861,0.06139
250.92000,1.01193,0.93723,0.06277
251.03999,1.01195,0.95628,0.04372
251.16000,1.01193,0.94424,0.05576
251.28000,1.01193,0.93712,0.06288
251.39999,1.01195,0.94266,0.05734
251.52000,1.01193,0.91532,0.08468
251.64000,1.01193,0.93189,0.06811
251.75999,1.01195,0.89559,0.10441
251.88000,1.01193,0.82315,0.17685
252.00000,1.01193,0.87158,0.12842
252.12000,1.01195,0.71992,0.28008
252.24001,1.01193,0.83378,0.16622
252.36000,1.01193,0.84970,0.15030
252.48000,1.01195,0.94730,0.05270
252.60001,1.01193,0.80107,0.19893
252.72000,1.01193,0.96168,0.03832
252.84000,1.01195,0.87189,0.12811
252.96001,1.01193,0.93830,0.06170
253.08000,1.01193,0.91915,0.08085
253.20000,1.01195,0.97659,0.02341
253.32001,1.01193,0.96673,0.03327
253.44000,1.01193,0.94793,0.05207
253.56000,1.01193,0.96835,0.03165
253.67999,1.01195,0.93691,0.06309
253.80000,1.01193,0.98321,0.01679
253.92000,1.01193,0.95737,0.04263
254.03999,1.01195,0.97265,0.02735
254.16000,1.01193,0.94807,0.05193
254.28000,1.01193,0.95942,0.04058
254.39999,1.01195,0.95674,0.04326
254.52000,1.01193,0.96399,0.03601
254.64000,1.01193,0.96100,0.03900
254.75999,1.01195,0.98474,0.01526
254.88000,1.01193,0.98682,0.01318
255.00000,1.01193,0.98273,0.01727
255.12000,1.01193,0.98044,0.01956
255.24001,1.01192,0.97646,0.02354
255.36000,1.01195,0.97788,0.02212
255.48000,1.01195,0.90073,0.09927
255.60001,1.01193,0.92784,0.07216
255.72000,1.01193,0.85128,0.14872
255.84000,1.01193,0.91105,0.08895
255.96001,1.01192,0.78665,0.21335
256.07999,1.01196,0.91156,0.08844
256.20001,1.01193,0.94505,0.05495
256.32001,1.01193,0.94935,0.05065
256.44000,1.01193,0.96117,0.03883
256.56000,1.01193,0.95934,0.04066
256.67999,1.01193,0.94113,0.05887
256.79999,1.01196,0.91772,0.08228
256.92001,1.01193,0.89723,0.10277
257.04001,1.01193,0.62835,0.37165
257.16000,1.01193,0.76176,0.23824
257.28000,1.01193,0.80503,0.19497
257.39999,1.01193,0.86166,0.13834
257.51999,1.01196,0.92504,0.07496
257.64001,1.01193,0.78653,0.21347
257.76001,1.01193,0.89244,0.10756
257.88000,1.01193,0.91001,0.08999
258.00000,1.01193,0.93441,0.06559
258.12000,1.01193,0.94882,0.05118
258.23999,1.01193,0.92664,0.07336
258.35999,1.01196,0.95904,0.04096
258.48001,1.01193,0.81674,0.18326
258.60001,1.01193,0.97575,0.02425
258.72000,1.01193,0.74475,0.25525
258.84000,1.01193,0.93271,0.06729
258.95999,1.01193,0.90543,0.09457
259.07999,1.01196,0.91944,0.08056
259.20001,1.01193,0.91616,0.08384
259.32001,1.01193,0.96044,0.03956
259.44000,1.01193,0.80950,0.19050
259.56000,1.01193,0.97234,0.02766
259.67999,1.01193,0.89878,0.10122
259.79999,1.01196,0.97070,0.02930
259.92001,1.01193,0.93162,0.06838
260.04001,1.01193,0.96435,0.03565
260.16000,1.01193,0.96342,0.03658
260.28000,1.01193,0.96921,0.03079
260.39999,1.01193,0.97626,0.02374
260.51999,1.01196,0.95302,0.04698
260.64001,1.01193,0.93782,0.06218
260.76001,1.01193,0.93309,0.06691
260.88000,1.01193,0.95126,0.04874
261.00000,1.01193,0.97406,0.02594
261.12000,1.01193,0.92955,0.07045
261.23999,1.01193,0.97454,0.02546
261.35999,1.01196,0.95713,0.04287
261.48001,1.01193,0.97893,0.02107
261.60001,1.01193,0.98296,0.01704
261.72000,1.01193,0.96731,0.03269
261.84000,1.01193,0.97704,0.02296
261.95999,1.01193,0.97896,0.02104
262.07999,1.01196,0.98328,0.01672
262.20001,1.01193,0.97543,0.02457
262.32001,1.01193,0.97282,0.02718
262.44000,1.01193,0.97403,0.02597
262.56000,1.01193,0.98721,0.01279
262.67999,1.01193,0.96774,0.03226
262.79999,1.01196,0.96523,0.03477
262.92001,1.01193,0.97294,0.02706
263.04001,1.01193,0.97042,0.02958
263.16000,1.01193,0.97828,0.02172
263.28000,1.01193,0.97605,0.02395
263.39999,1.01193,0.98970,0.01030
263.51999,1.01196,0.98343,0.01657
263.64001,1.01193,0.99023,0.00977
263.76001,1.01193,0.98324,0.01676
263.88000,1.01193,0.98602,0.01398
264.00000,1.01193,0.93452,0.06548
264.12000,1.01193,0.93637,0.06363
264.23999,1.01193,0.92798,0.07202
264.35999,1.01196,0.89978,0.10022
264.48001,1.01193,0.96381,0.03619
264.60001,1.01193,0.94711,0.05289
264.72000,1.01193,0.97032,0.02968
264.84000,1.01193,0.98187,0.01813
264.95999,1.01193,0.99168,0.00832
265.07999,1.01196,0.97789,0.02211
265.20001,1.01193,0.99068,0.00932
265.32001,1.01193,0.95916,0.04084
265.44000,1.01193,0.97416,0.02584
265.56000,1.01193,0.95379,0.04621
265.67999,1.01193,0.95762,0.04238
265.79999,1.01196,0.96447,0.03553
265.92001,1.01193,0.93165,0.06835
266.04001,1.01193,0.97315,0.02685
266.16000,1.01193,0.87969,0.12031
266.28000,1.01193,0.94598,0.05402
266.39999,1.01193,0.88855,0.11145
266.51999,1.01196,0.95003,0.04997
266.64001,1.01193,0.92860,0.07140
266.76001,1.01193,0.89345,0.10655
266.88000,1.01193,0.93735,0.06265
267.00000,1.01193,0.94151,0.05849
267.12000,1.01193,0.96939,0.03061
267.23999,1.01193,0.97132,0.02868
267.35999,1.01196,0.96945,0.03055
267.48001,1.01193,0.96912,0.03088
267.60001,1.01193,0.95014,0.04986
267.72000,1.01193,0.94630,0.05370
267.84000,1.01193,0.95506,0.04494
267.95999,1.01193,0.96997,0.03003
268.07999,1.01196,0.93830,0.06170
268.20001,1.01193,0.95358,0.04642
268.32001,1.01193,0.96941,0.03059
268.44000,1.01193,0.96874,0.03126
268.56000,1.01193,0.95628,0.04372
268.67999,1.01193,0.96406,0.03594
268.79999,1.01196,0.95082,0.04918
268.92001,1.01193,0.95251,0.04749
269.04001,1.01193,0.96284,0.03716
269.16000,1.01193,0.91550,0.08450
269.28000,1.01193,0.93113,0.06887
269.39999,1.01193,0.81180,0.18820
269.51999,1.01196,0.91178,0.08822
269.64001,1.01193,0.74421,0.25579
269.76001,1.01193,0.88327,0.11673
269.88000,1.01193,0.69857,0.30143
270.00000,1.01193,0.88424,0.11576
270.12000,1.01193,0.87348,0.12652
270.23999,1.01193,0.88713,0.11287
270.35999,1.01196,0.87644,0.12356
270.48001,1.01193,0.82076,0.17924
270.60001,1.01193,0.89536,0.10464
270.72000,1.01193,0.85128,0.14872
270.84000,1.01193,0.91172,0.08828
270.95999,1.01193,0.92247,0.07753
271.07999,1.01196,0.94649,0.05351
271.20001,1.01193,0.91228,0.08772
271.32001,1.01193,0.97041,0.02959
271.44000,1.01193,0.98862,0.01138
271.56000,1.01193,0.93759,0.06241
271.67999,1.01193,0.96358,0.03642
271.79999,1.01196,0.88948,0.11052
271.92001,1.01193,0.94242,0.05758
272.04001,1.01193,0.89475,0.10525
272.16000,1.01193,0.97914,0.02086
272.28000,1.01193,0.96081,0.03919
272.39999,1.01193,0.98899,0.01101
272.51999,1.01196,0.98994,0.01006
272.64001,1.01193,0.99339,0.00661
272.76001,1.01193,0.98939,0.01061
272.88000,1.01193,0.97008,0.02992
273.00000,1.01193,0.98163,0.01837
273.12000,1.01193,0.97917,0.02083
273.23999,1.01193,0.97300,0.02700
273.35999,1.01196,0.95803,0.04197
273.48001,1.01193,0.93586,0.06414
273.60001,1.01193,0.96344,0.03656
273.72000,1.01193,0.95106,0.04894
273.84000,1.01193,0.95988,0.04012
273.95999,1.01193,0.92952,0.07048
274.07999,1.01196,0.97793,0.02207
274.20001,1.01193,0.96288,0.03712
274.32001,1.01193,0.98387,0.01613
274.44000,1.01193,0.96899,0.03101
274.56000,1.01193,0.96280,0.03720
274.67999,1.01193,0.97159,0.02841
274.79999,1.01196,0.95713,0.04287
274.92001,1.01193,0.96961,0.03039
275.04001,1.01193,0.98093,0.01907
275.16000,1.01193,0.96657,0.03343
275.28000,1.01193,0.99212,0.00788
275.39999,1.01193,0.97015,0.02985
275.51999,1.01196,0.99194,0.00806
275.64001,1.01193,0.97328,0.02672
275.76001,1.01193,0.98544,0.01456
275.88000,1.01193,0.96708,0.03292
276.00000,1.01193,0.98465,0.01535
276.12000,1.01193,0.95603,0.04397
276.23999,1.01193,0.98077,0.01923
276.35999,1.01196,0.97572,0.02428
276.48001,1.01193,0.99001,0.00999
276.60001,1.01193,0.98858,0.01142
276.72000,1.01193,0.99107,0.00893
276.84000,1.01193,0.99113,0.00887
276.95999,1.01193,0.99258,0.00742
277.07999,1.01196,0.99163,0.00837
277.20001,1.01193,0.99448,0.00552
277.32001,1.01193,0.99154,0.00846
277.44000,1.01193,0.99400,0.00600
277.56000,1.01193,0.99487,0.00513
277.67999,1.01193,0.99446,0.00554
277.79999,1.01196,0.99758,0.00242
277.92001,1.01193,0.99467,0.00533
278.04001,1.01193,0.99749,0.00251
278.16000,1.01193,0.99605,0.00395
278.28000,1.01193,0.99622,0.00378
278.39999,1.01193,0.99499,0.00501
278.51999,1.01196,0.99635,0.00365
278.64001,1.01193,0.99456,0.00544
278.76001,1.01193,0.99560,0.00440
278.88000,1.01193,0.99430,0.00570
279.00000,1.01193,0.99370,0.00630
279.12000,1.01193,0.99168,0.00832
279.23999,1.01193,0.99356,0.00644
279.35999,1.01196,0.99322,0.00678
279.48001,1.01193,0.99399,0.00601
279.60001,1.01193,0.99091,0.00909
279.72000,1.01193,0.99782,0.00218
279.84000,1.01193,0.99027,0.00973
279.95999,1.01193,0.99637,0.00363
280.07999,1.01196,0.99332,0.00668
280.20001,1.01193,0.99596,0.00404
280.32001,1.01193,0.98999,0.01001
280.44000,1.01193,0.99471,0.00529
280.56000,1.01193,0.97651,0.02349
280.67999,1.01193,0.98323,0.01677
280.79999,1.01196,0.97420,0.02580
280.92001,1.01193,0.98704,0.01296
281.04001,1.01193,0.98891,0.01109
281.16000,1.01193,0.98511,0.01489
281.28000,1.01193,0.98978,0.01022
281.39999,1.01193,0.98586,0.01414
281.51999,1.01196,0.98293,0.01707
281.64001,1.01193,0.98567,0.01433
281.76001,1.01193,0.97997,0.02003
281.88000,1.01193,0.98535,0.01465
282.00000,1.01193,0.98036,0.01964
282.12000,1.01193,0.98467,0.01533
282.23999,1.01193,0.96068,0.03932
282.35999,1.01196,0.98493,0.01507
282.48001,1.01193,0.97512,0.02488
282.60001,1.01193,0.98400,0.01600
282.72000,1.01193,0.96278,0.03722
282.84000,1.01193,0.98882,0.01118
282.95999,1.01193,0.97218,0.02782
283.07999,1.01196,0.98496,0.01504
283.20001,1.01193,0.97240,0.02760
283.32001,1.01193,0.97440,0.02560
283.44000,1.01193,0.96105,0.03895
283.56000,1.01193,0.97629,0.02371
283.67999,1.01193,0.96263,0.03737
283.79999,1.01196,0.98463,0.01537
283.92001,1.01193,0.98356,0.01644
284.04001,1.01193,0.97769,0.02231
284.16000,1.01193,0.98572,0.01428
284.28000,1.01193,0.97528,0.02472
284.39999,1.01193,0.98964,0.01036
284.51999,1.01196,0.97819,0.02181
284.64001,1.01193,0.97841,0.02159
284.76001,1.01193,0.96398,0.03602
284.88000,1.01193,0.97312,0.02688
285.00000,1.01193,0.95278,0.04722
285.12000,1.01193,0.97057,0.02943
285.23999,1.01193,0.97251,0.02749
285.35999,1.01196,0.97842,0.02158
285.48001,1.01193,0.96161,0.03839
285.60001,1.01193,0.98435,0.01565
285.72000,1.01193,0.98228,0.01772
285.84000,1.01193,0.99261,0.00739
285.95999,1.01193,0.99217,0.00783
286.07999,1.01196,0.99175,0.00825
286.20001,1.01193,0.99030,0.00970
286.32001,1.01193,0.99228,0.00772
286.44000,1.01193,0.99057,0.00943
286.56000,1.01193,0.94753,0.05247
286.67999,1.01193,0.95976,0.04024
286.79999,1.01196,0.93597,0.06403
286.92001,1.01193,0.95941,0.04059
287.04001,1.01193,0.89939,0.10061
287.16000,1.01193,0.87251,0.12749
287.28000,1.01193,0.90881,0.09119
287.39999,1.01193,0.80171,0.19829
287.51999,1.01196,0.80004,0.19996
287.64001,1.01193,0.74603,0.25397
287.76001,1.01193,0.69384,0.30616
287.88000,1.01193,0.65619,0.34381
288.00000,1.01193,0.68503,0.31497
288.12000,1.01193,0.69604,0.30396
288.23999,1.01193,0.65399,0.34601
288.35999,1.01196,0.68688,0.31312
288.48001,1.01193,0.60664,0.39336
288.60001,1.01193,0.67350,0.32650
288.72000,1.01193,0.64436,0.35564
288.84000,1.01193,0.63687,0.36313
288.95999,1.01193,0.62116,0.37884
289.07999,1.01196,0.68121,0.31879
289.20001,1.01193,0.77027,0.22973
289.32001,1.01193,0.73774,0.26226
289.44000,1.01193,0.77833,0.22167
289.56000,1.01193,0.75959,0.24041
289.67999,1.01193,0.76230,0.23770
289.79999,1.01196,0.77835,0.22165
289.92001,1.01193,0.78209,0.21791
290.04001,1.01193,0.76041,0.23959
290.16000,1.01193,0.81683,0.18317
290.28000,1.01193,0.79785,0.20215
290.39999,1.01193,0.84975,0.15025
290.51999,1.01196,0.84344,0.15656
290.64001,1.01193,0.85330,0.14670
290.76001,1.01193,0.90276,0.09724
290.88000,1.01193,0.86098,0.13902
291.00000,1.01193,0.88267,0.11733
291.12000,1.01193,0.84470,0.15530
291.23999,1.01193,0.89993,0.10007
291.35999,1.01196,0.91636,0.08364
291.48001,1.01193,0.82264,0.17736
291.60001,1.01193,0.92337,0.07663
291.72000,1.01193,0.86019,0.13981
291.84000,1.01193,0.96031,0.03969
291.95999,1.01193,0.85973,0.14027
292.07999,1.01196,0.95365,0.04636
292.20001,1.01193,0.87997,0.12003
292.32001,1.01193,0.94303,0.05697
292.44000,1.01193,0.89817,0.10183
292.56000,1.01193,0.93169,0.06831
292.67999,1.01193,0.93062,0.06938
292.79999,1.01196,0.92030,0.07970
292.92001,1.01193,0.94371,0.05629
293.04001,1.01193,0.95807,0.04193
293.16000,1.01193,0.96779,0.03221
293.28000,1.01193,0.96942,0.03058
293.39999,1.01193,0.97033,0.02967
293.51999,1.01196,0.95964,0.04036
293.64001,1.01193,0.97271,0.02729
293.76001,1.01193,0.92096,0.07904
293.88000,1.01193,0.92606,0.07394
294.00000,1.01193,0.91448,0.08552
294.12000,1.01193,0.86844,0.13156
294.23999,1.01193,0.94893,0.05107
294.35999,1.01196,0.84856,0.15144
294.48001,1.01193,0.90471,0.09529
294.60001,1.01193,0.83651,0.16349
294.72000,1.01193,0.91538,0.08462
294.84000,1.01193,0.80159,0.19841
294.95999,1.01193,0.79077,0.20923
295.07999,1.01196,0.79929,0.20071
295.20001,1.01193,0.79073,0.20927
295.32001,1.01193,0.84806,0.15194
295.44000,1.01193,0.79217,0.20783
295.56000,1.01193,0.83554,0.16446
295.67999,1.01193,0.87039,0.12961
295.79999,1.01196,0.83670,0.16330
295.92001,1.01193,0.88654,0.11346
296.04001,1.01193,0.90022,0.09978
296.16000,1.01193,0.85869,0.14131
296.28000,1.01193,0.93101,0.06899
296.39999,1.01193,0.89230,0.10770
296.51999,1.01196,0.89218,0.10782
296.64001,1.01193,0.84219,0.15781
296.76001,1.01193,0.89386,0.10614
296.88000,1.01193,0.79907,0.20093
297.00000,1.01193,0.89086,0.10914
297.12000,1.01193,0.79646,0.20354
297.23999,1.01193,0.97038,0.02962
297.35999,1.01196,0.90166,0.09834
297.48001,1.01193,0.99383,0.00617
297.60001,1.01193,0.94994,0.05006
297.72000,1.01193,0.99432,0.00568
297.84000,1.01193,0.97303,0.02697
297.95999,1.01193,0.98790,0.01210
298.07999,1.01196,0.96801,0.03199
298.20001,1.01193,0.98454,0.01546
298.32001,1.01193,0.92577,0.07423
298.44000,1.01193,0.97165,0.02835
298.56000,1.01193,0.94228,0.05772
298.67999,1.01193,0.94833,0.05167
298.79999,1.01196,0.96528,0.03472
298.92001,1.01193,0.92489,0.07511
299.04001,1.01193,0.95356,0.04644
299.16000,1.01193,0.95310,0.04690
299.28000,1.01193,0.94296,0.05704
299.39999,1.01193,0.95995,0.04005
299.51999,1.01196,0.89263,0.10737
299.64001,1.01193,0.93254,0.06746
299.76001,1.01193,0.90326,0.09674
299.88000,1.01193,0.91879,0.08121
300.00000,1.01193,0.79510,0.20490
300.12000,1.01193,0.86457,0.13543
300.23999,1.01193,0.87052,0.12948
300.35999,1.01196,0.84272,0.15728
300.48001,1.01193,0.90709,0.09291
300.60001,1.01193,0.88596,0.11404
300.72000,1.01193,0.80141,0.19859
300.84000,1.01193,0.86101,0.13899
300.95999,1.01193,0.75234,0.24766
301.07999,1.01196,0.83184,0.16816
301.20001,1.01193,0.69240,0.30760
301.32001,1.01193,0.74109,0.25891
301.44000,1.01193,0.57769,0.42231
301.56000,1.01193,0.73868,0.26132
301.67999,1.01193,0.68942,0.31058
301.79999,1.01196,0.71694,0.28306
301.92001,1.01193,0.55224,0.44776
302.04001,1.01193,0.73851,0.26149
302.16000,1.01193,0.72607,0.27393
302.28000,1.01193,0.76024,0.23976
302.39999,1.01193,0.81107,0.18893
302.51999,1.01196,0.77776,0.22224
302.64001,1.01193,0.80942,0.19058
302.76001,1.01193,0.76469,0.23531
302.88000,1.01193,0.80396,0.19604
303.00000,1.01193,0.76544,0.23456
303.12000,1.01193,0.82881,0.17119
303.23999,1.01193,0.74039,0.25961
303.35999,1.01196,0.84106,0.15894
303.48001,1.01193,0.70782,0.29218
303.60001,1.01193,0.82430,0.17570
303.72000,1.01193,0.79807,0.20193
303.84000,1.01193,0.86208,0.13792
303.95999,1.01193,0.72320,0.27680
304.07999,1.01196,0.85392,0.14608
304.20001,1.01193,0.88873,0.11127
304.32001,1.01193,0.84257,0.15743
304.44000,1.01193,0.87503,0.12497
304.56000,1.01193,0.86569,0.13431
304.67999,1.01193,0.83788,0.16212
304.79999,1.01196,0.85799,0.14201
304.92001,1.01193,0.82835,0.17165
305.04001,1.01193,0.82998,0.17002
305.16000,1.01193,0.84505,0.15495
305.28000,1.01193,0.87023,0.12977
305.39999,1.01193,0.86436,0.13564
305.51999,1.01196,0.89811,0.10189
305.64001,1.01193,0.90886,0.09114
305.76001,1.01193,0.91802,0.08198
305.88000,1.01193,0.96362,0.03638
306.00000,1.01193,0.88735,0.11265
306.12000,1.01193,0.94226,0.05774
306.23999,1.01193,0.84562,0.15438
306.35999,1.01196,0.94777,0.05223
306.48001,1.01193,0.84516,0.15484
306.60001,1.01193,0.91225,0.08775
306.72000,1.01193,0.90266,0.09734
306.84000,1.01193,0.93971,0.06029
306.95999,1.01193,0.83708,0.16292
307.07999,1.01196,0.91894,0.08106
307.20001,1.01193,0.82619,0.17381
307.32001,1.01193,0.91506,0.08494
307.44000,1.01193,0.82355,0.17645
307.56000,1.01193,0.86837,0.13163
307.67999,1.01193,0.82273,0.17727
307.79999,1.01196,0.83085,0.16915
307.92001,1.01193,0.84192,0.15808
308.04001,1.01193,0.80223,0.19777
308.16000,1.01193,0.76373,0.23627
308.28000,1.01193,0.85162,0.14838
308.39999,1.01193,0.77839,0.22161
308.51999,1.01196,0.83004,0.16996
308.64001,1.01193,0.80531,0.19469
308.76001,1.01193,0.78693,0.21307
308.88000,1.01193,0.79104,0.20896
309.00000,1.01193,0.75192,0.24808
309.12000,1.01193,0.82389,0.17611
309.23999,1.01193,0.79249,0.20751
309.35999,1.01196,0.86056,0.13944
309.48001,1.01193,0.84653,0.15347
309.60001,1.01193,0.86330,0.13670
309.72000,1.01193,0.84167,0.15833
309.84000,1.01193,0.77334,0.22666
309.95999,1.01193,0.85031,0.14969
310.07999,1.01196,0.78783,0.21217
310.20001,1.01193,0.85297,0.14703
310.32001,1.01193,0.77825,0.22175
310.44000,1.01193,0.80877,0.19123
310.56000,1.01193,0.75399,0.24601
310.67999,1.01193,0.81680,0.18320
310.79999,1.01196,0.77146,0.22854
310.92001,1.01193,0.77541,0.22459
311.04001,1.01193,0.82519,0.17481
311.16000,1.01193,0.85467,0.14533
311.28000,1.01193,0.77127,0.22873
311.39999,1.01193,0.89410,0.10590
311.51999,1.01196,0.83691,0.16309
311.64001,1.01193,0.84988,0.15012
311.76001,1.01193,0.73660,0.26340
311.88000,1.01193,0.76362,0.23638
312.00000,1.01193,0.72070,0.27930
312.12000,1.01193,0.64711,0.35289
312.23999,1.01193,0.62066,0.37934
312.35999,1.01196,0.71586,0.28414
312.48001,1.01193,0.50356,0.49644
312.60001,1.01193,0.61663,0.38337
312.72000,1.01193,0.57179,0.42821
312.84000,1.01193,0.58797,0.41203
312.95999,1.01193,0.65539,0.34461
313.07999,1.01196,0.46387,0.53613
313.20001,1.01193,0.76941,0.23059
313.32001,1.01193,0.58797,0.41203
313.44000,1.01193,0.87797,0.12203
313.56000,1.01193,0.63973,0.36027
313.67999,1.01193,0.86826,0.13174
313.79999,1.01196,0.71245,0.28755
313.92001,1.01193,0.87415,0.12585
314.04001,1.01193,0.75802,0.24198
314.16000,1.01193,0.87034,0.12966
314.28000,1.01193,0.76781,0.23219
314.39999,1.01193,0.85643,0.14357
314.51999,1.01196,0.76396,0.23604
314.64001,1.01193,0.90102,0.09898
314.76001,1.01193,0.84541,0.15459
314.88000,1.01193,0.89539,0.10461
315.00000,1.01193,0.89009,0.10991
315.12000,1.01193,0.89574,0.10426
315.23999,1.01193,0.86103,0.13897
315.35999,1.01196,0.85975,0.14025
315.48001,1.01193,0.88599,0.11401
315.60001,1.01193,0.84903,0.15097
315.72000,1.01193,0.79833,0.20167
315.84000,1.01193,0.82521,0.17479
315.95999,1.01193,0.77449,0.22551
316.07999,1.01196,0.82126,0.17874
316.20001,1.01193,0.79445,0.20555
316.32001,1.01193,0.84863,0.15137
316.44000,1.01193,0.75301,0.24699
316.56000,1.01193,0.82564,0.17436
316.67999,1.01193,0.77931,0.22069
316.79999,1.01196,0.84070,0.15930
316.92001,1.01193,0.74325,0.25675
317.04001,1.01193,0.81432,0.18568
317.16000,1.01193,0.68601,0.31399
317.28000,1.01193,0.76758,0.23242
317.39999,1.01193,0.70890,0.29110
317.51999,1.01196,0.72907,0.27093
317.64001,1.01193,0.60074,0.39926
317.76001,1.01193,0.61449,0.38551
317.88000,1.01193,0.56816,0.43184
318.00000,1.01193,0.58246,0.41754
318.12000,1.01193,0.56778,0.43222
318.23999,1.01193,0.62278,0.37722
318.35999,1.01196,0.56201,0.43799
318.48001,1.01193,0.71736,0.28264
318.60001,1.01193,0.65083,0.34917
318.72000,1.01193,0.80783,0.19217
318.84000,1.01193,0.71820,0.28180
318.95999,1.01193,0.78454,0.21546
319.07999,1.01196,0.70074,0.29926
319.20001,1.01193,0.71950,0.28050
319.32001,1.01193,0.67804,0.32196
319.44000,1.01193,0.73329,0.26671
319.56000,1.01193,0.76396,0.23604
319.67999,1.01193,0.74630,0.25370
319.79999,1.01196,0.70863,0.29137
319.92001,1.01193,0.70843,0.29157
320.04001,1.01193,0.67921,0.32079
320.16000,1.01193,0.63392,0.36608
320.28000,1.01193,0.74204,0.25796
320.39999,1.01193,0.71278,0.28722
320.51999,1.01196,0.72155,0.27845
320.64001,1.01193,0.74622,0.25378
320.76001,1.01193,0.74501,0.25499
320.88000,1.01193,0.76506,0.23494
321.00000,1.01193,0.64407,0.35593
321.12000,1.01193,0.73618,0.26382
321.23999,1.01193,0.64224,0.35776
321.35999,1.01196,0.62911,0.37089
321.48001,1.01193,0.66838,0.33162
321.60001,1.01193,0.70665,0.29335
321.72000,1.01193,0.71614,0.28386
321.84000,1.01193,0.61824,0.38176
321.95999,1.01193,0.67800,0.32200
322.07999,1.01196,0.74295,0.25705
322.20001,1.01193,0.65172,0.34828
322.32001,1.01193,0.71507,0.28493
322.44000,1.01193,0.70921,0.29079
322.56000,1.01193,0.66905,0.33095
322.67999,1.01193,0.75316,0.24684
322.79999,1.01196,0.70869,0.29131
322.92001,1.01193,0.78523,0.21477
323.04001,1.01193,0.78131,0.21869
323.16000,1.01193,0.85170,0.14830
323.28000,1.01193,0.84768,0.15232
323.39999,1.01193,0.80323,0.19677
323.51999,1.01196,0.89361,0.10639
323.64001,1.01193,0.84922,0.15078
323.76001,1.01193,0.89479,0.10521
323.88000,1.01193,0.88598,0.11402
324.00000,1.01193,0.93788,0.06212
324.12000,1.01193,0.90346,0.09654
324.23999,1.01193,0.94954,0.05046
324.35999,1.01196,0.90169,0.09831
324.48001,1.01193,0.92077,0.07923
324.60001,1.01193,0.86453,0.13547
324.72000,1.01193,0.78186,0.21814
324.84000,1.01193,0.76030,0.23970
324.95999,1.01193,0.65570,0.34430
325.07999,1.01196,0.74366,0.25634
325.20001,1.01193,0.68922,0.31078
325.32001,1.01193,0.73747,0.26253
325.44000,1.01193,0.75121,0.24879
325.56000,1.01193,0.89949,0.10051
325.67999,1.01193,0.86068,0.13932
325.79999,1.01196,0.93349,0.06651
325.92001,1.01193,0.93759,0.06241
326.04001,1.01193,0.96974,0.03026
326.16000,1.01193,0.96683,0.03317
326.28000,1.01193,0.97416,0.02584
326.39999,1.01193,0.95999,0.04001
326.51999,1.01196,0.96444,0.03556
326.64001,1.01193,0.94413,0.05587
326.76001,1.01193,0.96985,0.03015
326.88000,1.01193,0.95268,0.04732
327.00000,1.01193,0.96648,0.03352
327.12000,1.01193,0.94557,0.05443
327.23999,1.01193,0.95261,0.04739
327.35999,1.01196,0.87363,0.12637
327.48001,1.01193,0.96357,0.03643
327.60001,1.01193,0.89050,0.10950
327.72000,1.01193,0.93711,0.06289
327.84000,1.01193,0.92668,0.07332
327.95999,1.01193,0.93569,0.06431
328.07999,1.01196,0.91621,0.08379
328.20001,1.01193,0.91681,0.08319
328.32001,1.01193,0.91847,0.08153
328.44000,1.01193,0.92961,0.07039
328.56000,1.01193,0.89280,0.10720
328.67999,1.01193,0.90420,0.09580
328.79999,1.01196,0.91639,0.08361
328.92001,1.01193,0.91118,0.08882
329.04001,1.01193,0.91997,0.08003
329.16000,1.01193,0.89594,0.10406
329.28000,1.01193,0.87374,0.12626
329.39999,1.01193,0.87669,0.12331
329.51999,1.01196,0.87656,0.12344
329.64001,1.01193,0.90745,0.09255
329.76001,1.01193,0.93033,0.06967
329.88000,1.01193,0.93964,0.06036
330.00000,1.01193,0.95384,0.04616
330.12000,1.01193,0.82898,0.17102
330.23999,1.01193,0.95933,0.04067
330.35999,1.01196,0.88158,0.11842
330.48001,1.01193,0.95942,0.04058
330.60001,1.01193,0.91937,0.08063
330.72000,1.01193,0.95561,0.04439
330.84000,1.01193,0.90856,0.09144
330.95999,1.01193,0.98608,0.01392
331.07999,1.01196,0.98227,0.01773
331.20001,1.01193,0.98840,0.01160
331.32001,1.01193,0.97723,0.02277
331.44000,1.01193,0.97135,0.02865
331.56000,1.01193,0.95923,0.04077
331.67999,1.01193,0.97042,0.02958
331.79999,1.01196,0.98012,0.01988
331.92001,1.01193,0.98121,0.01879
332.04001,1.01193,0.97062,0.02938
332.16000,1.01193,0.98114,0.01886
332.28000,1.01193,0.98130,0.01870
332.39999,1.01193,0.97998,0.02002
332.51999,1.01196,0.99108,0.00892
332.64001,1.01193,0.99317,0.00683
332.76001,1.01193,0.99767,0.00233
332.88000,1.01193,0.99700,0.00300
333.00000,1.01193,0.99792,0.00208
333.12000,1.01193,0.99794,0.00206
333.23999,1.01193,0.99769,0.00231
333.35999,1.01196,0.99636,0.00364
333.48001,1.01193,0.99414,0.00586
333.60001,1.01193,0.98973,0.01027
333.72000,1.01193,0.99241,0.00759
333.84000,1.01193,0.99072,0.00928
333.95999,1.01193,0.98621,0.01379
334.07999,1.01196,0.99557,0.00443
334.20001,1.01193,0.99220,0.00780
334.32001,1.01193,0.99742,0.00258
334.44000,1.01193,0.99026,0.00974
334.56000,1.01193,0.99669,0.00331
334.67999,1.01193,0.99604,0.00396
334.79999,1.01196,0.99075,0.00925
334.92001,1.01193,0.98329,0.01671
335.04001,1.01193,0.98820,0.01180
335.16000,1.01193,0.97965,0.02035
335.28000,1.01193,0.96578,0.03422
335.39999,1.01193,0.97201,0.02799
335.51999,1.01196,0.94586,0.05414
335.64001,1.01193,0.96676,0.03324
335.76001,1.01193,0.94552,0.05448
335.88000,1.01193,0.96809,0.03191
336.00000,1.01193,0.95465,0.04535
336.12000,1.01193,0.97731,0.02269
336.23999,1.01193,0.99450,0.00550
336.35999,1.01196,0.97543,0.02457
336.48001,1.01193,0.98520,0.01480
336.60001,1.01193,0.95463,0.04537
336.72000,1.01193,0.98372,0.01628
336.84000,1.01193,0.97526,0.02474
336.95999,1.01193,0.97879,0.02121
337.07999,1.01196,0.98151,0.01849
337.20001,1.01193,0.98438,0.01562
337.32001,1.01193,0.99263,0.00737
337.44000,1.01193,0.99505,0.00495
337.56000,1.01193,0.99480,0.00520
337.67999,1.01193,0.99270,0.00730
337.79999,1.01196,0.98607,0.01393
337.92001,1.01193,0.96557,0.03443
338.04001,1.01193,0.93180,0.06820
338.16000,1.01193,0.88644,0.11356
338.28000,1.01193,0.81069,0.18931
338.39999,1.01193,0.74470,0.25530
338.51999,1.01196,0.57789,0.42211
338.64001,1.01193,0.66387,0.33613
338.76001,1.01193,0.46257,0.53743
338.88000,1.01193,0.63436,0.36564
339.00000,1.01193,0.48260,0.51740
339.12000,1.01193,0.69940,0.30060
339.23999,1.01193,0.58259,0.41741
339.35999,1.01196,0.73215,0.26785
339.48001,1.01193,0.66954,0.33046
339.60001,1.01193,0.71768,0.28232
339.72000,1.01193,0.75018,0.24982
339.84000,1.01193,0.67857,0.32143
339.95999,1.01193,0.80478,0.19522
340.07999,1.01196,0.68170,0.31830
340.20001,1.01193,0.78072,0.21928
340.32001,1.01193,0.70541,0.29459
340.44000,1.01193,0.75427,0.24573
340.56000,1.01193,0.77952,0.22048
340.67999,1.01193,0.65783,0.34217
340.79999,1.01196,0.68174,0.31826
340.92001,1.01193,0.73269,0.26731
341.04001,1.01193,0.79821,0.20179
341.16000,1.01193,0.70455,0.29545
341.28000,1.01193,0.73880,0.26120
341.39999,1.01193,0.74337,0.25663
341.51999,1.01196,0.76600,0.23400
341.64001,1.01193,0.69603,0.30397
341.76001,1.01193,0.76229,0.23771
341.88000,1.01193,0.65065,0.34935
342.00000,1.01193,0.68255,0.31745
342.12000,1.01193,0.72946,0.27054
342.23999,1.01193,0.73561,0.26439
342.35999,1.01196,0.71905,0.28095
342.48001,1.01193,0.74393,0.25607
342.60001,1.01193,0.73410,0.26590
342.72000,1.01193,0.72142,0.27858
342.84000,1.01193,0.73607,0.26393
342.95999,1.01193,0.58145,0.41855
343.07999,1.01196,0.67018,0.32982
343.20001,1.01193,0.63530,0.36470
343.32001,1.01193,0.59224,0.40776
343.44000,1.01193,0.54474,0.45526
343.56000,1.01193,0.58568,0.41432
343.67999,1.01193,0.62569,0.37431
343.79999,1.01196,0.55673,0.44327
343.92001,1.01193,0.63904,0.36096
344.04001,1.01193,0.73442,0.26558
344.16000,1.01193,0.74152,0.25848
344.28000,1.01193,0.86928,0.13072
344.39999,1.01193,0.93207,0.06793
344.51999,1.01196,0.93946,0.06054
344.64001,1.01193,0.92440,0.07560
344.76001,1.01193,0.96414,0.03586
344.88000,1.01193,0.96131,0.03869
345.00000,1.01193,0.98373,0.01627
345.12000,1.01193,0.97231,0.02769
345.23999,1.01193,0.98340,0.01660
345.35999,1.01196,0.97776,0.02224
345.48001,1.01193,0.98764,0.01236
345.60001,1.01193,0.98068,0.01932
345.72000,1.01193,0.99112,0.00888
345.84000,1.01193,0.98327,0.01673
345.95999,1.01193,0.98244,0.01756
346.07999,1.01196,0.98949,0.01051
346.20001,1.01193,0.98350,0.01650
346.32001,1.01193,0.99221,0.00779
346.44000,1.01193,0.98624,0.01376
346.56000,1.01193,0.99081,0.00919
346.67999,1.01193,0.98660,0.01340
346.79999,1.01196,0.99153,0.00847
346.92001,1.01193,0.97940,0.02060
347.04001,1.01193,0.98981,0.01019
347.16000,1.01193,0.97984,0.02016
347.28000,1.01193,0.98379,0.01621
347.39999,1.01193,0.97877,0.02123
347.51999,1.01196,0.96766,0.03234
347.64001,1.01193,0.98595,0.01405
347.76001,1.01193,0.96409,0.03591
347.88000,1.01193,0.96794,0.03206
348.00000,1.01193,0.94781,0.05219
348.12000,1.01193,0.95631,0.04369
348.23999,1.01193,0.94702,0.05298
348.35999,1.01196,0.92686,0.07314
348.48001,1.01193,0.94661,0.05339
348.60001,1.01193,0.92978,0.07022
348.72000,1.01193,0.95234,0.04766
348.84000,1.01193,0.95411,0.04589
348.95999,1.01193,0.94724,0.05276
349.07999,1.01196,0.95381,0.04619
349.20001,1.01193,0.94662,0.05338
349.32001,1.01193,0.95410,0.04590
349.44000,1.01193,0.96154,0.03846
349.56000,1.01193,0.95515,0.04485
349.67999,1.01193,0.94393,0.05607
349.79999,1.01196,0.91646,0.08354
349.92001,1.01193,0.93904,0.06096
350.04001,1.01193,0.89278,0.10722
350.16000,1.01193,0.91092,0.08908
350.28000,1.01193,0.88998,0.11002
350.39999,1.01193,0.88207,0.11793
350.51999,1.01196,0.88889,0.11111
350.64001,1.01193,0.85453,0.14547
350.76001,1.01193,0.84743,0.15257
350.88000,1.01193,0.90006,0.09994
351.00000,1.01193,0.87102,0.12898
351.12000,1.01193,0.89623,0.10377
351.23999,1.01193,0.91478,0.08522
351.35999,1.01196,0.86191,0.13809
351.48001,1.01193,0.83061,0.16939
351.60001,1.01193,0.86938,0.13062
351.72000,1.01193,0.90275,0.09725
351.84000,1.01193,0.87746,0.12254
351.95999,1.01193,0.89262,0.10738
352.07999,1.01196,0.87141,0.12859
352.20001,1.01193,0.88535,0.11465
352.32001,1.01193,0.85454,0.14546
352.44000,1.01193,0.89784,0.10216
352.56000,1.01193,0.82526,0.17474
352.67999,1.01193,0.83908,0.16092
352.79999,1.01196,0.82725,0.17275
352.92001,1.01193,0.79660,0.20340
353.04001,1.01193,0.79909,0.20091
353.16000,1.01193,0.76551,0.23449
353.28000,1.01193,0.74058,0.25942
353.39999,1.01193,0.66815,0.33185
353.51999,1.01196,0.77066,0.22934
353.64001,1.01193,0.65169,0.34831
353.76001,1.01193,0.77031,0.22969
353.88000,1.01193,0.59219,0.40781
354.00000,1.01193,0.75172,0.24828
354.12000,1.01193,0.70481,0.29519
354.23999,1.01193,0.79231,0.20769
354.35999,1.01196,0.74173,0.25827
354.48001,1.01193,0.77006,0.22994
354.60001,1.01193,0.67738,0.32262
354.72000,1.01193,0.71520,0.28480
354.84000,1.01193,0.71658,0.28342
354.95999,1.01193,0.70388,0.29612
355.07999,1.01196,0.62260,0.37740
355.20001,1.01193,0.51880,0.48120
355.32001,1.01193,0.49969,0.50031
355.44000,1.01193,0.47100,0.52900
355.56000,1.01193,0.38905,0.61095
355.67999,1.01193,0.39591,0.60409
355.79999,1.01196,0.38615,0.61385
355.92001,1.01193,0.49676,0.50324
356.04001,1.01193,0.42534,0.57466
356.16000,1.01193,0.67688,0.32312
356.28000,1.01193,0.69477,0.30523
356.39999,1.01193,0.80862,0.19138
356.51999,1.01196,0.80686,0.19314
356.64001,1.01193,0.87314,0.12686
356.76001,1.01193,0.91048,0.08952
356.88000,1.01193,0.92392,0.07608
357.00000,1.01193,0.92534,0.07466
357.12000,1.01193,0.77194,0.22806
357.23999,1.01193,0.91907,0.08093
357.35999,1.01196,0.83902,0.16098
357.48001,1.01193,0.93439,0.06561
357.60001,1.01193,0.82914,0.17086
357.72000,1.01193,0.94541,0.05459
357.84000,1.01193,0.94768,0.05232
357.95999,1.01193,0.94149,0.05851
358.07999,1.01196,0.98143,0.01857
358.20001,1.01193,0.97898,0.02102
358.32001,1.01193,0.98846,0.01154
358.44000,1.01193,0.98788,0.01212
358.56000,1.01193,0.99566,0.00434
358.67999,1.01193,0.99525,0.00475
358.79999,1.01196,0.99351,0.00649
358.92001,1.01193,0.99614,0.00386
359.04001,1.01193,0.98679,0.01321
359.16000,1.01193,0.99317,0.00683
359.28000,1.01193,0.97964,0.02036
359.39999,1.01193,0.99227,0.00773
359.51999,1.01196,0.96365,0.03635
359.64001,1.01193,0.98744,0.01256
359.76001,1.01193,0.97694,0.02306
359.88000,1.01193,0.97529,0.02471
360.00000,1.01193,0.95158,0.04842
360.12000,1.01193,0.92164,0.07836
360.23999,1.01193,0.93211,0.06789
360.35999,1.01196,0.83099,0.16901
360.48001,1.01193,0.82124,0.17876
360.60001,1.01193,0.78141,0.21859
360.72000,1.01193,0.77103,0.22897
360.84000,1.01193,0.80417,0.19583
360.95999,1.01193,0.76911,0.23089
361.07999,1.01196,0.80613,0.19387
361.20001,1.01193,0.77939,0.22061
361.32001,1.01193,0.85164,0.14836
361.44000,1.01193,0.76865,0.23135
361.56000,1.01193,0.85989,0.14011
361.67999,1.01193,0.73386,0.26614
361.79999,1.01196,0.78220,0.21780
361.92001,1.01193,0.66599,0.33401
362.04001,1.01193,0.62431,0.37569
362.16000,1.01193,0.69500,0.30500
362.28000,1.01193,0.64762,0.35238
362.39999,1.01193,0.60053,0.39947
362.51999,1.01196,0.56184,0.43816
362.64001,1.01193,0.61971,0.38029
362.76001,1.01193,0.66538,0.33462
362.88000,1.01193,0.70648,0.29352
363.00000,1.01193,0.64757,0.35243
363.12000,1.01193,0.68053,0.31947
363.23999,1.01193,0.63773,0.36227
363.35999,1.01196,0.69273,0.30727
363.48001,1.01193,0.61035,0.38965
363.60001,1.01193,0.70519,0.29481
363.72000,1.01193,0.60427,0.39573
363.84000,1.01193,0.67601,0.32399
363.95999,1.01193,0.61526,0.38474
364.07999,1.01196,0.67532,0.32468
364.20001,1.01193,0.57684,0.42316
364.32001,1.01193,0.49607,0.50393
364.44000,1.01193,0.64567,0.35433
364.56000,1.01193,0.55176,0.44824
364.67999,1.01193,0.80776,0.19224
364.79999,1.01196,0.85778,0.14222
364.92001,1.01193,0.90582,0.09418
365.04001,1.01193,0.87456,0.12544
365.16000,1.01193,0.91041,0.08959
365.28000,1.01193,0.94181,0.05819
365.39999,1.01193,0.94391,0.05609
365.51999,1.01196,0.97086,0.02914
365.64001,1.01193,0.92981,0.07019
365.76001,1.01193,0.93003,0.06997
365.88000,1.01193,0.94582,0.05418
366.00000,1.01193,0.94281,0.05719
366.12000,1.01193,0.95234,0.04766
366.23999,1.01193,0.94890,0.05110
366.35999,1.01196,0.97042,0.02958
366.48001,1.01193,0.96841,0.03159
366.60001,1.01193,0.97861,0.02139
366.72000,1.01193,0.97207,0.02793
366.84000,1.01193,0.96517,0.03483
366.95999,1.01193,0.97390,0.02610
367.07999,1.01196,0.98993,0.01007
367.20001,1.01193,0.96678,0.03322
367.32001,1.01193,0.96104,0.03896
367.44000,1.01193,0.98106,0.01894
367.56000,1.01193,0.98142,0.01858
367.67999,1.01193,0.99546,0.00454
367.79999,1.01196,0.99399,0.00601
367.92001,1.01193,0.99845,0.00155
368.04001,1.01193,0.99409,0.00591
368.16000,1.01193,0.99827,0.00173
368.28000,1.01193,0.99735,0.00265
368.39999,1.01193,0.99788,0.00212
368.51999,1.01196,0.99285,0.00715
368.64001,1.01193,0.99537,0.00463
368.76001,1.01193,0.99585,0.00415
368.88000,1.01193,0.98576,0.01424
369.00000,1.01193,0.97634,0.02366
369.12000,1.01193,0.96623,0.03377
369.23999,1.01193,0.96800,0.03200
369.35999,1.01196,0.93599,0.06401
369.48001,1.01193,0.94451,0.05549
369.60001,1.01193,0.83834,0.16166
369.72000,1.01193,0.87328,0.12672
369.84000,1.01193,0.85891,0.14109
369.95999,1.01193,0.84536,0.15464
370.07999,1.01196,0.62280,0.37720
370.20001,1.01193,0.37873,0.62127
370.32001,1.01193,0.27056,0.72944
370.44000,1.01193,0.52617,0.47383
370.56000,1.01193,0.69622,0.30378
370.67999,1.01193,0.90816,0.09184
370.79999,1.01196,0.89623,0.10377
370.92001,1.01193,0.96532,0.03468
371.04001,1.01193,0.97907,0.02093
371.16000,1.01193,0.99320,0.00680
371.28000,1.01193,0.98672,0.01328
371.39999,1.01193,0.98516,0.01484
371.51999,1.01196,0.99461,0.00539
371.64001,1.01193,0.97899,0.02101
371.76001,1.01193,0.99588,0.00412
371.88000,1.01193,0.99767,0.00233
372.00000,1.01193,0.99750,0.00250
372.12000,1.01193,0.99159,0.00841
372.23999,1.01193,0.99481,0.00519
372.35999,1.01196,0.99392,0.00608
372.48001,1.01193,0.99052,0.00948
372.60001,1.01193,0.99407,0.00593
372.72000,1.01193,0.95336,0.04664
372.84000,1.01193,0.96381,0.03619
372.95999,1.01193,0.97357,0.02643
373.07999,1.01196,0.97527,0.02473
373.20001,1.01193,0.95648,0.04352
373.32001,1.01193,0.97298,0.02702
373.44000,1.01193,0.96206,0.03794
373.56000,1.01193,0.97382,0.02618
373.67999,1.01193,0.95434,0.04566
373.79999,1.01196,0.89627,0.10373
373.92001,1.01193,0.96419,0.03581
374.04001,1.01193,0.94853,0.05147
374.16000,1.01193,0.86298,0.13702
374.28000,1.01193,0.83713,0.16287
374.39999,1.01193,0.86090,0.13910
374.51999,1.01196,0.90084,0.09916
374.64001,1.01193,0.91306,0.08694
374.76001,1.01193,0.96209,0.03791
374.88000,1.01193,0.97414,0.02586
375.00000,1.01193,0.97845,0.02155
375.12000,1.01193,0.97185,0.02815
375.23999,1.01193,0.94560,0.05440
375.35999,1.01196,0.95342,0.04658
375.48001,1.01193,0.95013,0.04987
375.60001,1.01193,0.97491,0.02509
375.72000,1.01193,0.94468,0.05532
375.84000,1.01193,0.98170,0.01830
375.95999,1.01193,0.96706,0.03294
376.07999,1.01196,0.97925,0.02075
376.20001,1.01193,0.97181,0.02819
376.32001,1.01193,0.96709,0.03291
376.44000,1.01193,0.97736,0.02264
376.56000,1.01193,0.93860,0.06140
376.67999,1.01193,0.95448,0.04552
376.79999,1.01196,0.95730,0.04270
376.92001,1.01193,0.98854,0.01146
377.04001,1.01193,0.97288,0.02712
377.16000,1.01193,0.98182,0.01818
377.28000,1.01193,0.97473,0.02527
377.39999,1.01193,0.97717,0.02283
377.51999,1.01196,0.98133,0.01867
377.64001,1.01193,0.97804,0.02196
377.76001,1.01193,0.98372,0.01628
377.88000,1.01193,0.97645,0.02355
378.00000,1.01193,0.98769,0.01231
378.12000,1.01193,0.98432,0.01568
378.23999,1.01193,0.98785,0.01215
378.35999,1.01196,0.96745,0.03255
378.48001,1.01193,0.96064,0.03936
378.60001,1.01193,0.95473,0.04527
378.72000,1.01193,0.86958,0.13042
378.84000,1.01193,0.95270,0.04730
378.95999,1.01193,0.88990,0.11010
379.07999,1.01196,0.95621,0.04379
379.20001,1.01193,0.87124,0.12876
379.32001,1.01193,0.93808,0.06192
379.44000,1.01193,0.85366,0.14634
379.56000,1.01193,0.91525,0.08475
379.67999,1.01193,0.80683,0.19317
379.79999,1.01196,0.86973,0.13027
379.92001,1.01193,0.78298,0.21702
380.04001,1.01193,0.82165,0.17835
380.16000,1.01193,0.79078,0.20922
380.28000,1.01193,0.81600,0.18400
380.39999,1.01193,0.78003,0.21997
380.51999,1.01196,0.83644,0.16356
380.64001,1.01193,0.82658,0.17342
380.76001,1.01193,0.86804,0.13196
380.88000,1.01193,0.85055,0.14945
381.00000,1.01193,0.87714,0.12286
381.12000,1.01193,0.84761,0.15239
381.23999,1.01193,0.88992,0.11008
381.35999,1.01196,0.85611,0.14389
381.48001,1.01193,0.90089,0.09911
381.60001,1.01193,0.85228,0.14772
381.72000,1.01193,0.89128,0.10872
381.84000,1.01193,0.84730,0.15270
381.95999,1.01193,0.88590,0.11410
382.07999,1.01196,0.85382,0.14618
382.20001,1.01193,0.84283,0.15717
382.32001,1.01193,0.85631,0.14369
382.44000,1.01193,0.86292,0.13708
382.56000,1.01193,0.84972,0.15028
382.67999,1.01193,0.83314,0.16686
382.79999,1.01196,0.83423,0.16577
382.92001,1.01193,0.84260,0.15740
383.04001,1.01193,0.89119,0.10881
383.16000,1.01193,0.83587,0.16413
383.28000,1.01193,0.85999,0.14001
383.39999,1.01193,0.81056,0.18944
383.51999,1.01196,0.87447,0.12553
383.64001,1.01193,0.85078,0.14922
383.76001,1.01193,0.86402,0.13598
383.88000,1.01193,0.83372,0.16628
384.00000,1.01193,0.86547,0.13453
384.12000,1.01193,0.82308,0.17692
384.23999,1.01193,0.84644,0.15356
384.35999,1.01196,0.77242,0.22758
384.48001,1.01193,0.82931,0.17069
384.60001,1.01193,0.78672,0.21328
384.72000,1.01193,0.81887,0.18113
384.84000,1.01193,0.78017,0.21983
384.95999,1.01193,0.81456,0.18544
385.07999,1.01196,0.74552,0.25448
385.20001,1.01193,0.80476,0.19524
385.32001,1.01193,0.78144,0.21856
385.44000,1.01193,0.85377,0.14623
385.56000,1.01193,0.74934,0.25066
385.67999,1.01193,0.85028,0.14972
385.79999,1.01196,0.80169,0.19831
385.92001,1.01193,0.87343,0.12657
386.04001,1.01193,0.83535,0.16465
386.16000,1.01193,0.85883,0.14117
386.28000,1.01193,0.88115,0.11885
386.39999,1.01193,0.86268,0.13732
386.51999,1.01196,0.84723,0.15277
386.64001,1.01193,0.83403,0.16597
386.76001,1.01193,0.85161,0.14839
386.88000,1.01193,0.83975,0.16025
387.00000,1.01193,0.90520,0.09480
387.12000,1.01193,0.86361,0.13639
387.23999,1.01193,0.83131,0.16869
387.35999,1.01196,0.85623,0.14377
387.48001,1.01193,0.82456,0.17544
387.60001,1.01193,0.87574,0.12426
387.72000,1.01193,0.81452,0.18548
387.84000,1.01193,0.85333,0.14667
387.95999,1.01193,0.85756,0.14244
388.07999,1.01196,0.81097,0.18903
388.20001,1.01193,0.78710,0.21290
388.32001,1.01193,0.77128,0.22872
388.44000,1.01193,0.71165,0.28835
388.56000,1.01193,0.73307,0.26693
388.67999,1.01193,0.73768,0.26232
388.79999,1.01196,0.76694,0.23306
388.92001,1.01193,0.83917,0.16083
389.04001,1.01193,0.69873,0.30127
389.16000,1.01193,0.81244,0.18756
389.28000,1.01193,0.80646,0.19354
389.39999,1.01193,0.85888,0.14112
389.51999,1.01196,0.72343,0.27657
389.64001,1.01193,0.72224,0.27776
389.76001,1.01193,0.67674,0.32326
389.88000,1.01193,0.78679,0.21321
390.00000,1.01193,0.76043,0.23957
390.12000,1.01193,0.77663,0.22337
390.23999,1.01193,0.81457,0.18543
390.35999,1.01196,0.77802,0.22198
390.48001,1.01193,0.78219,0.21781
390.60001,1.01193,0.81732,0.18268
390.72000,1.01193,0.78819,0.21181
390.84000,1.01193,0.83884,0.16116
390.95999,1.01193,0.78400,0.21600
391.07999,1.01196,0.87603,0.12397
391.20001,1.01193,0.79337,0.20663
391.32001,1.01193,0.86602,0.13398
391.44000,1.01193,0.77606,0.22394
391.56000,1.01193,0.87735,0.12265
391.67999,1.01193,0.79057,0.20943
391.79999,1.01196,0.83751,0.16249
391.92001,1.01193,0.84064,0.15936
392.04001,1.01193,0.81926,0.18074
392.16000,1.01193,0.81645,0.18355
392.28000,1.01193,0.79289,0.20711
392.39999,1.01193,0.79175,0.20825
392.51999,1.01196,0.79249,0.20751
392.64001,1.01193,0.73594,0.26406
392.76001,1.01193,0.78164,0.21836
392.88000,1.01193,0.67693,0.32307
393.00000,1.01193,0.80731,0.19269
393.12000,1.01193,0.61673,0.38327
393.23999,1.01193,0.83628,0.16372
393.35999,1.01196,0.74043,0.25957
393.48001,1.01193,0.83434,0.16566
393.60001,1.01193,0.75796,0.24204
393.72000,1.01193,0.83970,0.16030
393.84000,1.01193,0.83152,0.16848
393.95999,1.01193,0.85065,0.14935
394.07999,1.01196,0.80882,0.19118
394.20001,1.01193,0.79805,0.20195
394.32001,1.01193,0.77116,0.22884
394.44000,1.01193,0.75936,0.24064
394.56000,1.01193,0.74235,0.25765
394.67999,1.01193,0.76517,0.23483
394.79999,1.01196,0.76392,0.23608
394.92001,1.01193,0.74640,0.25360
395.04001,1.01193,0.71769,0.28231
395.16000,1.01193,0.76580,0.23420
395.28000,1.01193,0.70352,0.29648
395.39999,1.01193,0.71293,0.28707
395.51999,1.01196,0.68373,0.31627
395.64001,1.01193,0.78563,0.21437
395.76001,1.01193,0.75284,0.24716
395.88000,1.01193,0.71546,0.28454
396.00000,1.01193,0.68628,0.31372
396.12000,1.01193,0.75649,0.24351
396.23999,1.01193,0.64219,0.35781
396.35999,1.01196,0.72414,0.27586
396.48001,1.01193,0.71196,0.28804
396.60001,1.01193,0.68627,0.31373
396.72000,1.01193,0.69529,0.30471
396.84000,1.01193,0.72389,0.27611
396.95999,1.01193,0.76814,0.23186
397.07999,1.01196,0.71069,0.28931
397.20001,1.01193,0.70573,0.29427
397.32001,1.01193,0.67853,0.32147
397.44000,1.01193,0.64815,0.35185
397.56000,1.01193,0.78898,0.21102
397.67999,1.01193,0.67478,0.32522
397.79999,1.01196,0.83471,0.16529
397.92001,1.01193,0.76333,0.23667
398.04001,1.01193,0.87498,0.12502
398.16000,1.01193,0.82155,0.17845
398.28000,1.01193,0.88404,0.11596
398.39999,1.01193,0.83961,0.16039
398.51999,1.01196,0.86982,0.13018
398.64001,1.01193,0.85771,0.14229
398.76001,1.01193,0.84408,0.15592
398.88000,1.01193,0.83518,0.16482
399.00000,1.01193,0.90213,0.09787
399.12000,1.01193,0.78052,0.21948
399.23999,1.01193,0.89627,0.10373
399.35999,1.01196,0.76153,0.23847
399.48001,1.01193,0.90769,0.09231
399.60001,1.01193,0.79794,0.20206
399.72000,1.01193,0.87620,0.12380
399.84000,1.01193,0.81402,0.18598
399.95999,1.01193,0.85619,0.14381
400.07999,1.01196,0.78035,0.21965
400.20001,1.01193,0.83925,0.16075
400.32001,1.01193,0.75681,0.24319
400.44000,1.01193,0.77817,0.22183
400.56000,1.01193,0.75882,0.24118
400.67999,1.01193,0.74733,0.25267
400.79999,1.01196,0.75214,0.24786
400.92001,1.01193,0.81638,0.18362
401.04001,1.01193,0.77943,0.22057
401.16000,1.01193,0.78061,0.21939
401.28000,1.01193,0.78800,0.21200
401.39999,1.01193,0.80392,0.19608
401.51999,1.01196,0.79778,0.20222
401.64001,1.01193,0.76980,0.23020
401.76001,1.01193,0.75405,0.24595
401.88000,1.01193,0.75833,0.24167
402.00000,1.01193,0.74884,0.25116
402.12000,1.01193,0.71159,0.28841
402.23999,1.01193,0.77068,0.22932
402.35999,1.01196,0.73988,0.26012
402.48001,1.01193,0.69000,0.31000
402.60001,1.01193,0.59596,0.40404
402.72000,1.01193,0.67122,0.32878
402.84000,1.01193,0.67376,0.32624
402.95999,1.01193,0.60686,0.39314
403.07999,1.01196,0.66594,0.33406
403.20001,1.01193,0.56337,0.43663
403.32001,1.01193,0.71627,0.28373
403.44000,1.01193,0.57112,0.42888
403.56000,1.01193,0.70038,0.29962
403.67999,1.01193,0.64189,0.35811
403.79999,1.01196,0.67969,0.32031
403.92001,1.01193,0.73570,0.26430
404.04001,1.01193,0.62402,0.37598
404.16000,1.01193,0.72706,0.27294
404.28000,1.01193,0.77661,0.22339
404.39999,1.01193,0.80794,0.19206
404.51999,1.01196,0.80504,0.19496
404.64001,1.01193,0.82230,0.17770
404.76001,1.01193,0.76618,0.23382
404.88000,1.01193,0.77162,0.22838
405.00000,1.01193,0.72282,0.27718
405.12000,1.01193,0.59636,0.40364
405.23999,1.01193,0.55505,0.44495
405.35999,1.01196,0.44163,0.55837
405.48001,1.01193,0.63367,0.36633
405.60001,1.01193,0.46549,0.53451
405.72000,1.01193,0.49175,0.50825
405.84000,1.01193,0.43263,0.56737
405.95999,1.01193,0.68174,0.31826
406.07999,1.01196,0.82035,0.17965
406.20001,1.01193,0.79998,0.20002
406.32001,1.01193,0.75421,0.24579
406.44000,1.01193,0.91931,0.08069
406.56000,1.01193,0.75832,0.24168
406.67999,1.01193,0.82158,0.17842
406.79999,1.01196,0.75143,0.24857
406.92001,1.01193,0.76255,0.23745
407.04001,1.01193,0.67633,0.32367
407.16000,1.01193,0.74970,0.25030
407.28000,1.01193,0.63608,0.36392
407.39999,1.01193,0.76795,0.23205
407.51999,1.01196,0.64889,0.35111
407.64001,1.01193,0.72268,0.27732
407.76001,1.01193,0.68702,0.31298
407.88000,1.01193,0.71248,0.28752
408.00000,1.01193,0.64552,0.35448
408.12000,1.01193,0.68097,0.31903
408.23999,1.01193,0.60578,0.39422
408.35999,1.01196,0.64702,0.35298
408.48001,1.01193,0.68478,0.31522
408.60001,1.01193,0.59240,0.40760
408.72000,1.01193,0.65577,0.34423
408.84000,1.01193,0.59439,0.40561
408.95999,1.01193,0.54831,0.45169
409.07999,1.01196,0.54515,0.45485
409.20001,1.01193,0.57431,0.42569
409.32001,1.01193,0.58557,0.41443
409.44000,1.01193,0.56974,0.43026
409.56000,1.01193,0.56581,0.43419
409.67999,1.01193,0.65756,0.34244
409.79999,1.01196,0.64878,0.35122
409.92001,1.01193,0.66476,0.33524
410.04001,1.01193,0.68574,0.31426
410.16000,1.01193,0.69257,0.30743
410.28000,1.01193,0.72186,0.27814
410.39999,1.01193,0.68649,0.31351
410.51999,1.01196,0.77814,0.22186
410.64001,1.01193,0.69042,0.30958
410.76001,1.01193,0.78767,0.21233
410.88000,1.01193,0.68879,0.31121
411.00000,1.01193,0.74540,0.25460
411.12000,1.01193,0.67332,0.32668
411.23999,1.01193,0.69196,0.30804
411.35999,1.01196,0.69280,0.30720
411.48001,1.01193,0.74070,0.25930
411.60001,1.01193,0.73326,0.26674
411.72000,1.01193,0.62120,0.37880
411.84000,1.01193,0.55162,0.44838
411.95999,1.01193,0.53378,0.46622
412.07999,1.01196,0.60469,0.39531
412.20001,1.01193,0.53252,0.46748
412.32001,1.01193,0.62185,0.37815
412.44000,1.01193,0.57567,0.42433
412.56000,1.01193,0.69258,0.30742
412.67999,1.01193,0.73400,0.26600
412.79999,1.01196,0.70071,0.29929
412.92001,1.01193,0.68280,0.31720
413.04001,1.01193,0.60855,0.39145
413.16000,1.01193,0.65926,0.34074
413.28000,1.01193,0.51559,0.48441
413.39999,1.01193,0.53089,0.46911
413.51999,1.01196,0.62970,0.37030
413.64001,1.01193,0.53918,0.46082
413.76001,1.01193,0.65771,0.34229
413.88000,1.01193,0.51748,0.48252
414.00000,1.01193,0.71396,0.28604
414.12000,1.01193,0.63864,0.36136
414.23999,1.01193,0.76709,0.23291
414.35999,1.01196,0.65377,0.34623
414.48001,1.01193,0.78766,0.21234
414.60001,1.01193,0.64357,0.35643
414.72000,1.01193,0.66280,0.33720
414.84000,1.01193,0.53144,0.46856
414.95999,1.01193,0.64977,0.35023
415.07999,1.01196,0.58949,0.41051
415.20001,1.01193,0.58691,0.41309
415.32001,1.01193,0.53682,0.46318
415.44000,1.01193,0.54328,0.45672
415.56000,1.01193,0.41514,0.58486
415.67999,1.01193,0.46675,0.53325
415.79999,1.01196,0.50447,0.49553
415.92001,1.01193,0.55870,0.44130
416.04001,1.01193,0.48413,0.51587
416.16000,1.01193,0.58002,0.41998
416.28000,1.01193,0.67410,0.32590
416.39999,1.01193,0.57270,0.42730
416.51999,1.01196,0.74550,0.25450
416.64001,1.01193,0.56585,0.43415
416.76001,1.01193,0.70123,0.29877
416.88000,1.01193,0.64228,0.35771
417.00000,1.01193,0.61108,0.38892
417.12000,1.01193,0.65480,0.34520
417.23999,1.01193,0.68437,0.31563
417.35999,1.01196,0.71130,0.28870
417.48001,1.01193,0.68498,0.31502
417.60001,1.01193,0.68690,0.31310
417.72000,1.01193,0.71839,0.28161
417.84000,1.01193,0.56999,0.43001
417.95999,1.01193,0.59869,0.40131
418.07999,1.01196,0.69112,0.30888
418.20001,1.01193,0.67330,0.32670
418.32001,1.01193,0.59759,0.40241
418.44000,1.01193,0.73040,0.26960
418.56000,1.01193,0.65718,0.34282
418.67999,1.01193,0.69268,0.30732
418.79999,1.01196,0.57143,0.42857
418.92001,1.01193,0.59815,0.40185
419.04001,1.01193,0.61985,0.38014
419.16000,1.01193,0.66010,0.33990
419.28000,1.01193,0.68705,0.31295
419.39999,1.01193,0.69830,0.30170
419.51999,1.01196,0.75532,0.24468
419.64001,1.01193,0.78443,0.21557
419.76001,1.01193,0.62957,0.37043
419.88000,1.01193,0.70417,0.29583
420.00000,1.01193,0.72901,0.27099
420.12000,1.01193,0.81542,0.18458
420.23999,1.01193,0.69764,0.30236
420.35999,1.01196,0.72695,0.27305
420.48001,1.01193,0.77319,0.22681
420.60001,1.01193,0.76465,0.23535
420.72000,1.01193,0.75188,0.24812
420.84000,1.01193,0.76954,0.23046
420.95999,1.01193,0.73418,0.26582
421.07999,1.01196,0.72537,0.27463
421.20001,1.01193,0.69691,0.30309
421.32001,1.01193,0.68144,0.31856
421.44000,1.01193,0.71516,0.28484
421.56000,1.01193,0.66477,0.33523
421.67999,1.01193,0.76168,0.23832
421.79999,1.01196,0.68531,0.31469
421.92001,1.01193,0.76320,0.23680
422.04001,1.01193,0.67386,0.32614
422.16000,1.01193,0.64466,0.35534
422.28000,1.01193,0.60989,0.39011
422.39999,1.01193,0.50377,0.49623
422.51999,1.01196,0.54211,0.45789
422.64001,1.01193,0.33487,0.66513
422.76001,1.01193,0.50623,0.49377
422.88000,1.01193,0.44976,0.55024
423.00000,1.01193,0.55549,0.44451
423.12000,1.01193,0.58521,0.41479
423.23999,1.01193,0.63913,0.36087
423.35999,1.01196,0.66385,0.33615
423.48001,1.01193,0.63750,0.36250
423.60001,1.01193,0.49029,0.50971
423.72000,1.01193,0.52023,0.47977
423.84000,1.01193,0.49991,0.50009
423.95999,1.01193,0.56064,0.43936
424.07999,1.01196,0.54222,0.45778
424.20001,1.01193,0.61830,0.38170
424.32001,1.01193,0.54889,0.45111
424.44000,1.01193,0.52221,0.47779
424.56000,1.01193,0.58121,0.41879
424.67999,1.01193,0.52202,0.47798
424.79999,1.01196,0.53047,0.46953
424.92001,1.01193,0.50283,0.49717
425.04001,1.01193,0.54791,0.45209
425.16000,1.01193,0.55155,0.44845
425.28000,1.01193,0.52336,0.47664
425.39999,1.01193,0.64535,0.35465
425.51999,1.01196,0.49979,0.50021
425.64001,1.01193,0.61892,0.38108
425.76001,1.01193,0.62849,0.37151
425.88000,1.01193,0.70487,0.29513
426.00000,1.01193,0.61025,0.38975
426.12000,1.01193,0.71591,0.28409
426.23999,1.01193,0.62487,0.37513
426.35999,1.01196,0.69322,0.30678
426.48001,1.01193,0.60007,0.39993
426.60001,1.01193,0.61704,0.38296
426.72000,1.01193,0.54602,0.45398
426.84000,1.01193,0.56499,0.43501
426.95999,1.01193,0.41779,0.58221
427.07999,1.01196,0.55780,0.44220
427.20001,1.01193,0.41035,0.58965
427.32001,1.01193,0.26075,0.73925
427.44000,1.01193,0.35895,0.64105
427.56000,1.01193,0.20885,0.79115
427.67999,1.01193,0.35871,0.64129
427.79999,1.01196,0.29632,0.70368
427.92001,1.01193,0.37108,0.62892
428.04001,1.01193,0.45105,0.54895
428.16000,1.01193,0.44208,0.55792
428.28000,1.01193,0.50701,0.49299
428.39999,1.01193,0.50922,0.49078
428.51999,1.01196,0.54801,0.45199
428.64001,1.01193,0.43397,0.56603
428.76001,1.01193,0.58256,0.41744
428.88000,1.01193,0.54908,0.45092
429.00000,1.01193,0.45067,0.54933
429.12000,1.01193,0.63506,0.36494
429.23999,1.01193,0.57703,0.42297
429.35999,1.01196,0.62680,0.37320
429.48001,1.01193,0.59132,0.40868
429.60001,1.01193,0.65818,0.34182
429.72000,1.01193,0.66344,0.33656
429.84000,1.01193,0.63631,0.36369
429.95999,1.01193,0.64313,0.35687
430.07999,1.01196,0.61781,0.38219
430.20001,1.01193,0.52306,0.47694
430.32001,1.01193,0.57737,0.42263
430.44000,1.01193,0.53902,0.46098
430.56000,1.01193,0.63200,0.36800
430.67999,1.01193,0.58200,0.41800
430.79999,1.01196,0.58531,0.41469
430.92001,1.01193,0.70036,0.29964
431.04001,1.01193,0.68173,0.31827
431.16000,1.01193,0.69647,0.30353
431.28000,1.01193,0.50614,0.49386
431.39999,1.01193,0.66657,0.33343
431.51999,1.01196,0.60564,0.39436
431.64001,1.01193,0.65297,0.34703
431.76001,1.01193,0.72048,0.27952
431.88000,1.01193,0.76356,0.23644
432.00000,1.01193,0.69523,0.30477
432.12000,1.01193,0.81395,0.18605
432.23999,1.01193,0.88333,0.11667
432.35999,1.01196,0.89936,0.10064
432.48001,1.01193,0.93124,0.06876
432.60001,1.01193,0.94510,0.05490
432.72000,1.01193,0.95964,0.04036
432.84000,1.01193,0.95578,0.04422
432.95999,1.01193,0.98357,0.01643
433.07999,1.01196,0.96928,0.03072
433.20001,1.01193,0.95067,0.04933
433.32001,1.01193,0.94896,0.05104
433.44000,1.01193,0.96426,0.03574
433.56000,1.01193,0.89768,0.10232
433.67999,1.01193,0.87066,0.12934
433.79999,1.01196,0.88439,0.11561
433.92001,1.01193,0.88978,0.11022
434.04001,1.01193,0.91595,0.08405
434.16000,1.01193,0.86568,0.13432
434.28000,1.01193,0.91078,0.08922
434.39999,1.01193,0.85198,0.14802
434.51999,1.01196,0.93171,0.06829
434.64001,1.01193,0.86187,0.13813
434.76001,1.01193,0.94957,0.05043
434.88000,1.01193,0.89381,0.10619
435.00000,1.01193,0.96604,0.03396
435.12000,1.01193,0.94912,0.05088
435.23999,1.01193,0.96661,0.03339
435.35999,1.01196,0.95456,0.04544
435.48001,1.01193,0.96329,0.03671
435.60001,1.01193,0.97915,0.02085
435.72000,1.01193,0.97418,0.02582
435.84000,1.01193,0.97878,0.02122
435.95999,1.01193,0.97319,0.02681
436.07999,1.01196,0.98716,0.01284
436.20001,1.01193,0.98142,0.01858
436.32001,1.01193,0.97540,0.02460
436.44000,1.01193,0.97260,0.02740
436.56000,1.01193,0.97115,0.02885
436.67999,1.01193,0.95496,0.04504
436.79999,1.01196,0.94516,0.05484
436.92001,1.01193,0.94735,0.05265
437.04001,1.01193,0.96271,0.03729
437.16000,1.01193,0.96821,0.03179
437.28000,1.01193,0.96780,0.03220
437.39999,1.01193,0.97998,0.02002
437.51999,1.01196,0.95810,0.04190
437.64001,1.01193,0.97268,0.02732
437.76001,1.01193,0.92623,0.07377
437.88000,1.01193,0.90273,0.09727
438.00000,1.01193,0.87732,0.12268
438.12000,1.01193,0.80176,0.19824
438.23999,1.01193,0.86419,0.13581
438.35999,1.01196,0.83711,0.16289
438.48001,1.01193,0.86258,0.13742
438.60001,1.01193,0.86908,0.13092
438.72000,1.01193,0.90623,0.09377
438.84000,1.01193,0.90966,0.09034
438.95999,1.01193,0.95184,0.04816
439.07999,1.01196,0.98237,0.01763
439.20001,1.01193,0.97464,0.02536
439.32001,1.01193,0.98799,0.01201
439.44000,1.01193,0.98528,0.01472
439.56000,1.01193,0.99185,0.00815
439.67999,1.01193,0.98480,0.01520
439.79999,1.01196,0.97614,0.02386
439.92001,1.01193,0.98875,0.01125
440.04001,1.01193,0.98374,0.01626
440.16000,1.01193,0.98436,0.01564
440.28000,1.01193,0.98364,0.01635
440.39999,1.01193,0.96615,0.03385
440.51999,1.01196,0.98035,0.01965
440.64001,1.01193,0.94089,0.05911
440.76001,1.01193,0.97767,0.02233
440.88000,1.01193,0.89878,0.10122
441.00000,1.01193,0.96685,0.03315
441.12000,1.01193,0.92065,0.07935
441.23999,1.01193,0.90184,0.09816
441.35999,1.01196,0.90781,0.09219
441.48001,1.01193,0.88113,0.11887
441.60001,1.01193,0.90553,0.09447
441.72000,1.01193,0.82554,0.17446
441.84000,1.01193,0.91141,0.08859
441.95999,1.01193,0.92125,0.07875
442.07999,1.01196,0.92920,0.07080
442.20001,1.01193,0.97282,0.02718
442.32001,1.01193,0.96739,0.03261
442.44000,1.01193,0.98377,0.01623
442.56000,1.01193,0.97820,0.02180
442.67999,1.01193,0.98158,0.01842
442.79999,1.01196,0.98804,0.01196
442.92001,1.01193,0.98263,0.01737
443.04001,1.01193,0.98818,0.01182
443.16000,1.01193,0.98780,0.01220
443.28000,1.01193,0.98693,0.01307
443.39999,1.01193,0.99319,0.00681
443.51999,1.01196,0.99013,0.00987
443.64001,1.01193,0.99401,0.00599
443.76001,1.01193,0.99254,0.00746
443.88000,1.01193,0.99249,0.00751
444.00000,1.01193,0.99106,0.00894
444.12000,1.01193,0.98683,0.01317
444.23999,1.01193,0.98207,0.01793
444.35999,1.01196,0.99204,0.00796
444.48001,1.01193,0.99260,0.00740
444.60001,1.01193,0.99271,0.00729
444.72000,1.01193,0.99314,0.00686
444.84000,1.01193,0.99173,0.00827
444.95999,1.01193,0.99502,0.00498
445.07999,1.01196,0.98558,0.01442
445.20001,1.01193,0.99318,0.00682
445.32001,1.01193,0.98769,0.01231
445.44000,1.01193,0.99506,0.00494
445.56000,1.01193,0.98223,0.01777
445.67999,1.01193,0.99444,0.00556
445.79999,1.01196,0.98536,0.01464
445.92001,1.01193,0.99009,0.00991
446.04001,1.01193,0.99377,0.00623
446.16000,1.01193,0.99650,0.00350
446.28000,1.01193,0.99568,0.00432
446.39999,1.01193,0.99680,0.00320
446.51999,1.01196,0.99634,0.00366
446.64001,1.01193,0.99624,0.00376
446.76001,1.01193,0.98329,0.01671
446.88000,1.01193,0.99132,0.00868
447.00000,1.01193,0.98363,0.01637
447.12000,1.01193,0.98144,0.01856
447.23999,1.01193,0.99039,0.00961
447.35999,1.01196,0.96413,0.03587
447.48001,1.01193,0.99258,0.00742
447.60001,1.01193,0.98700,0.01300
447.72000,1.01193,0.99630,0.00370
447.84000,1.01193,0.98835,0.01165
447.95999,1.01193,0.99693,0.00307
448.07999,1.01196,0.99555,0.00445
448.20001,1.01193,0.99605,0.00395
448.32001,1.01193,0.99526,0.00474
448.44000,1.01193,0.99608,0.00392
448.56000,1.01193,0.99176,0.00824
448.67999,1.01193,0.99739,0.00261
448.79999,1.01196,0.99637,0.00363
448.92001,1.01193,0.99732,0.00268
449.04001,1.01193,0.99527,0.00473
449.16000,1.01193,0.99539,0.00461
449.28000,1.01193,0.99608,0.00392
449.39999,1.01193,0.99584,0.00416
449.51999,1.01196,0.99645,0.00355
449.64001,1.01193,0.99671,0.00329
449.76001,1.01193,0.99465,0.00535
449.88000,1.01193,0.99599,0.00401
450.00000,1.01193,0.99297,0.00703
450.12000,1.01193,0.99726,0.00274
450.23999,1.01193,0.98832,0.01168
450.35999,1.01196,0.99495,0.00505
450.48001,1.01193,0.98735,0.01265
450.60001,1.01193,0.99143,0.00857
450.72000,1.01193,0.98415,0.01585
450.84000,1.01193,0.99000,0.01000
450.95999,1.01193,0.99320,0.00680
451.07999,1.01196,0.99351,0.00649
451.20001,1.01193,0.99689,0.00311
451.32001,1.01193,0.99591,0.00409
451.44000,1.01193,0.99805,0.00195
451.56000,1.01193,0.99229,0.00771
451.67999,1.01193,0.99729,0.00271
451.79999,1.01196,0.99481,0.00519
451.92001,1.01193,0.99451,0.00549
452.04001,1.01193,0.99094,0.00906
452.16000,1.01193,0.98080,0.01920
452.28000,1.01193,0.98629,0.01371
452.39999,1.01193,0.98758,0.01242
452.51999,1.01196,0.99378,0.00622
452.64001,1.01193,0.99430,0.00570
452.76001,1.01193,0.99353,0.00647
452.88000,1.01193,0.99237,0.00763
453.00000,1.01193,0.99112,0.00888
453.12000,1.01193,0.99237,0.00763
453.23999,1.01193,0.99293,0.00707
453.35999,1.01196,0.99034,0.00966
453.48001,1.01193,0.98814,0.01186
453.60001,1.01193,0.99055,0.00945
453.72000,1.01193,0.99455,0.00545
453.84000,1.01193,0.98783,0.01217
453.95999,1.01193,0.99212,0.00788
454.07999,1.01196,0.98977,0.01023
454.20001,1.01193,0.99039,0.00961
454.32001,1.01193,0.99357,0.00643
454.44000,1.01193,0.98510,0.01490
454.56000,1.01193,0.98485,0.01515
454.67999,1.01193,0.96257,0.03743
454.79999,1.01196,0.97811,0.02189
454.92001,1.01193,0.98562,0.01438
455.04001,1.01193,0.98530,0.01470
455.16000,1.01193,0.95058,0.04942
455.28000,1.01193,0.96541,0.03459
455.39999,1.01193,0.93092,0.06908
455.51999,1.01196,0.95353,0.04647
455.64001,1.01193,0.94309,0.05691
455.76001,1.01193,0.96016,0.03984
455.88000,1.01193,0.96079,0.03921
456.00000,1.01193,0.95255,0.04745
456.12000,1.01193,0.97314,0.02686
456.23999,1.01193,0.96386,0.03614
456.35999,1.01196,0.97022,0.02978
456.48001,1.01193,0.95243,0.04757
456.60001,1.01193,0.95946,0.04054
456.72000,1.01193,0.93603,0.06397
456.84000,1.01193,0.94152,0.05848
456.95999,1.01193,0.94857,0.05143
457.07999,1.01196,0.96392,0.03608
457.20001,1.01193,0.95190,0.04810
457.32001,1.01193,0.95403,0.04597
457.44000,1.01193,0.96452,0.03548
457.56000,1.01193,0.96995,0.03005
457.67999,1.01193,0.92683,0.07317
457.79999,1.01196,0.93758,0.06242
457.92001,1.01193,0.91761,0.08239
458.04001,1.01193,0.87901,0.12099
458.16000,1.01193,0.86474,0.13526
458.28000,1.01193,0.89628,0.10372
458.39999,1.01193,0.84086,0.15914
458.51999,1.01196,0.88000,0.12000
458.64001,1.01193,0.86775,0.13225
458.76001,1.01193,0.88539,0.11461
458.88000,1.01193,0.90283,0.09717
459.00000,1.01193,0.87816,0.12184
459.12000,1.01193,0.89118,0.10882
459.23999,1.01193,0.89047,0.10953
459.35999,1.01196,0.88708,0.11292
459.48001,1.01193,0.88251,0.11749
459.60001,1.01193,0.91780,0.08220
459.72000,1.01193,0.82785,0.17215
459.84000,1.01193,0.91035,0.08965
459.95999,1.01193,0.81148,0.18852
460.07999,1.01196,0.92853,0.07147
460.20001,1.01193,0.86141,0.13859
460.32001,1.01193,0.92629,0.07370
460.44000,1.01193,0.87474,0.12526
460.56000,1.01193,0.91070,0.08930
460.67999,1.01193,0.94144,0.05856
460.79999,1.01196,0.92270,0.07730
460.92001,1.01193,0.97098,0.02902
461.04001,1.01193,0.94000,0.06000
461.16000,1.01193,0.97515,0.02485
461.28000,1.01193,0.96917,0.03083
461.39999,1.01193,0.97210,0.02790
461.51999,1.01196,0.97191,0.02809
461.64001,1.01193,0.92923,0.07077
461.76001,1.01193,0.93793,0.06207
461.88000,1.01193,0.94245,0.05755
462.00000,1.01193,0.94983,0.05017
462.12000,1.01193,0.95441,0.04559
462.23999,1.01193,0.96931,0.03069
462.35999,1.01196,0.98013,0.01987
462.48001,1.01193,0.97807,0.02193
462.60001,1.01193,0.97628,0.02372
462.72000,1.01193,0.97491,0.02509
462.84000,1.01193,0.94355,0.05645
462.95999,1.01193,0.96746,0.03254
463.07999,1.01196,0.92134,0.07866
463.20001,1.01193,0.96518,0.03482
463.32001,1.01193,0.91243,0.08757
463.44000,1.01193,0.96665,0.03335
463.56000,1.01193,0.90788,0.09212
463.67999,1.01193,0.94523,0.05477
463.79999,1.01196,0.96258,0.03742
463.92001,1.01193,0.88297,0.11703
464.04001,1.01193,0.85955,0.14045
464.16000,1.01193,0.75979,0.24021
464.28000,1.01193,0.77156,0.22844
464.39999,1.01193,0.71617,0.28383
464.51999,1.01196,0.75053,0.24947
464.64001,1.01193,0.86876,0.13124
464.76001,1.01193,0.86668,0.13332
464.88000,1.01193,0.93153,0.06847
465.00000,1.01193,0.95347,0.04653
465.12000,1.01193,0.90804,0.09196
465.23999,1.01193,0.93170,0.06830
465.35999,1.01196,0.87413,0.12587
465.48001,1.01193,0.96101,0.03899
465.60001,1.01193,0.81560,0.18440
465.72000,1.01193,0.97412,0.02588
465.84000,1.01193,0.85895,0.14105
465.95999,1.01193,0.95241,0.04759
466.07999,1.01196,0.91687,0.08313
466.20001,1.01193,0.96817,0.03183
466.32001,1.01193,0.96941,0.03059
466.44000,1.01193,0.96348,0.03652
466.56000,1.01193,0.97281,0.02719
466.67999,1.01193,0.94940,0.05060
466.79999,1.01196,0.93297,0.06703
466.92001,1.01193,0.95092,0.04908
467.04001,1.01193,0.96578,0.03422
467.16000,1.01193,0.95930,0.04070
467.28000,1.01193,0.96414,0.03586
467.39999,1.01193,0.95371,0.04629
467.51999,1.01196,0.94439,0.05561
467.64001,1.01193,0.93390,0.06610
467.76001,1.01193,0.93294,0.06706
467.88000,1.01193,0.92753,0.07247
468.00000,1.01193,0.94847,0.05153
468.12000,1.01193,0.95938,0.04062
468.23999,1.01193,0.95514,0.04486
468.35999,1.01196,0.93260,0.06740
468.48001,1.01193,0.95808,0.04192
468.60001,1.01193,0.88635,0.11365
468.72000,1.01193,0.94821,0.05179
468.84000,1.01193,0.88236,0.11764
468.95999,1.01193,0.96137,0.03863
469.07999,1.01196,0.85515,0.14485
469.20001,1.01193,0.94183,0.05817
469.32001,1.01193,0.84343,0.15657
469.44000,1.01193,0.91543,0.08457
469.56000,1.01193,0.83740,0.16260
469.67999,1.01193,0.93157,0.06843
469.79999,1.01196,0.89984,0.10016
469.92001,1.01193,0.94737,0.05263
470.04001,1.01193,0.91718,0.08282
470.16000,1.01193,0.95660,0.04340
470.28000,1.01193,0.95115,0.04885
470.39999,1.01193,0.95652,0.04348
470.51999,1.01196,0.94649,0.05351
470.64001,1.01193,0.95795,0.04205
470.76001,1.01193,0.93827,0.06173
470.88000,1.01193,0.93836,0.06164
471.00000,1.01193,0.94521,0.05479
471.12000,1.01193,0.91288,0.08712
471.23999,1.01193,0.94491,0.05509
471.35999,1.01196,0.92320,0.07680
471.48001,1.01193,0.95118,0.04882
471.60001,1.01193,0.91130,0.08870
471.72000,1.01193,0.93485,0.06515
471.84000,1.01193,0.94184,0.05816
471.95999,1.01193,0.91502,0.08498
472.07999,1.01196,0.95990,0.04010
472.20001,1.01193,0.92164,0.07836
472.32001,1.01193,0.94044,0.05956
472.44000,1.01193,0.96989,0.03011
472.56000,1.01193,0.91783,0.08217
472.67999,1.01193,0.94244,0.05756
472.79999,1.01196,0.88118,0.11882
472.92001,1.01193,0.93423,0.06577
473.04001,1.01193,0.81890,0.18110
473.16000,1.01193,0.93249,0.06751
473.28000,1.01193,0.89037,0.10963
473.39999,1.01193,0.94585,0.05415
473.51999,1.01196,0.92719,0.07281
473.64001,1.01193,0.93581,0.06419
473.76001,1.01193,0.95921,0.04079
473.88000,1.01193,0.91610,0.08390
474.00000,1.01193,0.91056,0.08944
474.12000,1.01193,0.86077,0.13923
474.23999,1.01193,0.84376,0.15624
474.35999,1.01196,0.82997,0.17003
474.48001,1.01193,0.88239,0.11761
474.60001,1.01193,0.91007,0.08993
474.72000,1.01193,0.91333,0.08667
474.84000,1.01193,0.88692,0.11308
474.95999,1.01193,0.95315,0.04685
475.07999,1.01196,0.89311,0.10689
475.20001,1.01193,0.92985,0.07015
475.32001,1.01193,0.90781,0.09219
475.44000,1.01193,0.95792,0.04208
475.56000,1.01193,0.93928,0.06072
475.67999,1.01193,0.95680,0.04320
475.79999,1.01196,0.95820,0.04180
475.92001,1.01193,0.95739,0.04261
476.04001,1.01193,0.97348,0.02652
476.16000,1.01193,0.97418,0.02582
476.28000,1.01193,0.97496,0.02504
476.39999,1.01193,0.95496,0.04504
476.51999,1.01196,0.96311,0.03689
476.64001,1.01193,0.94832,0.05168
476.76001,1.01193,0.95326,0.04674
476.88000,1.01193,0.91069,0.08931
477.00000,1.01193,0.91089,0.08911
477.12000,1.01193,0.93412,0.06588
477.23999,1.01193,0.88180,0.11820
477.35999,1.01196,0.92970,0.07030
477.48001,1.01193,0.80052,0.19948
477.60001,1.01193,0.93558,0.06442
477.72000,1.01193,0.76079,0.23921
477.84000,1.01193,0.91119,0.08881
477.95999,1.01193,0.88019,0.11981
478.07999,1.01196,0.92467,0.07533
478.20001,1.01193,0.91974,0.08026
478.32001,1.01193,0.88607,0.11393
478.44000,1.01193,0.90604,0.09396
478.56000,1.01193,0.88397,0.11603
478.67999,1.01193,0.90875,0.09125
478.79999,1.01196,0.86829,0.13171
478.92001,1.01193,0.89786,0.10214
479.04001,1.01193,0.83422,0.16578
479.16000,1.01193,0.87812,0.12188
479.28000,1.01193,0.82331,0.17669
479.39999,1.01193,0.86654,0.13346
479.51999,1.01196,0.77828,0.22172
479.64001,1.01193,0.82347,0.17653
479.76001,1.01193,0.73730,0.26270
479.88000,1.01193,0.79707,0.20293
480.00000,1.01193,0.75781,0.24219
480.12000,1.01193,0.75934,0.24066
480.23999,1.01193,0.76104,0.23896
480.35999,1.01196,0.76459,0.23541
480.48001,1.01193,0.79554,0.20446
480.60001,1.01193,0.80605,0.19395
480.72000,1.01193,0.77748,0.22252
480.84000,1.01193,0.75257,0.24743
480.95999,1.01193,0.77115,0.22885
481.07999,1.01196,0.72589,0.27411
481.20001,1.01193,0.75995,0.24005
481.32001,1.01193,0.72911,0.27089
481.44000,1.01193,0.73221,0.26779
481.56000,1.01193,0.66491,0.33509
481.67999,1.01193,0.74780,0.25220
481.79999,1.01196,0.75409,0.24591
481.92001,1.01193,0.71739,0.28261
482.04001,1.01193,0.73545,0.26455
482.16000,1.01193,0.72861,0.27139
482.28000,1.01193,0.76781,0.23219
482.39999,1.01193,0.78661,0.21339
482.51999,1.01196,0.76054,0.23946
482.64001,1.01193,0.72334,0.27666
482.76001,1.01193,0.74298,0.25702
482.88000,1.01193,0.74692,0.25308
483.00000,1.01193,0.76036,0.23964
483.12000,1.01193,0.72071,0.27929
483.23999,1.01193,0.74968,0.25032
483.35999,1.01196,0.71270,0.28730
483.48001,1.01193,0.77210,0.22790
483.60001,1.01193,0.71639,0.28361
483.72000,1.01193,0.73562,0.26438
483.84000,1.01193,0.71136,0.28864
483.95999,1.01193,0.62268,0.37732
484.07999,1.01196,0.68661,0.31339
484.20001,1.01193,0.60536,0.39464
484.32001,1.01193,0.67984,0.32016
484.44000,1.01193,0.58904,0.41096
484.56000,1.01193,0.67852,0.32148
484.67999,1.01193,0.68132,0.31868
484.79999,1.01196,0.67497,0.32503
484.92001,1.01193,0.68191,0.31809
485.04001,1.01193,0.74488,0.25512
485.16000,1.01193,0.64287,0.35713
485.28000,1.01193,0.75906,0.24094
485.39999,1.01193,0.71909,0.28091
485.51999,1.01196,0.76506,0.23494
485.64001,1.01193,0.72122,0.27878
485.76001,1.01193,0.73046,0.26954
485.88000,1.01193,0.71667,0.28333
486.00000,1.01193,0.74362,0.25638
486.12000,1.01193,0.79388,0.20612
486.23999,1.01193,0.77824,0.22176
486.35999,1.01196,0.72836,0.27164
486.48001,1.01193,0.72872,0.27128
486.60001,1.01193,0.66871,0.33129
486.72000,1.01193,0.72027,0.27973
486.84000,1.01193,0.70294,0.29706
486.95999,1.01193,0.70561,0.29439
487.07999,1.01196,0.65654,0.34346
487.20001,1.01193,0.70841,0.29159
487.32001,1.01193,0.62919,0.37081
487.44000,1.01193,0.66894,0.33106
487.56000,1.01193,0.63415,0.36585
487.67999,1.01193,0.64382,0.35618
487.79999,1.01196,0.61170,0.38830
487.92001,1.01193,0.59552,0.40448
488.04001,1.01193,0.64677,0.35323
488.16000,1.01193,0.62327,0.37673
488.28000,1.01193,0.56635,0.43365
488.39999,1.01193,0.60518,0.39482
488.51999,1.01196,0.65789,0.34211
488.64001,1.01193,0.66744,0.33256
488.76001,1.01193,0.65492,0.34508
488.88000,1.01193,0.75742,0.24258
489.00000,1.01193,0.71607,0.28393
489.12000,1.01193,0.75226,0.24774
489.23999,1.01193,0.77185,0.22815
489.35999,1.01196,0.80165,0.19835
489.48001,1.01193,0.82726,0.17274
489.60001,1.01193,0.79881,0.20119
489.72000,1.01193,0.84203,0.15797
489.84000,1.01193,0.82129,0.17871
489.95999,1.01193,0.83816,0.16184
490.07999,1.01196,0.85565,0.14435
490.20001,1.01193,0.84205,0.15795
490.32001,1.01193,0.80296,0.19704
490.44000,1.01193,0.73106,0.26894
490.56000,1.01193,0.77601,0.22399
490.67999,1.01193,0.74034,0.25966
490.79999,1.01196,0.72453,0.27547
490.92001,1.01193,0.76122,0.23878
491.04001,1.01193,0.69640,0.30360
491.16000,1.01193,0.72549,0.27451
491.28000,1.01193,0.75343,0.24657
491.39999,1.01193,0.78770,0.21230
491.51999,1.01196,0.78044,0.21956
491.64001,1.01193,0.73602,0.26398
491.76001,1.01193,0.81308,0.18692
491.88000,1.01193,0.71773,0.28227
492.00000,1.01193,0.74186,0.25814
492.12000,1.01193,0.80932,0.19068
492.23999,1.01193,0.77366,0.22634
492.35999,1.01196,0.83488,0.16512
492.48001,1.01193,0.74831,0.25169
492.60001,1.01193,0.90234,0.09766
492.72000,1.01193,0.81646,0.18354
492.84000,1.01193,0.86276,0.13724
492.95999,1.01193,0.85078,0.14922
493.07999,1.01196,0.83758,0.16242
493.20001,1.01193,0.78974,0.21026
493.32001,1.01193,0.82022,0.17978
493.44000,1.01193,0.79347,0.20653
493.56000,1.01193,0.79363,0.20637
493.67999,1.01193,0.75251,0.24749
493.79999,1.01196,0.81492,0.18508
493.92001,1.01193,0.79731,0.20269
494.04001,1.01193,0.78707,0.21293
494.16000,1.01193,0.80080,0.19920
494.28000,1.01193,0.81058,0.18942
494.39999,1.01193,0.74318,0.25682
494.51999,1.01196,0.77262,0.22738
494.64001,1.01193,0.73233,0.26767
494.76001,1.01193,0.71944,0.28056
494.88000,1.01193,0.66022,0.33978
495.00000,1.01193,0.77074,0.22926
495.12000,1.01193,0.64916,0.35084
495.23999,1.01193,0.73683,0.26317
495.35999,1.01196,0.75567,0.24433
495.48001,1.01193,0.73945,0.26055
495.60001,1.01193,0.76499,0.23501
495.72000,1.01193,0.75382,0.24618
495.84000,1.01193,0.81171,0.18829
495.95999,1.01193,0.80197,0.19803
496.07999,1.01196,0.86178,0.13822
496.20001,1.01193,0.86411,0.13589
496.32001,1.01193,0.85897,0.14103
496.44000,1.01193,0.87540,0.12460
496.56000,1.01193,0.81733,0.18267
496.67999,1.01193,0.84936,0.15064
496.79999,1.01196,0.84734,0.15266
496.92001,1.01193,0.88830,0.11170
497.04001,1.01193,0.84589,0.15411
497.16000,1.01193,0.85746,0.14254
497.28000,1.01193,0.87558,0.12442
497.39999,1.01193,0.81895,0.18105
497.51999,1.01196,0.82565,0.17435
497.64001,1.01193,0.82354,0.17646
497.76001,1.01193,0.77110,0.22890
497.88000,1.01193,0.85381,0.14619
498.00000,1.01193,0.83843,0.16157
498.12000,1.01193,0.91010,0.08990
498.23999,1.01193,0.87687,0.12313
498.35999,1.01196,0.91620,0.08380
498.48001,1.01193,0.86973,0.13027
498.60001,1.01193,0.90425,0.09575
498.72000,1.01193,0.87521,0.12479
498.84000,1.01193,0.86826,0.13174
498.95999,1.01193,0.85998,0.14002
499.07999,1.01196,0.85427,0.14573
499.20001,1.01193,0.86133,0.13867
499.32001,1.01193,0.85117,0.14883
499.44000,1.01193,0.83711,0.16289
499.56000,1.01193,0.84222,0.15778
499.67999,1.01193,0.79620,0.20380
499.79999,1.01196,0.81937,0.18063
499.92001,1.01193,0.82892,0.17108
500.04001,1.01193,0.79632,0.20368
500.16000,1.01193,0.83870,0.16130
500.28000,1.01193,0.81776,0.18224
500.39999,1.01193,0.92860,0.07140
500.51999,1.01196,0.82101,0.17899
500.64001,1.01193,0.91609,0.08391
500.76001,1.01193,0.75637,0.24363
500.88000,1.01193,0.87846,0.12154
501.00000,1.01193,0.78547,0.21453
501.12000,1.01193,0.86594,0.13406
501.23999,1.01193,0.81066,0.18934
501.35999,1.01196,0.89737,0.10263
501.48001,1.01193,0.83288,0.16712
501.60001,1.01193,0.87518,0.12482
501.72000,1.01193,0.85484,0.14516
501.84000,1.01193,0.86947,0.13053
501.95999,1.01193,0.83208,0.16792
502.07999,1.01196,0.88325,0.11675
502.20001,1.01193,0.83758,0.16242
502.32001,1.01193,0.94303,0.05697
502.44000,1.01193,0.83960,0.16040
502.56000,1.01193,0.93560,0.06440
502.67999,1.01193,0.86323,0.13677
502.79999,1.01196,0.89637,0.10363
502.92001,1.01193,0.83566,0.16434
503.04001,1.01193,0.83211,0.16789
503.16000,1.01193,0.82546,0.17454
503.28000,1.01193,0.84761,0.15239
503.39999,1.01193,0.80794,0.19206
503.51999,1.01196,0.81204,0.18796
503.64001,1.01193,0.82859,0.17141
503.76001,1.01193,0.79206,0.20794
503.88000,1.01193,0.76995,0.23005
504.00000,1.01193,0.75022,0.24978
504.12000,1.01193,0.71891,0.28109
504.23999,1.01193,0.73723,0.26277
504.35999,1.01196,0.68443,0.31557
504.48001,1.01193,0.75313,0.24687
504.60001,1.01193,0.58200,0.41800
504.72000,1.01193,0.72342,0.27658
504.84000,1.01193,0.65018,0.34982
504.95999,1.01193,0.75407,0.24593
505.07999,1.01196,0.69735,0.30265
505.20001,1.01193,0.81582,0.18418
505.32001,1.01193,0.72272,0.27728
505.44000,1.01193,0.81933,0.18067
505.56000,1.01193,0.78765,0.21235
505.67999,1.01193,0.80273,0.19727
505.79999,1.01196,0.74447,0.25553
505.92001,1.01193,0.75987,0.24013
506.04001,1.01193,0.75231,0.24769
506.16000,1.01193,0.72128,0.27872
506.28000,1.01193,0.68228,0.31772
506.39999,1.01193,0.61466,0.38534
506.51999,1.01196,0.59006,0.40994
506.64001,1.01193,0.64085,0.35915
506.76001,1.01193,0.72821,0.27179
506.88000,1.01193,0.66372,0.33628
507.00000,1.01193,0.74454,0.25546
507.12000,1.01193,0.74208,0.25792
507.23999,1.01193,0.77191,0.22809
507.35999,1.01196,0.81694,0.18306
507.48001,1.01193,0.84613,0.15387
507.60001,1.01193,0.83917,0.16083
507.72000,1.01193,0.87521,0.12479
507.84000,1.01193,0.88890,0.11110
507.95999,1.01193,0.88502,0.11498
508.07999,1.01196,0.86248,0.13752
508.20001,1.01193,0.90954,0.09046
508.32001,1.01193,0.83991,0.16009
508.44000,1.01193,0.90339,0.09661
508.56000,1.01193,0.77753,0.22247
508.67999,1.01193,0.86565,0.13435
508.79999,1.01196,0.80770,0.19230
508.92001,1.01193,0.82983,0.17017
509.04001,1.01193,0.81275,0.18725
509.16000,1.01193,0.85607,0.14393
509.28000,1.01193,0.73150,0.26850
509.39999,1.01193,0.77363,0.22637
509.51999,1.01196,0.72233,0.27767
509.64001,1.01193,0.79959,0.20041
509.76001,1.01193,0.76172,0.23828
509.88000,1.01193,0.80771,0.19229
510.00000,1.01193,0.77937,0.22063
510.12000,1.01193,0.80943,0.19057
510.23999,1.01193,0.84793,0.15207
510.35999,1.01196,0.81347,0.18653
510.48001,1.01193,0.84494,0.15506
510.60001,1.01193,0.80463,0.19537
510.72000,1.01193,0.76426,0.23574
510.84000,1.01193,0.67748,0.32252
510.95999,1.01193,0.72394,0.27606
511.07999,1.01193,0.64676,0.35324
511.20001,1.01190,0.72594,0.27406
511.32001,1.01190,0.70446,0.29554
511.44000,1.01196,0.74072,0.25928
511.56000,1.01196,0.73604,0.26396
511.67999,1.01196,0.78606,0.21394
511.79999,1.01196,0.77748,0.22252
511.92001,1.01193,0.77837,0.22163
512.03998,1.01196,0.76393,0.23607
512.15997,1.01196,0.75795,0.24205
512.28003,1.01190,0.65842,0.34158
512.40002,1.01190,0.72930,0.27070
512.52002,1.01190,0.70890,0.29110
512.64001,1.01190,0.81552,0.18448
512.76001,1.01190,0.75784,0.24216
512.88000,1.01196,0.86913,0.13087
513.00000,1.01196,0.81598,0.18402
513.12000,1.01196,0.82164,0.17836
513.23999,1.01196,0.87808,0.12192
513.35999,1.01196,0.90141,0.09859
513.47998,1.01196,0.89038,0.10962
513.59998,1.01196,0.86156,0.13844
513.71997,1.01196,0.88149,0.11851
513.84003,1.01190,0.88006,0.11994
513.96002,1.01190,0.83803,0.16197
514.08002,1.01190,0.83823,0.16177
514.20001,1.01190,0.90574,0.09426
514.32001,1.01190,0.78882,0.21118
514.44000,1.01196,0.81793,0.18207
514.56000,1.01196,0.87379,0.12621
514.67999,1.01196,0.83898,0.16102
514.79999,1.01196,0.82196,0.17804
514.91998,1.01196,0.89278,0.10722
515.03998,1.01196,0.82136,0.17864
515.15997,1.01196,0.88707,0.11293
515.28003,1.01190,0.80780,0.19220
515.40002,1.01190,0.84856,0.15144
515.52002,1.01190,0.69076,0.30924
515.64001,1.01190,0.78306,0.21694
515.76001,1.01190,0.69855,0.30145
515.88000,1.01196,0.79651,0.20349
516.00000,1.01196,0.73197,0.26803
516.12000,1.01196,0.75497,0.24503
516.23999,1.01196,0.75656,0.24344
516.35999,1.01196,0.77685,0.22315
516.47998,1.01196,0.70532,0.29468
516.59998,1.01196,0.78390,0.21610
516.71997,1.01196,0.84157,0.15843
516.84003,1.01190,0.78385,0.21615
516.96002,1.01190,0.85402,0.14598
517.08002,1.01190,0.89304,0.10696
517.20001,1.01190,0.86245,0.13755
517.32001,1.01190,0.82023,0.17977
517.44000,1.01196,0.78862,0.21138
517.56000,1.01196,0.82438,0.17562
517.67999,1.01196,0.83033,0.16967
517.79999,1.01196,0.86867,0.13133
517.91998,1.01196,0.88479,0.11521
518.03998,1.01196,0.91969,0.08031
518.15997,1.01196,0.88836,0.11164
518.28003,1.01190,0.90216,0.09784
518.40002,1.01190,0.82976,0.17024
518.52002,1.01190,0.89500,0.10500
518.64001,1.01190,0.78709,0.21291
518.76001,1.01190,0.87632,0.12368
518.88000,1.01196,0.86032,0.13968
519.00000,1.01196,0.87020,0.12980
519.12000,1.01196,0.88875,0.11125
519.23999,1.01196,0.84741,0.15259
519.35999,1.01196,0.93093,0.06907
519.47998,1.01196,0.83268,0.16732
519.59998,1.01196,0.90964,0.09036
519.71997,1.01196,0.87126,0.12874
519.84003,1.01190,0.85360,0.14640
519.96002,1.01190,0.89526,0.10474
520.08002,1.01190,0.85498,0.14502
520.20001,1.01190,0.90134,0.09866
520.32001,1.01190,0.81355,0.18645
520.44000,1.01196,0.82570,0.17430
520.56000,1.01196,0.80690,0.19310
520.67999,1.01196,0.78966,0.21034
520.79999,1.01196,0.78551,0.21449
520.91998,1.01196,0.66778,0.33222
521.03998,1.01196,0.74557,0.25443
521.15997,1.01196,0.76121,0.23879
521.28003,1.01190,0.77867,0.22133
521.40002,1.01190,0.80580,0.19420
521.52002,1.01190,0.77060,0.22940
521.64001,1.01190,0.86374,0.13626
521.76001,1.01190,0.73981,0.26019
521.88000,1.01196,0.89958,0.10042
522.00000,1.01196,0.72625,0.27375
522.12000,1.01196,0.87831,0.12169
522.23999,1.01196,0.58277,0.41723
522.35999,1.01196,0.78465,0.21535
522.47998,1.01196,0.56616,0.43384
522.59998,1.01196,0.70977,0.29023
522.71997,1.01196,0.56311,0.43689
522.84003,1.01190,0.77749,0.22251
522.96002,1.01190,0.63912,0.36088
523.08002,1.01190,0.75827,0.24173
523.20001,1.01190,0.83970,0.16030
523.32001,1.01190,0.81522,0.18478
523.44000,1.01196,0.89056,0.10944
523.56000,1.01196,0.85626,0.14374
523.67999,1.01196,0.90807,0.09193
523.79999,1.01196,0.81949,0.18051
523.91998,1.01196,0.90013,0.09987
524.03998,1.01196,0.80814,0.19186
524.15997,1.01196,0.83198,0.16802
524.28003,1.01190,0.78913,0.21087
524.40002,1.01190,0.84815,0.15185
524.52002,1.01190,0.81614,0.18386
524.64001,1.01190,0.81541,0.18459
524.76001,1.01190,0.76128,0.23872
524.88000,1.01196,0.88728,0.11272
525.00000,1.01196,0.82115,0.17885
525.12000,1.01196,0.88451,0.11549
525.23999,1.01196,0.92247,0.07753
525.35999,1.01196,0.91389,0.08611
525.47998,1.01196,0.95901,0.04099
525.59998,1.01196,0.95704,0.04296
525.71997,1.01196,0.96348,0.03652
525.84003,1.01190,0.96909,0.03091
525.96002,1.01190,0.95751,0.04249
526.08002,1.01190,0.93099,0.06901
526.20001,1.01190,0.88585,0.11415
526.32001,1.01190,0.93919,0.06081
526.44000,1.01196,0.93203,0.06797
526.56000,1.01196,0.94541,0.05459
526.67999,1.01196,0.91799,0.08201
526.79999,1.01196,0.91222,0.08778
526.91998,1.01196,0.88720,0.11280
527.03998,1.01196,0.76068,0.23932
527.15997,1.01196,0.79655,0.20345
527.28003,1.01190,0.71223,0.28777
527.40002,1.01190,0.74033,0.25967
527.52002,1.01190,0.87615,0.12385
527.64001,1.01190,0.89845,0.10155
527.76001,1.01190,0.97619,0.02381
527.88000,1.01196,0.96391,0.03609
528.00000,1.01196,0.97294,0.02706
528.12000,1.01196,0.96860,0.03140
528.23999,1.01196,0.96050,0.03950
528.35999,1.01196,0.93528,0.06472
528.47998,1.01196,0.79912,0.20088
528.59998,1.01196,0.84791,0.15209
528.71997,1.01196,0.74413,0.25587
528.84003,1.01190,0.91393,0.08607
528.96002,1.01190,0.86186,0.13814
529.08002,1.01190,0.95032,0.04968
529.20001,1.01190,0.88627,0.11373
529.32001,1.01190,0.92097,0.07903
529.44000,1.01196,0.86709,0.13291
529.56000,1.01196,0.87188,0.12812
529.67999,1.01196,0.79243,0.20757
529.79999,1.01196,0.72696,0.27304
529.91998,1.01196,0.63748,0.36252
530.03998,1.01196,0.65438,0.34562
530.15997,1.01196,0.77656,0.22344
530.28003,1.01190,0.66066,0.33934
530.40002,1.01190,0.71198,0.28802
530.52002,1.01190,0.73158,0.26842
530.64001,1.01190,0.76529,0.23471
530.76001,1.01190,0.74197,0.25803
530.88000,1.01196,0.81965,0.18035
531.00000,1.01196,0.82148,0.17852
531.12000,1.01196,0.76507,0.23493
531.23999,1.01196,0.82428,0.17572
531.35999,1.01196,0.88507,0.11493
531.47998,1.01196,0.86791,0.13209
531.59998,1.01196,0.86326,0.13674
531.71997,1.01196,0.93568,0.06432
531.84003,1.01190,0.80254,0.19746
531.96002,1.01190,0.91764,0.08236
532.08002,1.01190,0.88586,0.11414
532.20001,1.01190,0.92617,0.07383
532.32001,1.01190,0.70809,0.29191
532.44000,1.01196,0.71395,0.28605
532.56000,1.01196,0.77722,0.22278
532.67999,1.01196,0.72661,0.27339
532.79999,1.01196,0.77358,0.22642
532.91998,1.01196,0.63946,0.36054
533.03998,1.01196,0.63501,0.36499
533.15997,1.01196,0.62401,0.37599
533.28003,1.01190,0.76085,0.23915
533.40002,1.01190,0.64979,0.35021
533.52002,1.01190,0.72396,0.27604
533.64001,1.01190,0.77241,0.22759
533.76001,1.01190,0.68062,0.31938
533.88000,1.01196,0.71918,0.28082
534.00000,1.01196,0.76572,0.23428
534.12000,1.01196,0.71903,0.28097
534.23999,1.01196,0.63312,0.36688
534.35999,1.01196,0.74826,0.25174
534.47998,1.01196,0.64974,0.35026
534.59998,1.01196,0.66154,0.33846
534.71997,1.01196,0.60682,0.39318
534.84003,1.01190,0.49650,0.50350
534.96002,1.01190,0.58142,0.41858
535.08002,1.01190,0.56792,0.43208
535.20001,1.01190,0.60787,0.39213
535.32001,1.01190,0.41577,0.58423
535.44000,1.01196,0.61300,0.38700
535.56000,1.01196,0.50605,0.49395
535.67999,1.01196,0.69629,0.30371
535.79999,1.01196,0.54429,0.45571
535.91998,1.01196,0.74711,0.25289
536.03998,1.01196,0.66400,0.33600
536.15997,1.01196,0.70608,0.29392
536.28003,1.01190,0.61764,0.38236
536.40002,1.01190,0.75605,0.24395
536.52002,1.01190,0.71216,0.28784
536.64001,1.01190,0.73633,0.26367
536.76001,1.01190,0.73881,0.26119
536.88000,1.01196,0.78379,0.21621
537.00000,1.01196,0.79284,0.20716
537.12000,1.01196,0.78844,0.21156
537.23999,1.01196,0.68037,0.31963
537.35999,1.01196,0.69333,0.30667
537.47998,1.01196,0.69073,0.30927
537.59998,1.01196,0.66889,0.33111
537.71997,1.01196,0.66943,0.33057
537.84003,1.01190,0.59143,0.40857
537.96002,1.01190,0.69859,0.30141
538.08002,1.01190,0.63509,0.36491
538.20001,1.01190,0.73841,0.26159
538.32001,1.01190,0.73173,0.26827
538.44000,1.01196,0.70798,0.29202
538.56000,1.01196,0.65996,0.34004
538.67999,1.01196,0.67947,0.32053
538.79999,1.01196,0.49175,0.50825
538.91998,1.01196,0.68654,0.31346
539.03998,1.01196,0.58342,0.41658
539.15997,1.01196,0.77920,0.22080
539.28003,1.01190,0.80050,0.19950
539.40002,1.01190,0.80304,0.19696
539.52002,1.01190,0.81224,0.18776
539.64001,1.01190,0.86266,0.13734
539.76001,1.01190,0.79906,0.20094
539.88000,1.01196,0.86177,0.13823
540.00000,1.01196,0.66637,0.33363
540.12000,1.01196,0.72939,0.27061
540.23999,1.01196,0.79010,0.20990
540.35999,1.01196,0.75549,0.24451
540.47998,1.01196,0.82087,0.17913
540.59998,1.01196,0.81751,0.18249
540.71997,1.01196,0.77784,0.22216
540.84003,1.01190,0.77207,0.22793
540.96002,1.01190,0.83415,0.16585
541.08002,1.01190,0.67050,0.32950
541.20001,1.01190,0.85038,0.14962
541.32001,1.01190,0.63868,0.36132
541.44000,1.01196,0.83206,0.16794
541.56000,1.01196,0.76202,0.23798
541.67999,1.01196,0.77406,0.22594
541.79999,1.01196,0.63236,0.36764
541.91998,1.01196,0.69637,0.30363
542.03998,1.01196,0.81567,0.18433
542.15997,1.01196,0.71540,0.28460
542.28003,1.01190,0.83006,0.16994
542.40002,1.01190,0.73347,0.26653
542.52002,1.01190,0.88427,0.11573
542.64001,1.01190,0.72022,0.27978
542.76001,1.01190,0.92050,0.07950
542.88000,1.01196,0.75471,0.24529
543.00000,1.01196,0.90062,0.09938
543.12000,1.01196,0.81761,0.18239
543.23999,1.01196,0.94991,0.05009
543.35999,1.01196,0.77705,0.22295
543.47998,1.01196,0.90858,0.09142
543.59998,1.01196,0.74888,0.25112
543.71997,1.01196,0.82238,0.17762
543.84003,1.01190,0.74176,0.25824
543.96002,1.01190,0.83839,0.16161
544.08002,1.01190,0.75679,0.24321
544.20001,1.01190,0.90570,0.09430
544.32001,1.01190,0.73489,0.26511
544.44000,1.01196,0.89856,0.10144
544.56000,1.01196,0.67666,0.32334
544.67999,1.01196,0.84811,0.15189
544.79999,1.01196,0.74725,0.25275
544.91998,1.01196,0.83113,0.16887
545.03998,1.01196,0.84629,0.15371
545.15997,1.01196,0.83576,0.16424
545.28003,1.01190,0.85766,0.14234
545.40002,1.01190,0.85689,0.14311
545.52002,1.01190,0.90558,0.09442
545.64001,1.01190,0.92412,0.07588
545.76001,1.01190,0.91049,0.08951
545.88000,1.01196,0.90836,0.09164
546.00000,1.01196,0.91742,0.08258
546.12000,1.01196,0.95156,0.04844
546.23999,1.01196,0.89458,0.10542
546.35999,1.01196,0.89696,0.10304
546.47998,1.01196,0.75002,0.24998
546.59998,1.01196,0.83697,0.16303
546.71997,1.01196,0.77033,0.22967
546.84003,1.01190,0.72832,0.27168
546.96002,1.01190,0.70340,0.29660
547.08002,1.01190,0.51351,0.48649
547.20001,1.01190,0.75411,0.24589
547.32001,1.01190,0.78300,0.21700
547.44000,1.01196,0.61943,0.38057
547.56000,1.01196,0.87739,0.12261
547.67999,1.01196,0.82551,0.17449
547.79999,1.01196,0.88808,0.11192
547.91998,1.01196,0.86331,0.13669
548.03998,1.01196,0.87113,0.12887
548.15997,1.01196,0.86413,0.13587
548.28003,1.01190,0.88984,0.11016
548.40002,1.01190,0.73608,0.26392
548.52002,1.01190,0.83235,0.16765
548.64001,1.01190,0.59740,0.40260
548.76001,1.01190,0.78257,0.21743
548.88000,1.01196,0.77790,0.22210
549.00000,1.01196,0.84817,0.15183
549.12000,1.01196,0.88779,0.11221
549.23999,1.01196,0.93007,0.06993
549.35999,1.01196,0.91256,0.08744
549.47998,1.01196,0.92134,0.07866
549.59998,1.01196,0.93913,0.06087
549.71997,1.01196,0.89735,0.10265
549.84003,1.01190,0.85410,0.14590
549.96002,1.01190,0.96143,0.03857
550.08002,1.01190,0.81864,0.18136
550.20001,1.01190,0.95593,0.04407
550.32001,1.01190,0.83233,0.16767
550.44000,1.01196,0.92791,0.07209
550.56000,1.01196,0.81209,0.18791
550.67999,1.01196,0.85103,0.14897
550.79999,1.01196,0.73364,0.26636
550.91998,1.01196,0.88607,0.11393
551.03998,1.01196,0.87473,0.12527
551.15997,1.01196,0.91049,0.08951
551.28003,1.01190,0.94902,0.05098
551.40002,1.01190,0.91996,0.08004
551.52002,1.01190,0.90828,0.09172
551.64001,1.01190,0.95134,0.04866
551.76001,1.01190,0.93446,0.06554
551.88000,1.01196,0.96115,0.03885
552.00000,1.01196,0.95016,0.04984
552.12000,1.01196,0.96804,0.03196
552.23999,1.01196,0.95872,0.04128
552.35999,1.01196,0.96917,0.03083
552.47998,1.01196,0.97390,0.02610
552.59998,1.01196,0.98113,0.01887
552.71997,1.01196,0.97480,0.02520
552.84003,1.01190,0.97664,0.02336
552.96002,1.01190,0.95781,0.04219
553.08002,1.01190,0.98177,0.01823
553.20001,1.01190,0.97109,0.02891
553.32001,1.01190,0.97604,0.02396
553.44000,1.01196,0.96897,0.03103
553.56000,1.01196,0.96723,0.03277
553.67999,1.01196,0.97127,0.02873
553.79999,1.01196,0.97752,0.02248
553.91998,1.01196,0.97260,0.02740
554.03998,1.01196,0.97111,0.02889
554.15997,1.01196,0.97848,0.02152
554.28003,1.01190,0.97977,0.02023
554.40002,1.01190,0.98695,0.01305
554.52002,1.01190,0.98309,0.01691
554.64001,1.01190,0.98574,0.01426
554.76001,1.01190,0.98998,0.01002
554.88000,1.01196,0.99042,0.00958
555.00000,1.01196,0.99601,0.00399
555.12000,1.01196,0.99409,0.00591
555.23999,1.01196,0.99287,0.00713
555.35999,1.01196,0.99630,0.00370
555.47998,1.01196,0.99653,0.00347
