Time (seconds), Duration (seconds),pred_unlabeled,pred_sirens
0.00000,1.01194,0.99401,0.00599
0.12000,1.01194,0.99424,0.00576
0.24000,1.01194,0.99497,0.00503
0.36000,1.01194,0.99617,0.00383
0.48000,1.01194,0.98358,0.01642
0.60000,1.01194,0.93136,0.06864
0.72000,1.01194,0.90326,0.09674
0.84000,1.01194,0.96226,0.03774
0.96000,1.01194,0.92848,0.07152
1.08000,1.01194,0.96202,0.03798
1.20000,1.01194,0.92595,0.07405
1.32000,1.01194,0.98072,0.01928
1.44000,1.01194,0.96596,0.03404
1.56000,1.01194,0.95421,0.04579
1.68000,1.01194,0.96776,0.03224
1.80000,1.01194,0.98196,0.01804
1.92000,1.01194,0.97243,0.02757
2.04000,1.01194,0.97270,0.02730
2.16000,1.01194,0.97977,0.02023
2.28000,1.01194,0.97355,0.02645
2.40000,1.01194,0.98356,0.01644
2.52000,1.01194,0.97167,0.02833
2.64000,1.01194,0.97786,0.02214
2.76000,1.01194,0.95764,0.04236
2.88000,1.01194,0.96152,0.03848
3.00000,1.01194,0.92185,0.07815
3.12000,1.01194,0.95532,0.04468
3.24000,1.01194,0.89556,0.10444
3.36000,1.01194,0.94569,0.05431
3.48000,1.01194,0.91604,0.08396
3.60000,1.01194,0.92275,0.07725
3.72000,1.01194,0.93441,0.06559
3.84000,1.01194,0.94861,0.05139
3.96000,1.01194,0.97182,0.02818
4.08000,1.01194,0.94071,0.05929
4.20000,1.01194,0.95468,0.04532
4.32000,1.01194,0.95876,0.04124
4.44000,1.01194,0.96942,0.03058
4.56000,1.01194,0.96165,0.03835
4.68000,1.01194,0.96308,0.03692
4.80000,1.01194,0.98297,0.01703
4.92000,1.01194,0.95172,0.04828
5.04000,1.01194,0.98240,0.01760
5.16000,1.01194,0.97592,0.02408
5.28000,1.01194,0.97149,0.02851
5.40000,1.01194,0.96581,0.03419
5.52000,1.01194,0.97806,0.02194
5.64000,1.01194,0.97359,0.02641
5.76000,1.01194,0.95265,0.04735
5.88000,1.01194,0.96818,0.03182
6.00000,1.01194,0.97307,0.02693
6.12000,1.01194,0.96788,0.03212
6.24000,1.01194,0.97860,0.02140
6.36000,1.01194,0.96119,0.03881
6.48000,1.01194,0.98103,0.01897
6.60000,1.01194,0.97040,0.02960
6.72000,1.01194,0.96613,0.03387
6.84000,1.01194,0.97108,0.02892
6.96000,1.01194,0.96384,0.03616
7.08000,1.01194,0.96794,0.03206
7.20000,1.01194,0.97240,0.02760
7.32000,1.01194,0.96129,0.03871
7.44000,1.01194,0.97238,0.02762
7.56000,1.01194,0.95689,0.04311
7.68000,1.01194,0.82457,0.17543
7.80000,1.01194,0.90117,0.09883
7.92000,1.01194,0.96725,0.03275
8.04000,1.01194,0.96563,0.03437
8.16000,1.01194,0.94996,0.05004
8.28000,1.01194,0.95074,0.04926
8.40000,1.01194,0.97346,0.02654
8.52000,1.01194,0.94072,0.05928
8.64000,1.01194,0.96971,0.03029
8.76000,1.01194,0.97180,0.02820
8.88000,1.01194,0.98070,0.01930
9.00000,1.01194,0.97049,0.02951
9.12000,1.01194,0.97314,0.02686
9.24000,1.01194,0.97105,0.02895
9.36000,1.01194,0.97128,0.02872
9.48000,1.01194,0.95619,0.04381
9.60000,1.01194,0.96302,0.03698
9.72000,1.01194,0.95501,0.04499
9.84000,1.01194,0.95551,0.04449
9.96000,1.01194,0.97270,0.02730
10.08000,1.01194,0.95429,0.04571
10.20000,1.01194,0.96488,0.03512
10.32000,1.01194,0.95995,0.04005
10.44000,1.01194,0.96856,0.03144
10.56000,1.01194,0.94242,0.05758
10.68000,1.01194,0.95400,0.04600
10.80000,1.01194,0.95720,0.04280
10.92000,1.01194,0.89841,0.10159
11.04000,1.01194,0.94186,0.05814
11.16000,1.01194,0.89178,0.10822
11.28000,1.01194,0.94973,0.05027
11.40000,1.01194,0.92367,0.07633
11.52000,1.01194,0.94518,0.05482
11.64000,1.01194,0.94870,0.05130
11.76000,1.01194,0.97986,0.02014
11.88000,1.01194,0.98068,0.01932
12.00000,1.01194,0.96161,0.03839
12.12000,1.01194,0.98330,0.01670
12.24000,1.01194,0.95226,0.04774
12.36000,1.01194,0.97972,0.02028
12.48000,1.01194,0.98563,0.01437
12.60000,1.01194,0.99540,0.00460
12.72000,1.01194,0.99773,0.00227
12.84000,1.01194,0.99798,0.00202
12.96000,1.01194,0.99537,0.00463
13.08000,1.01194,0.99283,0.00717
13.20000,1.01194,0.98919,0.01081
13.32000,1.01194,0.93644,0.06356
13.44000,1.01194,0.93460,0.06540
13.56000,1.01194,0.94702,0.05298
13.68000,1.01194,0.95728,0.04272
13.80000,1.01194,0.94592,0.05408
13.92000,1.01194,0.97254,0.02746
14.04000,1.01194,0.96710,0.03290
14.16000,1.01194,0.95754,0.04246
14.28000,1.01194,0.98542,0.01458
14.40000,1.01194,0.98073,0.01927
14.52000,1.01194,0.97972,0.02028
14.64000,1.01194,0.95604,0.04396
14.76000,1.01194,0.95845,0.04155
14.88000,1.01194,0.94454,0.05546
15.00000,1.01194,0.94914,0.05086
15.12000,1.01194,0.98853,0.01147
15.24000,1.01194,0.99547,0.00453
15.36000,1.01194,0.99536,0.00464
15.48000,1.01194,0.99774,0.00226
15.60000,1.01194,0.99626,0.00374
15.72000,1.01194,0.98791,0.01209
15.84000,1.01194,0.97322,0.02678
15.96000,1.01194,0.95286,0.04714
16.08000,1.01194,0.83681,0.16319
16.20000,1.01194,0.93430,0.06570
16.32000,1.01194,0.92138,0.07862
16.44000,1.01194,0.99230,0.00770
16.56000,1.01194,0.98534,0.01466
16.68000,1.01194,0.99353,0.00647
16.80000,1.01194,0.99515,0.00485
16.92000,1.01194,0.98965,0.01035
17.04000,1.01194,0.98002,0.01998
17.16000,1.01194,0.88171,0.11829
17.28000,1.01194,0.93218,0.06782
17.40000,1.01194,0.94474,0.05526
17.52000,1.01194,0.93827,0.06173
17.64000,1.01194,0.87961,0.12039
17.76000,1.01194,0.90543,0.09457
17.88000,1.01194,0.84066,0.15934
18.00000,1.01194,0.97453,0.02547
18.12000,1.01194,0.96420,0.03580
18.24000,1.01194,0.97483,0.02517
18.36000,1.01194,0.84666,0.15334
18.48000,1.01194,0.98061,0.01939
18.60000,1.01194,0.95054,0.04946
18.72000,1.01194,0.98738,0.01262
18.84000,1.01194,0.95443,0.04557
18.96000,1.01194,0.97731,0.02269
19.08000,1.01194,0.96629,0.03371
19.20000,1.01194,0.97134,0.02866
19.32000,1.01194,0.95700,0.04300
19.44000,1.01194,0.97516,0.02484
19.56000,1.01194,0.97747,0.02253
19.68000,1.01194,0.97795,0.02205
19.80000,1.01194,0.97214,0.02786
19.92000,1.01194,0.97874,0.02126
20.04000,1.01194,0.97591,0.02409
20.16000,1.01194,0.97476,0.02524
20.28000,1.01194,0.98212,0.01788
20.40000,1.01194,0.98010,0.01990
20.52000,1.01194,0.97509,0.02491
20.64000,1.01194,0.97178,0.02822
20.76000,1.01194,0.96188,0.03812
20.88000,1.01194,0.96368,0.03632
21.00000,1.01194,0.96745,0.03255
21.12000,1.01194,0.96948,0.03052
21.24000,1.01194,0.94858,0.05142
21.36000,1.01194,0.95545,0.04455
21.48000,1.01194,0.95794,0.04206
21.60000,1.01194,0.96108,0.03892
21.72000,1.01194,0.95789,0.04211
21.84000,1.01194,0.96313,0.03687
21.96000,1.01194,0.95019,0.04981
22.08000,1.01194,0.95957,0.04043
22.20000,1.01194,0.96110,0.03890
22.32000,1.01194,0.97425,0.02575
22.44000,1.01194,0.95370,0.04630
22.56000,1.01194,0.97201,0.02799
22.68000,1.01194,0.95385,0.04615
22.80000,1.01194,0.93753,0.06247
22.92000,1.01194,0.94962,0.05038
23.04000,1.01194,0.93327,0.06673
23.16000,1.01194,0.91512,0.08488
23.28000,1.01194,0.95178,0.04822
23.40000,1.01194,0.94249,0.05751
23.52000,1.01194,0.96396,0.03604
23.64000,1.01194,0.95681,0.04319
23.76000,1.01194,0.97186,0.02814
23.88000,1.01194,0.93131,0.06869
24.00000,1.01194,0.97866,0.02134
24.12000,1.01194,0.95085,0.04915
24.24000,1.01194,0.97042,0.02958
24.36000,1.01194,0.94758,0.05242
24.48000,1.01194,0.96160,0.03840
24.60000,1.01194,0.89937,0.10063
24.72000,1.01194,0.96121,0.03879
24.84000,1.01194,0.95630,0.04370
24.96000,1.01194,0.93104,0.06896
25.08000,1.01194,0.91580,0.08420
25.20000,1.01194,0.96747,0.03252
25.32000,1.01194,0.97257,0.02743
25.44000,1.01194,0.94747,0.05253
25.56000,1.01194,0.96137,0.03863
25.68000,1.01194,0.96919,0.03081
25.80000,1.01194,0.97237,0.02763
25.92000,1.01194,0.98214,0.01786
26.04000,1.01194,0.98655,0.01345
26.16000,1.01194,0.97703,0.02297
26.28000,1.01194,0.98420,0.01580
26.40000,1.01194,0.98929,0.01071
26.52000,1.01194,0.98368,0.01632
26.64000,1.01194,0.98573,0.01426
26.76000,1.01194,0.98309,0.01691
26.88000,1.01194,0.98198,0.01802
27.00000,1.01194,0.98727,0.01273
27.12000,1.01194,0.97813,0.02187
27.24000,1.01194,0.98378,0.01622
27.36000,1.01194,0.98180,0.01820
27.48000,1.01194,0.98495,0.01505
27.60000,1.01194,0.98097,0.01903
27.72000,1.01194,0.98433,0.01567
27.84000,1.01194,0.98334,0.01666
27.96000,1.01194,0.98567,0.01433
28.08000,1.01194,0.98876,0.01124
28.20000,1.01194,0.96875,0.03125
28.32000,1.01194,0.98143,0.01857
28.44000,1.01194,0.96714,0.03286
28.56000,1.01194,0.96963,0.03037
28.68000,1.01194,0.94981,0.05019
28.80000,1.01194,0.97023,0.02977
28.92000,1.01194,0.96692,0.03308
29.04000,1.01194,0.95306,0.04694
29.16000,1.01194,0.93524,0.06476
29.28000,1.01194,0.96959,0.03041
29.40000,1.01194,0.93720,0.06280
29.52000,1.01194,0.97888,0.02112
29.64000,1.01194,0.97322,0.02678
29.76000,1.01194,0.97785,0.02215
29.88000,1.01194,0.95436,0.04564
30.00000,1.01194,0.98327,0.01673
30.12000,1.01194,0.96738,0.03262
30.24000,1.01194,0.97463,0.02537
30.36000,1.01194,0.98231,0.01769
30.48000,1.01194,0.95982,0.04018
30.60000,1.01194,0.97111,0.02889
30.72000,1.01194,0.95543,0.04457
30.84000,1.01194,0.97787,0.02213
30.96000,1.01194,0.96761,0.03239
31.08000,1.01194,0.94795,0.05205
31.20000,1.01194,0.98036,0.01964
31.32000,1.01194,0.97919,0.02081
31.44000,1.01194,0.97886,0.02114
31.56000,1.01194,0.98877,0.01123
31.68000,1.01194,0.96396,0.03604
31.80000,1.01194,0.94520,0.05480
31.92000,1.01194,0.94420,0.05580
32.04000,1.01194,0.96611,0.03389
32.16000,1.01194,0.96449,0.03551
32.28000,1.01194,0.95756,0.04244
32.40000,1.01194,0.96435,0.03565
32.52000,1.01194,0.95982,0.04018
32.64000,1.01194,0.96722,0.03278
32.76000,1.01194,0.95883,0.04117
32.88000,1.01194,0.97474,0.02526
33.00000,1.01194,0.97737,0.02263
33.12000,1.01194,0.96151,0.03849
33.24000,1.01194,0.96674,0.03327
33.36000,1.01194,0.97231,0.02769
33.48000,1.01194,0.98085,0.01915
33.60000,1.01194,0.92641,0.07359
33.72000,1.01194,0.97134,0.02866
33.84000,1.01194,0.96759,0.03241
33.96000,1.01194,0.97013,0.02987
34.08000,1.01194,0.95889,0.04111
34.20000,1.01194,0.97048,0.02952
34.32000,1.01194,0.95915,0.04085
34.44000,1.01194,0.97884,0.02116
34.56000,1.01194,0.90081,0.09919
34.68000,1.01194,0.97753,0.02247
34.80000,1.01194,0.94714,0.05286
34.92000,1.01194,0.98044,0.01956
35.04000,1.01194,0.94845,0.05155
35.16000,1.01194,0.96759,0.03241
35.28000,1.01194,0.95934,0.04066
35.40000,1.01194,0.96911,0.03089
35.52000,1.01194,0.97598,0.02402
35.64000,1.01194,0.98210,0.01790
35.76000,1.01194,0.96276,0.03724
35.88000,1.01194,0.96274,0.03726
36.00000,1.01194,0.96431,0.03569
36.12000,1.01194,0.96897,0.03103
36.24000,1.01194,0.94371,0.05629
36.36000,1.01194,0.97973,0.02027
36.48000,1.01194,0.97779,0.02221
36.60000,1.01194,0.97878,0.02122
36.72000,1.01194,0.98057,0.01943
36.84000,1.01194,0.97112,0.02888
36.96000,1.01194,0.98171,0.01829
37.08000,1.01194,0.98770,0.01230
37.20000,1.01194,0.98270,0.01730
37.32000,1.01194,0.98175,0.01825
37.44000,1.01194,0.97552,0.02448
37.56000,1.01194,0.98044,0.01956
37.68000,1.01194,0.98420,0.01580
37.80000,1.01194,0.98626,0.01374
37.92000,1.01194,0.98460,0.01540
38.04000,1.01194,0.98018,0.01982
38.16000,1.01194,0.98262,0.01738
38.28000,1.01194,0.98128,0.01872
38.40000,1.01194,0.98214,0.01786
38.52000,1.01194,0.97464,0.02536
38.64000,1.01194,0.97222,0.02778
38.76000,1.01194,0.97936,0.02064
38.88000,1.01194,0.98256,0.01744
39.00000,1.01194,0.98338,0.01662
39.12000,1.01194,0.98052,0.01948
39.24000,1.01194,0.97957,0.02043
39.36000,1.01194,0.98875,0.01125
39.48000,1.01194,0.97545,0.02455
39.60000,1.01194,0.98491,0.01509
39.72000,1.01194,0.97890,0.02110
39.84000,1.01194,0.98571,0.01429
39.96000,1.01194,0.98120,0.01880
40.08000,1.01194,0.98415,0.01585
40.20000,1.01194,0.97597,0.02403
40.32000,1.01194,0.97206,0.02794
40.44000,1.01194,0.97233,0.02767
40.56000,1.01194,0.97782,0.02218
40.68000,1.01194,0.97269,0.02731
40.80000,1.01194,0.98322,0.01678
40.92000,1.01194,0.96994,0.03006
41.04000,1.01194,0.97307,0.02693
41.16000,1.01194,0.97673,0.02327
41.28000,1.01194,0.97880,0.02120
41.40000,1.01194,0.97246,0.02754
41.52000,1.01194,0.97286,0.02714
41.64000,1.01194,0.96407,0.03593
41.76000,1.01194,0.96704,0.03296
41.88000,1.01194,0.97380,0.02620
42.00000,1.01194,0.93704,0.06296
42.12000,1.01194,0.96700,0.03300
42.24000,1.01194,0.96233,0.03767
42.36000,1.01194,0.96728,0.03272
42.48000,1.01194,0.96644,0.03356
42.60000,1.01194,0.97667,0.02333
42.72000,1.01194,0.98265,0.01735
42.84000,1.01194,0.98618,0.01382
42.96000,1.01194,0.96304,0.03696
43.08000,1.01194,0.97427,0.02573
43.20000,1.01194,0.96758,0.03242
43.32000,1.01194,0.98372,0.01628
43.44000,1.01194,0.96218,0.03782
43.56000,1.01194,0.98197,0.01803
43.68000,1.01194,0.96233,0.03767
43.80000,1.01194,0.98951,0.01049
43.92000,1.01194,0.96654,0.03346
44.04000,1.01194,0.98021,0.01979
44.16000,1.01194,0.97734,0.02266
44.28000,1.01194,0.98770,0.01230
44.40000,1.01194,0.98143,0.01857
44.52000,1.01194,0.97984,0.02015
44.64000,1.01194,0.97258,0.02742
44.76000,1.01194,0.97436,0.02564
44.88000,1.01194,0.96877,0.03123
45.00000,1.01194,0.96573,0.03427
45.12000,1.01194,0.95646,0.04354
45.24000,1.01194,0.95582,0.04418
45.36000,1.01194,0.93945,0.06055
45.48000,1.01194,0.94645,0.05355
45.60000,1.01194,0.94197,0.05803
45.72000,1.01194,0.97007,0.02993
45.84000,1.01194,0.96741,0.03259
45.96000,1.01194,0.94784,0.05216
46.08000,1.01194,0.95956,0.04044
46.20000,1.01194,0.97680,0.02320
46.32000,1.01194,0.97329,0.02671
46.44000,1.01194,0.97481,0.02519
46.56000,1.01194,0.98329,0.01671
46.68000,1.01194,0.98236,0.01764
46.80000,1.01194,0.97721,0.02279
46.92000,1.01194,0.97839,0.02161
47.04000,1.01194,0.98101,0.01899
47.16000,1.01194,0.98817,0.01183
47.28000,1.01194,0.98413,0.01587
47.40000,1.01194,0.98420,0.01580
47.52000,1.01194,0.98373,0.01627
47.64000,1.01194,0.96658,0.03342
47.76000,1.01194,0.98260,0.01740
47.88000,1.01194,0.96388,0.03612
48.00000,1.01194,0.97152,0.02848
48.12000,1.01194,0.97982,0.02018
48.24000,1.01194,0.96953,0.03047
48.36000,1.01194,0.97304,0.02696
48.48000,1.01194,0.97722,0.02278
48.60000,1.01194,0.96893,0.03107
48.72000,1.01194,0.97697,0.02303
48.84000,1.01194,0.96727,0.03273
48.96000,1.01194,0.98107,0.01893
49.08000,1.01194,0.97481,0.02519
49.20000,1.01194,0.96131,0.03869
49.32000,1.01194,0.96916,0.03084
49.44000,1.01194,0.94908,0.05092
49.56000,1.01194,0.95248,0.04752
49.68000,1.01194,0.94999,0.05001
49.80000,1.01194,0.93931,0.06069
49.92000,1.01194,0.97673,0.02327
50.04000,1.01194,0.95325,0.04675
50.16000,1.01194,0.97457,0.02543
50.28000,1.01194,0.97619,0.02381
50.40000,1.01194,0.97610,0.02390
50.52000,1.01194,0.97870,0.02130
50.64000,1.01194,0.96296,0.03704
50.76000,1.01194,0.96312,0.03688
50.88000,1.01194,0.96049,0.03951
51.00000,1.01194,0.96128,0.03872
51.12000,1.01194,0.95271,0.04729
51.24000,1.01194,0.96872,0.03128
51.36000,1.01194,0.94836,0.05164
51.48000,1.01194,0.96157,0.03843
51.60000,1.01194,0.94844,0.05156
51.72000,1.01194,0.94594,0.05406
51.84000,1.01194,0.96098,0.03902
51.96000,1.01194,0.92651,0.07349
52.08000,1.01194,0.92671,0.07329
52.20000,1.01194,0.95004,0.04996
52.32000,1.01194,0.98570,0.01430
52.44000,1.01194,0.97760,0.02240
52.56000,1.01194,0.98573,0.01427
52.68000,1.01194,0.96697,0.03303
52.80000,1.01194,0.98939,0.01061
52.92000,1.01194,0.96465,0.03535
53.04000,1.01194,0.97810,0.02190
53.16000,1.01194,0.97630,0.02370
53.28000,1.01194,0.96648,0.03352
53.40000,1.01194,0.98074,0.01926
53.52000,1.01194,0.94151,0.05849
53.64000,1.01194,0.96498,0.03502
53.76000,1.01194,0.95898,0.04102
53.88000,1.01194,0.96521,0.03479
54.00000,1.01194,0.96292,0.03708
54.12000,1.01194,0.97105,0.02895
54.24000,1.01194,0.98078,0.01922
54.36000,1.01194,0.95192,0.04808
54.48000,1.01194,0.97381,0.02619
54.60000,1.01194,0.97000,0.03000
54.72000,1.01194,0.97961,0.02039
54.84000,1.01194,0.94128,0.05872
54.96000,1.01194,0.92180,0.07820
55.08000,1.01194,0.95150,0.04850
55.20000,1.01194,0.91006,0.08994
55.32000,1.01194,0.94170,0.05830
55.44000,1.01194,0.93886,0.06114
55.56000,1.01194,0.95145,0.04855
55.68000,1.01194,0.92024,0.07976
55.80000,1.01194,0.94380,0.05620
55.92000,1.01194,0.90383,0.09617
56.04000,1.01194,0.94763,0.05237
56.16000,1.01194,0.85042,0.14958
56.28000,1.01194,0.93272,0.06728
56.40000,1.01194,0.94267,0.05733
56.52000,1.01194,0.95562,0.04438
56.64000,1.01194,0.95267,0.04733
56.76000,1.01194,0.97987,0.02013
56.88000,1.01194,0.97174,0.02826
57.00000,1.01194,0.99104,0.00896
57.12000,1.01194,0.98956,0.01044
57.24000,1.01194,0.99679,0.00321
57.36000,1.01194,0.97715,0.02285
57.48000,1.01194,0.95206,0.04794
57.60000,1.01194,0.92726,0.07274
57.72000,1.01194,0.76885,0.23115
57.84000,1.01194,0.81463,0.18537
57.96000,1.01194,0.83476,0.16524
58.08000,1.01194,0.84146,0.15854
58.20000,1.01194,0.91536,0.08464
58.32000,1.01194,0.87335,0.12665
58.44000,1.01194,0.89480,0.10520
58.56000,1.01194,0.86697,0.13303
58.68000,1.01194,0.95382,0.04618
58.80000,1.01194,0.94100,0.05900
58.92000,1.01194,0.95048,0.04952
59.04000,1.01194,0.96339,0.03661
59.16000,1.01194,0.95244,0.04756
59.28000,1.01194,0.96819,0.03181
59.40000,1.01194,0.97724,0.02276
59.52000,1.01194,0.95960,0.04040
59.64000,1.01194,0.96535,0.03465
59.76000,1.01194,0.93928,0.06072
59.88000,1.01194,0.96902,0.03098
60.00000,1.01194,0.96505,0.03495
60.12000,1.01194,0.94897,0.05103
60.24000,1.01194,0.96848,0.03152
60.36000,1.01194,0.96743,0.03257
60.48000,1.01194,0.96840,0.03160
60.60000,1.01194,0.96069,0.03931
60.72000,1.01194,0.96490,0.03510
60.84000,1.01194,0.96377,0.03623
60.96000,1.01194,0.96951,0.03049
61.08000,1.01194,0.94417,0.05583
61.20000,1.01194,0.97235,0.02765
61.32000,1.01194,0.95288,0.04712
61.44000,1.01194,0.97539,0.02461
61.56000,1.01194,0.96026,0.03974
61.68000,1.01194,0.97082,0.02918
61.80000,1.01194,0.96302,0.03699
61.92000,1.01194,0.96295,0.03705
62.04000,1.01194,0.97470,0.02530
62.16000,1.01194,0.97064,0.02936
62.28000,1.01194,0.97286,0.02714
62.40000,1.01194,0.95138,0.04862
62.52000,1.01194,0.95079,0.04921
62.64000,1.01194,0.96005,0.03995
62.76000,1.01194,0.96453,0.03547
62.88000,1.01194,0.96828,0.03172
63.00000,1.01194,0.96174,0.03826
63.12000,1.01194,0.96171,0.03829
63.24000,1.01194,0.95635,0.04365
63.36000,1.01194,0.98013,0.01987
63.48000,1.01194,0.97751,0.02249
63.60000,1.01194,0.98434,0.01566
63.72000,1.01194,0.97187,0.02813
63.84000,1.01194,0.98231,0.01769
63.96000,1.01194,0.97213,0.02787
64.08000,1.01193,0.98253,0.01747
64.20000,1.01194,0.96725,0.03275
64.32000,1.01194,0.97466,0.02534
64.44000,1.01193,0.97559,0.02441
64.56000,1.01194,0.97581,0.02419
64.68000,1.01194,0.98272,0.01728
64.80000,1.01193,0.97806,0.02194
64.92000,1.01194,0.97896,0.02104
65.04000,1.01194,0.97874,0.02126
65.16000,1.01193,0.97083,0.02917
65.28000,1.01194,0.97376,0.02624
65.40000,1.01193,0.95878,0.04122
65.52000,1.01194,0.96646,0.03354
65.64000,1.01194,0.96688,0.03312
65.76000,1.01193,0.97383,0.02617
65.88000,1.01194,0.96676,0.03324
66.00000,1.01194,0.97024,0.02976
66.12000,1.01193,0.96546,0.03454
66.24000,1.01194,0.97219,0.02781
66.36000,1.01194,0.96066,0.03934
66.48000,1.01193,0.97092,0.02908
66.60000,1.01194,0.96041,0.03959
66.72000,1.01194,0.97797,0.02203
66.84000,1.01194,0.97151,0.02849
66.96000,1.01194,0.97445,0.02555
67.08000,1.01193,0.98293,0.01707
67.20000,1.01194,0.98297,0.01703
67.32000,1.01194,0.97678,0.02322
67.44000,1.01193,0.98505,0.01495
67.56000,1.01194,0.98393,0.01607
67.68000,1.01194,0.99002,0.00998
67.80000,1.01193,0.98595,0.01405
67.92000,1.01194,0.98768,0.01232
68.04000,1.01194,0.97177,0.02823
68.16000,1.01193,0.98530,0.01470
68.28000,1.01194,0.98041,0.01959
68.40000,1.01193,0.98268,0.01732
68.52000,1.01194,0.96848,0.03152
68.64000,1.01194,0.97025,0.02975
68.76000,1.01193,0.97295,0.02705
68.88000,1.01194,0.97566,0.02434
69.00000,1.01194,0.98210,0.01790
69.12000,1.01193,0.98507,0.01493
69.24000,1.01194,0.97168,0.02832
69.36000,1.01194,0.98696,0.01304
69.48000,1.01193,0.98033,0.01967
69.60000,1.01194,0.98370,0.01630
69.72000,1.01194,0.95833,0.04167
69.84000,1.01194,0.96001,0.03999
69.96000,1.01194,0.98924,0.01076
70.08000,1.01193,0.97568,0.02432
70.20000,1.01194,0.98436,0.01564
70.32000,1.01194,0.94925,0.05075
70.44000,1.01193,0.98338,0.01662
70.56000,1.01194,0.88209,0.11791
70.68000,1.01194,0.95080,0.04920
70.80000,1.01193,0.94574,0.05426
70.92000,1.01194,0.95153,0.04847
71.04000,1.01194,0.97003,0.02997
71.16000,1.01193,0.97093,0.02907
71.28000,1.01194,0.93832,0.06168
71.40000,1.01193,0.95205,0.04795
71.52000,1.01194,0.96335,0.03665
71.64000,1.01194,0.98147,0.01853
71.76000,1.01193,0.97323,0.02677
71.88000,1.01194,0.95589,0.04411
72.00000,1.01194,0.98469,0.01531
72.12000,1.01193,0.97116,0.02884
72.24000,1.01194,0.96115,0.03885
72.36000,1.01194,0.93062,0.06938
72.48000,1.01193,0.95929,0.04071
72.60000,1.01194,0.93836,0.06164
72.72000,1.01194,0.93537,0.06463
72.84000,1.01194,0.95215,0.04785
72.96000,1.01194,0.93569,0.06431
73.08000,1.01193,0.98650,0.01350
73.20000,1.01194,0.98206,0.01794
73.32000,1.01194,0.98400,0.01600
73.44000,1.01193,0.98741,0.01259
73.56000,1.01194,0.98237,0.01763
73.68000,1.01194,0.95340,0.04660
73.80000,1.01193,0.93094,0.06906
73.92000,1.01194,0.94689,0.05311
74.04000,1.01194,0.93273,0.06727
74.16000,1.01193,0.91693,0.08307
74.28000,1.01194,0.96683,0.03317
74.40000,1.01193,0.97353,0.02647
74.52000,1.01194,0.95427,0.04573
74.64000,1.01194,0.96556,0.03444
74.76000,1.01193,0.96229,0.03771
74.88000,1.01194,0.92984,0.07016
75.00000,1.01194,0.97793,0.02207
75.12000,1.01193,0.96417,0.03583
75.24000,1.01194,0.96188,0.03812
75.36000,1.01194,0.93891,0.06109
75.48000,1.01193,0.96543,0.03457
75.60000,1.01194,0.94347,0.05653
75.72000,1.01194,0.91428,0.08572
75.84000,1.01194,0.84518,0.15482
75.96000,1.01194,0.90245,0.09755
76.08000,1.01193,0.96677,0.03323
76.20000,1.01194,0.94018,0.05982
76.32000,1.01194,0.95947,0.04053
76.44000,1.01193,0.95170,0.04830
76.56000,1.01194,0.96138,0.03862
76.68000,1.01194,0.94435,0.05565
76.80000,1.01193,0.90308,0.09692
76.92000,1.01194,0.95613,0.04387
77.04000,1.01194,0.93816,0.06184
77.16000,1.01193,0.96106,0.03894
77.28000,1.01194,0.93680,0.06320
77.40000,1.01193,0.90932,0.09068
77.52000,1.01194,0.94260,0.05740
77.64000,1.01194,0.79158,0.20842
77.76000,1.01193,0.91620,0.08380
77.88000,1.01194,0.97661,0.02339
78.00000,1.01194,0.95633,0.04367
78.12000,1.01193,0.95765,0.04235
78.24000,1.01194,0.94120,0.05880
78.36000,1.01194,0.97047,0.02953
78.48000,1.01193,0.88109,0.11891
78.60000,1.01194,0.92331,0.07669
78.72000,1.01194,0.93766,0.06234
78.84000,1.01194,0.87794,0.12206
78.96000,1.01194,0.91145,0.08855
79.08000,1.01193,0.97336,0.02664
79.20000,1.01194,0.97916,0.02084
79.32000,1.01194,0.96535,0.03465
79.44000,1.01193,0.98783,0.01217
79.56000,1.01194,0.99015,0.00985
79.68000,1.01194,0.96649,0.03351
79.80000,1.01193,0.96683,0.03317
79.92000,1.01194,0.97252,0.02748
80.04000,1.01194,0.97576,0.02424
80.16000,1.01193,0.94976,0.05024
80.28000,1.01194,0.95296,0.04704
80.40000,1.01193,0.98778,0.01222
80.52000,1.01194,0.94410,0.05590
80.64000,1.01194,0.97063,0.02937
80.76000,1.01193,0.94608,0.05392
80.88000,1.01194,0.98177,0.01823
81.00000,1.01194,0.91707,0.08293
81.12000,1.01193,0.96048,0.03952
81.24000,1.01194,0.96864,0.03136
81.36000,1.01194,0.89606,0.10394
81.48000,1.01193,0.96059,0.03941
81.60000,1.01194,0.91623,0.08377
81.72000,1.01194,0.95139,0.04861
81.84000,1.01194,0.94832,0.05168
81.96000,1.01194,0.93881,0.06119
82.08000,1.01193,0.91418,0.08582
82.20000,1.01194,0.98902,0.01098
82.32000,1.01194,0.96367,0.03633
82.44000,1.01193,0.99010,0.00990
82.56000,1.01194,0.93985,0.06015
82.68000,1.01194,0.97478,0.02522
82.80000,1.01193,0.86098,0.13902
82.92000,1.01194,0.96054,0.03946
83.04000,1.01194,0.93294,0.06706
83.16000,1.01193,0.94963,0.05037
83.28000,1.01194,0.95597,0.04403
83.40000,1.01193,0.89157,0.10843
83.52000,1.01194,0.97945,0.02055
83.64000,1.01194,0.97300,0.02700
83.76000,1.01193,0.98549,0.01451
83.88000,1.01194,0.96551,0.03449
84.00000,1.01194,0.96164,0.03836
84.12000,1.01193,0.94919,0.05081
84.24000,1.01194,0.96530,0.03470
84.36000,1.01194,0.97015,0.02985
84.48000,1.01193,0.97383,0.02617
84.60000,1.01194,0.96246,0.03754
84.72000,1.01194,0.98949,0.01051
84.84000,1.01194,0.97522,0.02478
84.96000,1.01194,0.98529,0.01471
85.08000,1.01193,0.96306,0.03694
85.20000,1.01194,0.98573,0.01427
85.32000,1.01194,0.93464,0.06536
85.44000,1.01193,0.94241,0.05759
85.56000,1.01194,0.94345,0.05655
85.68000,1.01194,0.88261,0.11739
85.80000,1.01193,0.90707,0.09293
85.92000,1.01194,0.88680,0.11320
86.04000,1.01194,0.96442,0.03558
86.16000,1.01193,0.92505,0.07495
86.28000,1.01194,0.95080,0.04920
86.40000,1.01193,0.88928,0.11072
86.52000,1.01194,0.96122,0.03878
86.64000,1.01194,0.89507,0.10493
86.76000,1.01193,0.95117,0.04883
86.88000,1.01194,0.90301,0.09699
87.00000,1.01194,0.95558,0.04442
87.12000,1.01193,0.84816,0.15184
87.24000,1.01194,0.96165,0.03835
87.36000,1.01194,0.94955,0.05045
87.48000,1.01193,0.97378,0.02622
87.60000,1.01194,0.95659,0.04341
87.72000,1.01194,0.96939,0.03061
87.84000,1.01194,0.96090,0.03910
87.96000,1.01194,0.95996,0.04004
88.08000,1.01193,0.98172,0.01828
88.20000,1.01194,0.96391,0.03609
88.32000,1.01194,0.96772,0.03228
88.44000,1.01193,0.93781,0.06219
88.56000,1.01194,0.97483,0.02517
88.68000,1.01194,0.96200,0.03800
88.80000,1.01193,0.94487,0.05513
88.92000,1.01194,0.93108,0.06892
89.04000,1.01194,0.97588,0.02412
89.16000,1.01193,0.93864,0.06136
89.28000,1.01194,0.88393,0.11607
89.40000,1.01193,0.83146,0.16854
89.52000,1.01194,0.90986,0.09014
89.64000,1.01194,0.80264,0.19736
89.76000,1.01193,0.77743,0.22257
89.88000,1.01194,0.78421,0.21579
90.00000,1.01194,0.80932,0.19068
90.12000,1.01193,0.88039,0.11961
90.24000,1.01194,0.86878,0.13122
90.36000,1.01194,0.88489,0.11511
90.48000,1.01193,0.89613,0.10387
90.60000,1.01194,0.91023,0.08977
90.72000,1.01194,0.85648,0.14352
90.84000,1.01194,0.92886,0.07114
90.96000,1.01194,0.93633,0.06367
91.08000,1.01193,0.88623,0.11377
91.20000,1.01194,0.93536,0.06464
91.32000,1.01194,0.94660,0.05340
91.44000,1.01193,0.93651,0.06349
91.56000,1.01194,0.92128,0.07872
91.68000,1.01194,0.96869,0.03131
91.80000,1.01193,0.97596,0.02404
91.92000,1.01194,0.96432,0.03568
92.04000,1.01194,0.96644,0.03356
92.16000,1.01193,0.88025,0.11975
92.28000,1.01194,0.96862,0.03138
92.40000,1.01193,0.91566,0.08434
92.52000,1.01194,0.89542,0.10458
92.64000,1.01194,0.89515,0.10485
92.76000,1.01193,0.95938,0.04062
92.88000,1.01194,0.93168,0.06832
93.00000,1.01194,0.84391,0.15609
93.12000,1.01193,0.76814,0.23186
93.24000,1.01194,0.71270,0.28730
93.36000,1.01194,0.85082,0.14918
93.48000,1.01193,0.89215,0.10785
93.60000,1.01194,0.89601,0.10399
93.72000,1.01194,0.90668,0.09332
93.84000,1.01194,0.90665,0.09335
93.96000,1.01194,0.96193,0.03807
94.08000,1.01193,0.94637,0.05363
94.20000,1.01194,0.94746,0.05254
94.32000,1.01194,0.96784,0.03216
94.44000,1.01193,0.96923,0.03077
94.56000,1.01194,0.93824,0.06176
94.68000,1.01194,0.98219,0.01781
94.80000,1.01193,0.95023,0.04977
94.92000,1.01194,0.96707,0.03293
95.04000,1.01194,0.98300,0.01700
95.16000,1.01193,0.96075,0.03925
95.28000,1.01194,0.98029,0.01971
95.40000,1.01193,0.91535,0.08465
95.52000,1.01194,0.96591,0.03409
95.64000,1.01194,0.95577,0.04423
95.76000,1.01193,0.90274,0.09726
95.88000,1.01194,0.87556,0.12444
96.00000,1.01194,0.95325,0.04675
96.12000,1.01193,0.87436,0.12564
96.24000,1.01194,0.93479,0.06521
96.36000,1.01194,0.91943,0.08057
96.48000,1.01193,0.88073,0.11927
96.60000,1.01194,0.75843,0.24157
96.72000,1.01194,0.89535,0.10465
96.84000,1.01194,0.89511,0.10489
96.96000,1.01194,0.97258,0.02742
97.08000,1.01193,0.98551,0.01449
97.20000,1.01194,0.97519,0.02481
97.32000,1.01194,0.99153,0.00847
97.44000,1.01193,0.98672,0.01328
97.56000,1.01194,0.99270,0.00730
97.68000,1.01194,0.95184,0.04816
97.80000,1.01193,0.96940,0.03060
97.92000,1.01194,0.97170,0.02830
98.04000,1.01194,0.97529,0.02471
98.16000,1.01193,0.99052,0.00948
98.28000,1.01194,0.99283,0.00717
98.40000,1.01193,0.99002,0.00998
98.52000,1.01194,0.99257,0.00743
98.64000,1.01194,0.99432,0.00568
98.76000,1.01193,0.94565,0.05435
98.88000,1.01194,0.91694,0.08306
99.00000,1.01194,0.93812,0.06188
99.12000,1.01193,0.96821,0.03179
99.24000,1.01194,0.94115,0.05885
99.36000,1.01194,0.96897,0.03103
99.48000,1.01193,0.97788,0.02212
99.60000,1.01194,0.94423,0.05577
99.72000,1.01194,0.96664,0.03336
99.84000,1.01194,0.96728,0.03272
99.96000,1.01194,0.98158,0.01842
100.08000,1.01193,0.95206,0.04794
100.20000,1.01194,0.96027,0.03973
100.32000,1.01194,0.97708,0.02292
100.44000,1.01193,0.97798,0.02202
100.56000,1.01194,0.95838,0.04162
100.68000,1.01194,0.92542,0.07458
100.80000,1.01193,0.95589,0.04411
100.92000,1.01194,0.97034,0.02966
101.04000,1.01194,0.89088,0.10912
101.16000,1.01193,0.96517,0.03483
101.28000,1.01194,0.93958,0.06042
101.40000,1.01193,0.98444,0.01556
101.52000,1.01194,0.98165,0.01835
101.64000,1.01194,0.96149,0.03851
101.76000,1.01193,0.96281,0.03719
101.88000,1.01194,0.95086,0.04914
102.00000,1.01194,0.97075,0.02925
102.12000,1.01193,0.95273,0.04727
102.24000,1.01194,0.97008,0.02992
102.36000,1.01194,0.96159,0.03841
102.48000,1.01193,0.89056,0.10944
102.60000,1.01194,0.95708,0.04292
102.72000,1.01194,0.97353,0.02647
102.84000,1.01194,0.91318,0.08682
102.96000,1.01194,0.97314,0.02686
103.08000,1.01193,0.97166,0.02834
103.20000,1.01194,0.96992,0.03008
103.32000,1.01194,0.94112,0.05888
103.44000,1.01193,0.95630,0.04370
103.56000,1.01194,0.92060,0.07940
103.68000,1.01194,0.94687,0.05313
103.80000,1.01193,0.88259,0.11741
103.92000,1.01194,0.93896,0.06104
104.04000,1.01194,0.86856,0.13144
104.16000,1.01193,0.90504,0.09496
104.28000,1.01194,0.87416,0.12584
104.40000,1.01193,0.88316,0.11684
104.52000,1.01194,0.83239,0.16761
104.64000,1.01194,0.91292,0.08708
104.76000,1.01193,0.93842,0.06158
104.88000,1.01194,0.92116,0.07884
105.00000,1.01194,0.93533,0.06467
105.12000,1.01193,0.94384,0.05616
105.24000,1.01194,0.89945,0.10055
105.36000,1.01194,0.86368,0.13632
105.48000,1.01193,0.89347,0.10653
105.60000,1.01194,0.94113,0.05887
105.72000,1.01194,0.94909,0.05091
105.84000,1.01194,0.94334,0.05666
105.96000,1.01194,0.93940,0.06060
106.08000,1.01193,0.94162,0.05838
106.20000,1.01194,0.94552,0.05448
106.32000,1.01194,0.92921,0.07079
106.44000,1.01193,0.96962,0.03038
106.56000,1.01194,0.95408,0.04592
106.68000,1.01194,0.85724,0.14276
106.80000,1.01193,0.88488,0.11512
106.92000,1.01194,0.93041,0.06959
107.04000,1.01194,0.96081,0.03919
107.16000,1.01193,0.85206,0.14794
107.28000,1.01194,0.77810,0.22190
107.40000,1.01193,0.84928,0.15072
107.52000,1.01194,0.80591,0.19409
107.64000,1.01194,0.79857,0.20143
107.76000,1.01193,0.87397,0.12603
107.88000,1.01194,0.92417,0.07583
108.00000,1.01194,0.86331,0.13669
108.12000,1.01193,0.90206,0.09794
108.24000,1.01194,0.87014,0.12986
108.36000,1.01194,0.87787,0.12213
108.48000,1.01193,0.94723,0.05277
108.60000,1.01194,0.92518,0.07482
108.72000,1.01194,0.93409,0.06591
108.84000,1.01194,0.94202,0.05798
108.96000,1.01194,0.94467,0.05533
109.08000,1.01193,0.93019,0.06981
109.20000,1.01194,0.90258,0.09742
109.32000,1.01194,0.93713,0.06287
109.44000,1.01193,0.96295,0.03705
109.56000,1.01194,0.87742,0.12258
109.68000,1.01194,0.84480,0.15520
109.80000,1.01193,0.92067,0.07933
109.92000,1.01194,0.87748,0.12252
110.04000,1.01194,0.87369,0.12631
110.16000,1.01193,0.84579,0.15421
110.28000,1.01194,0.83528,0.16472
110.40000,1.01193,0.91397,0.08603
110.52000,1.01194,0.90658,0.09342
110.64000,1.01194,0.90718,0.09282
110.76000,1.01193,0.94944,0.05056
110.88000,1.01194,0.95632,0.04368
111.00000,1.01194,0.93089,0.06911
111.12000,1.01193,0.97701,0.02299
111.24000,1.01194,0.95757,0.04243
111.36000,1.01194,0.97387,0.02613
111.48000,1.01193,0.97178,0.02822
111.60000,1.01194,0.96001,0.03998
111.72000,1.01194,0.96747,0.03253
111.84000,1.01194,0.98899,0.01101
111.96000,1.01194,0.99158,0.00842
112.08000,1.01193,0.99352,0.00648
112.20000,1.01194,0.97790,0.02210
112.32000,1.01194,0.97112,0.02888
112.44000,1.01193,0.90950,0.09050
112.56000,1.01194,0.93063,0.06937
112.68000,1.01194,0.94478,0.05522
112.80000,1.01193,0.97120,0.02880
112.92000,1.01194,0.95499,0.04501
113.04000,1.01194,0.95457,0.04543
113.16000,1.01193,0.95664,0.04336
113.28000,1.01194,0.97658,0.02342
113.40000,1.01193,0.97888,0.02112
113.52000,1.01194,0.98553,0.01447
113.64000,1.01194,0.98452,0.01548
113.76000,1.01193,0.97501,0.02499
113.88000,1.01194,0.97401,0.02599
114.00000,1.01194,0.98592,0.01408
114.12000,1.01193,0.97123,0.02877
114.24000,1.01194,0.97574,0.02426
114.36000,1.01194,0.95230,0.04770
114.48000,1.01193,0.88006,0.11994
114.60000,1.01194,0.55680,0.44320
114.72000,1.01194,0.52121,0.47879
114.84000,1.01194,0.69495,0.30505
114.96000,1.01194,0.38773,0.61227
115.08000,1.01193,0.18309,0.81691
115.20000,1.01194,0.09279,0.90721
115.32000,1.01194,0.02352,0.97648
115.44000,1.01193,0.03869,0.96131
115.56000,1.01194,0.04187,0.95813
115.68000,1.01194,0.08503,0.91497
115.80000,1.01193,0.02567,0.97433
115.92000,1.01194,0.01790,0.98210
116.04000,1.01194,0.01444,0.98556
116.16000,1.01193,0.03384,0.96616
116.28000,1.01194,0.03734,0.96266
116.40000,1.01193,0.08158,0.91842
116.52000,1.01194,0.15629,0.84371
116.64000,1.01194,0.14634,0.85366
116.76000,1.01193,0.04608,0.95392
116.88000,1.01194,0.04450,0.95550
117.00000,1.01194,0.03284,0.96716
117.12000,1.01193,0.10266,0.89735
117.24000,1.01194,0.09559,0.90441
117.36000,1.01194,0.42169,0.57831
117.48000,1.01193,0.47746,0.52254
117.60000,1.01194,0.65382,0.34618
117.72000,1.01194,0.67644,0.32356
117.84000,1.01194,0.87323,0.12676
117.96000,1.01194,0.79880,0.20120
118.08000,1.01193,0.75251,0.24749
118.20000,1.01194,0.67967,0.32033
118.32000,1.01194,0.43581,0.56419
118.44000,1.01193,0.48841,0.51159
118.56000,1.01194,0.36885,0.63115
118.68000,1.01194,0.32725,0.67276
118.80000,1.01193,0.31788,0.68212
118.92000,1.01194,0.27903,0.72097
119.04000,1.01194,0.41200,0.58800
119.16000,1.01193,0.19270,0.80730
119.28000,1.01194,0.14961,0.85039
119.40000,1.01193,0.02910,0.97090
119.52000,1.01194,0.04055,0.95945
119.64000,1.01194,0.03917,0.96083
119.76000,1.01193,0.24165,0.75835
119.88000,1.01194,0.29788,0.70212
120.00000,1.01194,0.68247,0.31753
120.12000,1.01193,0.57217,0.42783
120.24000,1.01194,0.78168,0.21832
120.36000,1.01194,0.85329,0.14671
120.48000,1.01193,0.88937,0.11063
120.60000,1.01194,0.73273,0.26727
120.72000,1.01194,0.68768,0.31232
120.84000,1.01194,0.38219,0.61781
120.96000,1.01194,0.49235,0.50765
121.08000,1.01193,0.09360,0.90640
121.20000,1.01194,0.16310,0.83690
121.32000,1.01194,0.07662,0.92338
121.44000,1.01193,0.07657,0.92343
121.56000,1.01194,0.02623,0.97377
121.68000,1.01194,0.05442,0.94558
121.80000,1.01193,0.03311,0.96689
121.92000,1.01194,0.04630,0.95370
122.04000,1.01194,0.09272,0.90728
122.16000,1.01193,0.13206,0.86794
122.28000,1.01194,0.18670,0.81330
122.40000,1.01193,0.34272,0.65728
122.52000,1.01194,0.13253,0.86747
122.64000,1.01194,0.43050,0.56950
122.76000,1.01193,0.31977,0.68023
122.88000,1.01194,0.38620,0.61380
123.00000,1.01194,0.18408,0.81592
123.12000,1.01193,0.15423,0.84577
123.24000,1.01194,0.04411,0.95589
123.36000,1.01194,0.16350,0.83650
123.48000,1.01193,0.06461,0.93539
123.60000,1.01194,0.07231,0.92769
123.72000,1.01194,0.05934,0.94066
123.84000,1.01194,0.09584,0.90416
123.96000,1.01194,0.01200,0.98800
124.08000,1.01193,0.02167,0.97833
124.20000,1.01194,0.00305,0.99695
124.32000,1.01194,0.00663,0.99337
124.44000,1.01193,0.00470,0.99530
124.56000,1.01194,0.02490,0.97510
124.68000,1.01194,0.03923,0.96077
124.80000,1.01193,0.16466,0.83534
124.92000,1.01194,0.16666,0.83334
125.04000,1.01194,0.25520,0.74480
125.16000,1.01193,0.89077,0.10923
125.28000,1.01194,0.77464,0.22536
125.40000,1.01193,0.86907,0.13093
125.52000,1.01194,0.70774,0.29226
125.64000,1.01194,0.81605,0.18395
125.76000,1.01193,0.56586,0.43414
125.88000,1.01194,0.34855,0.65145
126.00000,1.01194,0.53367,0.46633
126.12000,1.01193,0.55884,0.44116
126.24000,1.01194,0.50675,0.49325
126.36000,1.01194,0.18709,0.81291
126.48000,1.01193,0.32183,0.67817
126.60000,1.01194,0.06579,0.93421
126.72000,1.01194,0.02470,0.97530
126.84000,1.01194,0.01543,0.98457
126.96000,1.01194,0.05239,0.94761
127.08000,1.01193,0.06478,0.93522
127.20000,1.01195,0.16761,0.83239
127.32000,1.01194,0.25091,0.74909
127.44000,1.01193,0.51990,0.48010
127.56000,1.01193,0.48503,0.51497
127.68000,1.01194,0.60184,0.39816
127.80000,1.01193,0.66789,0.33211
127.92000,1.01193,0.39414,0.60586
128.03999,1.01195,0.21641,0.78359
128.16000,1.01193,0.24895,0.75105
128.28000,1.01193,0.35539,0.64461
128.39999,1.01195,0.30956,0.69044
128.52000,1.01193,0.51418,0.48582
128.64000,1.01193,0.54570,0.45430
128.75999,1.01195,0.73993,0.26007
128.88000,1.01193,0.88708,0.11292
129.00000,1.01193,0.89708,0.10292
129.12000,1.01195,0.96794,0.03206
129.24001,1.01193,0.93861,0.06139
129.36000,1.01193,0.97418,0.02582
129.48000,1.01195,0.93023,0.06977
129.60001,1.01193,0.96538,0.03462
129.72000,1.01193,0.90854,0.09146
129.84000,1.01195,0.93331,0.06669
129.96001,1.01193,0.94809,0.05191
130.08000,1.01193,0.93848,0.06152
130.20000,1.01195,0.93343,0.06657
130.32001,1.01193,0.95580,0.04420
130.44000,1.01193,0.96535,0.03465
130.56000,1.01193,0.95927,0.04073
130.67999,1.01195,0.96768,0.03232
130.80000,1.01193,0.95017,0.04983
130.92000,1.01193,0.98254,0.01746
131.03999,1.01195,0.98353,0.01647
131.16000,1.01193,0.98072,0.01928
131.28000,1.01193,0.98519,0.01481
131.39999,1.01195,0.97993,0.02007
131.52000,1.01193,0.98598,0.01402
131.64000,1.01193,0.97597,0.02403
131.75999,1.01195,0.96386,0.03614
131.88000,1.01193,0.96994,0.03006
132.00000,1.01193,0.96364,0.03636
132.12000,1.01195,0.96774,0.03226
132.24001,1.01193,0.96896,0.03104
132.36000,1.01193,0.97622,0.02378
132.48000,1.01195,0.94517,0.05483
132.60001,1.01193,0.95740,0.04260
132.72000,1.01193,0.90512,0.09488
132.84000,1.01195,0.96400,0.03600
132.96001,1.01193,0.88617,0.11383
133.08000,1.01193,0.94309,0.05691
133.20000,1.01195,0.86397,0.13603
133.32001,1.01193,0.95601,0.04399
133.44000,1.01193,0.93351,0.06649
133.56000,1.01193,0.94079,0.05921
133.67999,1.01195,0.92424,0.07576
133.80000,1.01193,0.92298,0.07702
133.92000,1.01193,0.90189,0.09811
134.03999,1.01195,0.93392,0.06608
134.16000,1.01193,0.95512,0.04488
134.28000,1.01193,0.83305,0.16695
134.39999,1.01195,0.96024,0.03976
134.52000,1.01193,0.82693,0.17307
134.64000,1.01193,0.92728,0.07272
134.75999,1.01195,0.81973,0.18027
134.88000,1.01193,0.90816,0.09184
135.00000,1.01193,0.84983,0.15017
135.12000,1.01195,0.95632,0.04368
135.24001,1.01193,0.85419,0.14581
135.36000,1.01193,0.94333,0.05667
135.48000,1.01195,0.92329,0.07671
135.60001,1.01193,0.97258,0.02742
135.72000,1.01193,0.86421,0.13579
135.84000,1.01195,0.93294,0.06706
135.96001,1.01193,0.93075,0.06925
136.08000,1.01193,0.95136,0.04864
136.20000,1.01195,0.95065,0.04935
136.32001,1.01193,0.95020,0.04980
136.44000,1.01193,0.95983,0.04017
136.56000,1.01193,0.94125,0.05875
136.67999,1.01195,0.97137,0.02863
136.80000,1.01193,0.95578,0.04422
136.92000,1.01193,0.97961,0.02039
137.03999,1.01195,0.96015,0.03985
137.16000,1.01193,0.97818,0.02182
137.28000,1.01193,0.96255,0.03745
137.39999,1.01195,0.97367,0.02633
137.52000,1.01193,0.97732,0.02268
137.64000,1.01193,0.97485,0.02515
137.75999,1.01195,0.96587,0.03413
137.88000,1.01193,0.90527,0.09473
138.00000,1.01193,0.88722,0.11278
138.12000,1.01195,0.97234,0.02766
138.24001,1.01193,0.96204,0.03796
138.36000,1.01193,0.93875,0.06125
138.48000,1.01195,0.93629,0.06371
138.60001,1.01193,0.93895,0.06105
138.72000,1.01193,0.93067,0.06933
138.84000,1.01195,0.92610,0.07390
138.96001,1.01193,0.97171,0.02829
139.08000,1.01193,0.87611,0.12389
139.20000,1.01195,0.96124,0.03876
139.32001,1.01193,0.94077,0.05923
139.44000,1.01193,0.95824,0.04176
139.56000,1.01193,0.92514,0.07486
139.67999,1.01195,0.96106,0.03894
139.80000,1.01193,0.96000,0.04000
139.92000,1.01193,0.96871,0.03129
140.03999,1.01195,0.97222,0.02778
140.16000,1.01193,0.95524,0.04476
140.28000,1.01193,0.97493,0.02507
140.39999,1.01195,0.97191,0.02809
140.52000,1.01193,0.96962,0.03038
140.64000,1.01193,0.97750,0.02250
140.75999,1.01195,0.97553,0.02447
140.88000,1.01193,0.95977,0.04023
141.00000,1.01193,0.96578,0.03422
141.12000,1.01195,0.98149,0.01851
141.24001,1.01193,0.96926,0.03074
141.36000,1.01193,0.96941,0.03059
141.48000,1.01195,0.96789,0.03211
141.60001,1.01193,0.95080,0.04920
141.72000,1.01193,0.97230,0.02770
141.84000,1.01195,0.95927,0.04073
141.96001,1.01193,0.96120,0.03880
142.08000,1.01193,0.86543,0.13457
142.20000,1.01195,0.92382,0.07618
142.32001,1.01193,0.97112,0.02888
142.44000,1.01193,0.95963,0.04037
142.56000,1.01193,0.97680,0.02320
142.67999,1.01195,0.93379,0.06621
142.80000,1.01193,0.97638,0.02362
142.92000,1.01193,0.93827,0.06173
143.03999,1.01195,0.95552,0.04448
143.16000,1.01193,0.96075,0.03925
143.28000,1.01193,0.94804,0.05196
143.39999,1.01195,0.95758,0.04242
143.52000,1.01193,0.97018,0.02982
143.64000,1.01193,0.95253,0.04747
143.75999,1.01195,0.97045,0.02955
143.88000,1.01193,0.96119,0.03881
144.00000,1.01193,0.97235,0.02765
144.12000,1.01195,0.98127,0.01873
144.24001,1.01193,0.97432,0.02568
144.36000,1.01193,0.97810,0.02190
144.48000,1.01195,0.95273,0.04727
144.60001,1.01193,0.97262,0.02738
144.72000,1.01193,0.96053,0.03947
144.84000,1.01195,0.96602,0.03398
144.96001,1.01193,0.95589,0.04411
145.08000,1.01193,0.97461,0.02539
145.20000,1.01195,0.94760,0.05240
145.32001,1.01193,0.95890,0.04110
145.44000,1.01193,0.96031,0.03969
145.56000,1.01193,0.96872,0.03128
145.67999,1.01195,0.97605,0.02395
145.80000,1.01193,0.96185,0.03815
145.92000,1.01193,0.97767,0.02233
146.03999,1.01195,0.97201,0.02799
146.16000,1.01193,0.96507,0.03493
146.28000,1.01193,0.97696,0.02304
146.39999,1.01195,0.95714,0.04286
146.52000,1.01193,0.92867,0.07133
146.64000,1.01193,0.95772,0.04228
146.75999,1.01195,0.94343,0.05657
146.88000,1.01193,0.96894,0.03106
147.00000,1.01193,0.95292,0.04708
147.12000,1.01195,0.96496,0.03504
147.24001,1.01193,0.95313,0.04687
147.36000,1.01193,0.94240,0.05760
147.48000,1.01195,0.96703,0.03297
147.60001,1.01193,0.95825,0.04175
147.72000,1.01193,0.96763,0.03237
147.84000,1.01195,0.93544,0.06456
147.96001,1.01193,0.96611,0.03389
148.08000,1.01193,0.92266,0.07734
148.20000,1.01195,0.96707,0.03293
148.32001,1.01193,0.92718,0.07282
148.44000,1.01193,0.94754,0.05246
148.56000,1.01193,0.96363,0.03637
148.67999,1.01195,0.97077,0.02923
148.80000,1.01193,0.97268,0.02732
148.92000,1.01193,0.94699,0.05301
149.03999,1.01195,0.97477,0.02523
149.16000,1.01193,0.93483,0.06517
149.28000,1.01193,0.96478,0.03522
149.39999,1.01195,0.95799,0.04201
149.52000,1.01193,0.95789,0.04211
149.64000,1.01193,0.95033,0.04967
149.75999,1.01195,0.94334,0.05666
149.88000,1.01193,0.95697,0.04303
150.00000,1.01193,0.95318,0.04682
150.12000,1.01195,0.94305,0.05695
150.24001,1.01193,0.96688,0.03312
150.36000,1.01193,0.96795,0.03205
150.48000,1.01195,0.96789,0.03211
150.60001,1.01193,0.96685,0.03315
150.72000,1.01193,0.97047,0.02953
150.84000,1.01195,0.96662,0.03338
150.96001,1.01193,0.96785,0.03215
151.08000,1.01193,0.97250,0.02750
151.20000,1.01195,0.96983,0.03017
151.32001,1.01193,0.97939,0.02061
151.44000,1.01193,0.95006,0.04994
151.56000,1.01193,0.97152,0.02848
151.67999,1.01195,0.98065,0.01935
151.80000,1.01193,0.95055,0.04945
151.92000,1.01193,0.95331,0.04669
152.03999,1.01195,0.95403,0.04597
152.16000,1.01193,0.97876,0.02124
152.28000,1.01193,0.88600,0.11400
152.39999,1.01195,0.95994,0.04006
152.52000,1.01193,0.95530,0.04470
152.64000,1.01193,0.93235,0.06765
152.75999,1.01195,0.92221,0.07779
152.88000,1.01193,0.91193,0.08807
153.00000,1.01193,0.92474,0.07526
153.12000,1.01195,0.92976,0.07024
153.24001,1.01193,0.92447,0.07553
153.36000,1.01193,0.88976,0.11024
153.48000,1.01195,0.96456,0.03544
153.60001,1.01193,0.93209,0.06791
153.72000,1.01193,0.92144,0.07856
153.84000,1.01195,0.95140,0.04860
153.96001,1.01193,0.94944,0.05056
154.08000,1.01193,0.90444,0.09556
154.20000,1.01195,0.93245,0.06755
154.32001,1.01193,0.90839,0.09161
154.44000,1.01193,0.94328,0.05672
154.56000,1.01193,0.94104,0.05896
154.67999,1.01195,0.96316,0.03684
154.80000,1.01193,0.94801,0.05199
154.92000,1.01193,0.95772,0.04228
155.03999,1.01195,0.93533,0.06467
155.16000,1.01193,0.93535,0.06465
155.28000,1.01193,0.72137,0.27863
155.39999,1.01195,0.93388,0.06612
155.52000,1.01193,0.72331,0.27669
155.64000,1.01193,0.89396,0.10604
155.75999,1.01195,0.72313,0.27687
155.88000,1.01193,0.88584,0.11416
156.00000,1.01193,0.93160,0.06840
156.12000,1.01195,0.93942,0.06058
156.24001,1.01193,0.92762,0.07238
156.36000,1.01193,0.93599,0.06401
156.48000,1.01195,0.95003,0.04997
156.60001,1.01193,0.91738,0.08262
156.72000,1.01193,0.96386,0.03614
156.84000,1.01195,0.93540,0.06460
156.96001,1.01193,0.96458,0.03542
157.08000,1.01193,0.94364,0.05636
157.20000,1.01195,0.90817,0.09183
157.32001,1.01193,0.88564,0.11436
157.44000,1.01193,0.91908,0.08092
157.56000,1.01193,0.93216,0.06784
157.67999,1.01195,0.83803,0.16197
157.80000,1.01193,0.93062,0.06938
157.92000,1.01193,0.88107,0.11893
158.03999,1.01195,0.95658,0.04342
158.16000,1.01193,0.87103,0.12897
158.28000,1.01193,0.91284,0.08716
158.39999,1.01195,0.88433,0.11567
158.52000,1.01193,0.91028,0.08972
158.64000,1.01193,0.92648,0.07352
158.75999,1.01195,0.94950,0.05050
158.88000,1.01193,0.90971,0.09029
159.00000,1.01193,0.95823,0.04177
159.12000,1.01195,0.95364,0.04636
159.24001,1.01193,0.96483,0.03517
159.36000,1.01193,0.89695,0.10305
159.48000,1.01195,0.95434,0.04566
159.60001,1.01193,0.93419,0.06581
159.72000,1.01193,0.95585,0.04415
159.84000,1.01195,0.94796,0.05204
159.96001,1.01193,0.97521,0.02479
160.08000,1.01193,0.98861,0.01139
160.20000,1.01195,0.96567,0.03433
160.32001,1.01193,0.98531,0.01469
160.44000,1.01193,0.95046,0.04954
160.56000,1.01193,0.92952,0.07048
160.67999,1.01195,0.52252,0.47748
160.80000,1.01193,0.79624,0.20376
160.92000,1.01193,0.49626,0.50374
161.03999,1.01195,0.68358,0.31642
161.16000,1.01193,0.77392,0.22608
161.28000,1.01193,0.71139,0.28861
161.39999,1.01195,0.56754,0.43246
161.52000,1.01193,0.75056,0.24944
161.64000,1.01193,0.80253,0.19747
161.75999,1.01195,0.90081,0.09919
161.88000,1.01193,0.92821,0.07179
162.00000,1.01193,0.90010,0.09990
162.12000,1.01195,0.92311,0.07689
162.24001,1.01193,0.86456,0.13544
162.36000,1.01193,0.93990,0.06010
162.48000,1.01195,0.95704,0.04296
162.60001,1.01193,0.89139,0.10861
162.72000,1.01193,0.93797,0.06203
162.84000,1.01195,0.88638,0.11362
162.96001,1.01193,0.91889,0.08111
163.08000,1.01193,0.72829,0.27171
163.20000,1.01195,0.81165,0.18835
163.32001,1.01193,0.73641,0.26359
163.44000,1.01193,0.74045,0.25955
163.56000,1.01193,0.77943,0.22057
163.67999,1.01195,0.89887,0.10113
163.80000,1.01193,0.88974,0.11026
163.92000,1.01193,0.93322,0.06678
164.03999,1.01195,0.93711,0.06289
164.16000,1.01193,0.88706,0.11294
164.28000,1.01193,0.95887,0.04113
164.39999,1.01195,0.96201,0.03799
164.52000,1.01193,0.96754,0.03246
164.64000,1.01193,0.95721,0.04279
164.75999,1.01195,0.96478,0.03522
164.88000,1.01193,0.96540,0.03460
165.00000,1.01193,0.92381,0.07619
165.12000,1.01195,0.93379,0.06621
165.24001,1.01193,0.94254,0.05746
165.36000,1.01193,0.96947,0.03053
165.48000,1.01195,0.95431,0.04569
165.60001,1.01193,0.95557,0.04443
165.72000,1.01193,0.90764,0.09236
165.84000,1.01195,0.98346,0.01654
165.96001,1.01193,0.95800,0.04200
166.08000,1.01193,0.98635,0.01365
166.20000,1.01195,0.97957,0.02043
166.32001,1.01193,0.98504,0.01496
166.44000,1.01193,0.95635,0.04365
166.56000,1.01193,0.93963,0.06037
166.67999,1.01195,0.93776,0.06224
166.80000,1.01193,0.92244,0.07756
166.92000,1.01193,0.91464,0.08536
167.03999,1.01195,0.92372,0.07628
167.16000,1.01193,0.93190,0.06810
167.28000,1.01193,0.92880,0.07120
167.39999,1.01195,0.94762,0.05238
167.52000,1.01193,0.95956,0.04044
167.64000,1.01193,0.92404,0.07596
167.75999,1.01195,0.95722,0.04278
167.88000,1.01193,0.94006,0.05994
168.00000,1.01193,0.95174,0.04826
168.12000,1.01195,0.95918,0.04082
168.24001,1.01193,0.96524,0.03476
168.36000,1.01193,0.93329,0.06671
168.48000,1.01195,0.94701,0.05299
168.60001,1.01193,0.96059,0.03941
168.72000,1.01193,0.94087,0.05913
168.84000,1.01195,0.96465,0.03535
168.96001,1.01193,0.94279,0.05721
169.08000,1.01193,0.95149,0.04851
169.20000,1.01195,0.90989,0.09011
169.32001,1.01193,0.96237,0.03763
169.44000,1.01193,0.92630,0.07370
169.56000,1.01193,0.95233,0.04767
169.67999,1.01195,0.94950,0.05050
169.80000,1.01193,0.94958,0.05042
169.92000,1.01193,0.94416,0.05584
170.03999,1.01195,0.94134,0.05866
170.16000,1.01193,0.95839,0.04161
170.28000,1.01193,0.95400,0.04600
170.39999,1.01195,0.92038,0.07962
170.52000,1.01193,0.94131,0.05869
170.64000,1.01193,0.91906,0.08094
170.75999,1.01195,0.93389,0.06611
170.88000,1.01193,0.94689,0.05311
171.00000,1.01193,0.96060,0.03940
171.12000,1.01195,0.95550,0.04450
171.24001,1.01193,0.96976,0.03024
171.36000,1.01193,0.96259,0.03741
171.48000,1.01195,0.97679,0.02321
171.60001,1.01193,0.95256,0.04744
171.72000,1.01193,0.97152,0.02848
171.84000,1.01195,0.95636,0.04364
171.96001,1.01193,0.97442,0.02558
172.08000,1.01193,0.96210,0.03790
172.20000,1.01195,0.95657,0.04343
172.32001,1.01193,0.91821,0.08179
172.44000,1.01193,0.87365,0.12635
172.56000,1.01193,0.88323,0.11677
172.67999,1.01195,0.86564,0.13436
172.80000,1.01193,0.81242,0.18758
172.92000,1.01193,0.91980,0.08020
173.03999,1.01195,0.86067,0.13933
173.16000,1.01193,0.92167,0.07833
173.28000,1.01193,0.91213,0.08787
173.39999,1.01195,0.93848,0.06152
173.52000,1.01193,0.93423,0.06577
173.64000,1.01193,0.91496,0.08504
173.75999,1.01195,0.92484,0.07516
173.88000,1.01193,0.95367,0.04633
174.00000,1.01193,0.92911,0.07089
174.12000,1.01195,0.93544,0.06456
174.24001,1.01193,0.92463,0.07537
174.36000,1.01193,0.95099,0.04901
174.48000,1.01195,0.94163,0.05837
174.60001,1.01193,0.94570,0.05430
174.72000,1.01193,0.93437,0.06563
174.84000,1.01195,0.94502,0.05498
174.96001,1.01193,0.89742,0.10258
175.08000,1.01193,0.94787,0.05213
175.20000,1.01195,0.93268,0.06732
175.32001,1.01193,0.93924,0.06076
175.44000,1.01193,0.94722,0.05278
175.56000,1.01193,0.94106,0.05894
175.67999,1.01195,0.96439,0.03561
175.80000,1.01193,0.93631,0.06369
175.92000,1.01193,0.95828,0.04172
176.03999,1.01195,0.92927,0.07073
176.16000,1.01193,0.91777,0.08223
176.28000,1.01193,0.93263,0.06737
176.39999,1.01195,0.94986,0.05014
176.52000,1.01193,0.93371,0.06629
176.64000,1.01193,0.94233,0.05767
176.75999,1.01195,0.93498,0.06502
176.88000,1.01193,0.95493,0.04507
177.00000,1.01193,0.96595,0.03405
177.12000,1.01195,0.94704,0.05296
177.24001,1.01193,0.94337,0.05663
177.36000,1.01193,0.88822,0.11178
177.48000,1.01195,0.92959,0.07041
177.60001,1.01193,0.95492,0.04508
177.72000,1.01193,0.94646,0.05354
177.84000,1.01195,0.90904,0.09096
177.96001,1.01193,0.94284,0.05716
178.08000,1.01193,0.95039,0.04961
178.20000,1.01195,0.96826,0.03174
178.32001,1.01193,0.95366,0.04634
178.44000,1.01193,0.96602,0.03398
178.56000,1.01193,0.93939,0.06061
178.67999,1.01195,0.96845,0.03155
178.80000,1.01193,0.96078,0.03922
178.92000,1.01193,0.96085,0.03915
179.03999,1.01195,0.96100,0.03900
179.16000,1.01193,0.92842,0.07158
179.28000,1.01193,0.93191,0.06809
179.39999,1.01195,0.91069,0.08931
179.52000,1.01193,0.96885,0.03115
179.64000,1.01193,0.87172,0.12828
179.75999,1.01195,0.96324,0.03676
179.88000,1.01193,0.95437,0.04563
180.00000,1.01193,0.96942,0.03058
180.12000,1.01195,0.94005,0.05995
180.24001,1.01193,0.97648,0.02352
180.36000,1.01193,0.94379,0.05621
180.48000,1.01195,0.97085,0.02915
180.60001,1.01193,0.95937,0.04063
180.72000,1.01193,0.94939,0.05061
180.84000,1.01195,0.92285,0.07715
180.96001,1.01193,0.96555,0.03445
181.08000,1.01193,0.95785,0.04215
181.20000,1.01195,0.96382,0.03618
181.32001,1.01193,0.94810,0.05190
181.44000,1.01193,0.97384,0.02616
181.56000,1.01193,0.94553,0.05447
181.67999,1.01195,0.96885,0.03115
181.80000,1.01193,0.95622,0.04378
181.92000,1.01193,0.96650,0.03350
182.03999,1.01195,0.96197,0.03803
182.16000,1.01193,0.97667,0.02333
182.28000,1.01193,0.96965,0.03035
182.39999,1.01195,0.94973,0.05027
182.52000,1.01193,0.96638,0.03362
182.64000,1.01193,0.94770,0.05230
182.75999,1.01195,0.94832,0.05168
182.88000,1.01193,0.94463,0.05537
183.00000,1.01193,0.94813,0.05187
183.12000,1.01195,0.93173,0.06827
183.24001,1.01193,0.93555,0.06445
183.36000,1.01193,0.96433,0.03567
183.48000,1.01195,0.89641,0.10359
183.60001,1.01193,0.96689,0.03311
183.72000,1.01193,0.92295,0.07705
183.84000,1.01195,0.95944,0.04056
183.96001,1.01193,0.95537,0.04463
184.08000,1.01193,0.96706,0.03294
184.20000,1.01195,0.96485,0.03515
184.32001,1.01193,0.96501,0.03499
184.44000,1.01193,0.96945,0.03055
184.56000,1.01193,0.96301,0.03699
184.67999,1.01195,0.94983,0.05017
184.80000,1.01193,0.97843,0.02157
184.92000,1.01193,0.89553,0.10447
185.03999,1.01195,0.96419,0.03581
185.16000,1.01193,0.90461,0.09539
185.28000,1.01193,0.96456,0.03544
185.39999,1.01195,0.97094,0.02906
185.52000,1.01193,0.97086,0.02914
185.64000,1.01193,0.98344,0.01656
185.75999,1.01195,0.97634,0.02366
185.88000,1.01193,0.96209,0.03791
186.00000,1.01193,0.96500,0.03500
186.12000,1.01195,0.96578,0.03422
186.24001,1.01193,0.93039,0.06961
186.36000,1.01193,0.95525,0.04475
186.48000,1.01195,0.95020,0.04980
186.60001,1.01193,0.95481,0.04519
186.72000,1.01193,0.93495,0.06505
186.84000,1.01195,0.96818,0.03182
186.96001,1.01193,0.94420,0.05580
187.08000,1.01193,0.96562,0.03438
187.20000,1.01195,0.96184,0.03816
187.32001,1.01193,0.91784,0.08216
187.44000,1.01193,0.95221,0.04779
187.56000,1.01193,0.93928,0.06072
187.67999,1.01195,0.91456,0.08544
187.80000,1.01193,0.92616,0.07384
187.92000,1.01193,0.94097,0.05903
188.03999,1.01195,0.96393,0.03607
188.16000,1.01193,0.93955,0.06045
188.28000,1.01193,0.96563,0.03437
188.39999,1.01195,0.93233,0.06767
188.52000,1.01193,0.94707,0.05293
188.64000,1.01193,0.94127,0.05873
188.75999,1.01195,0.95922,0.04078
188.88000,1.01193,0.96484,0.03516
189.00000,1.01193,0.95334,0.04666
189.12000,1.01195,0.97375,0.02625
189.24001,1.01193,0.97070,0.02930
189.36000,1.01193,0.97613,0.02387
189.48000,1.01195,0.97697,0.02303
189.60001,1.01193,0.96593,0.03407
189.72000,1.01193,0.97418,0.02582
189.84000,1.01195,0.93796,0.06204
189.96001,1.01193,0.96487,0.03513
190.08000,1.01193,0.94394,0.05606
190.20000,1.01195,0.95514,0.04486
190.32001,1.01193,0.96159,0.03841
190.44000,1.01193,0.95770,0.04230
190.56000,1.01193,0.96226,0.03774
190.67999,1.01195,0.97052,0.02948
190.80000,1.01193,0.97159,0.02841
190.92000,1.01193,0.96877,0.03123
191.03999,1.01195,0.97449,0.02551
191.16000,1.01193,0.97008,0.02992
191.28000,1.01193,0.96143,0.03857
191.39999,1.01195,0.96841,0.03159
191.52000,1.01193,0.97535,0.02465
191.64000,1.01193,0.95685,0.04315
191.75999,1.01195,0.97809,0.02191
191.88000,1.01193,0.95411,0.04589
192.00000,1.01193,0.95587,0.04413
192.12000,1.01195,0.96942,0.03058
192.24001,1.01193,0.97141,0.02859
192.36000,1.01193,0.95568,0.04432
192.48000,1.01195,0.96594,0.03406
192.60001,1.01193,0.97741,0.02259
192.72000,1.01193,0.97983,0.02017
192.84000,1.01195,0.98460,0.01540
192.96001,1.01193,0.98286,0.01714
193.08000,1.01193,0.97636,0.02364
193.20000,1.01195,0.97396,0.02604
193.32001,1.01193,0.98036,0.01964
193.44000,1.01193,0.96317,0.03683
193.56000,1.01193,0.96351,0.03649
193.67999,1.01195,0.95996,0.04004
193.80000,1.01193,0.97266,0.02734
193.92000,1.01193,0.95292,0.04708
194.03999,1.01195,0.97753,0.02247
194.16000,1.01193,0.96384,0.03616
194.28000,1.01193,0.97306,0.02694
194.39999,1.01195,0.96833,0.03167
194.52000,1.01193,0.95883,0.04117
194.64000,1.01193,0.96218,0.03782
194.75999,1.01195,0.96998,0.03002
194.88000,1.01193,0.96803,0.03197
195.00000,1.01193,0.96177,0.03823
195.12000,1.01195,0.95849,0.04151
195.24001,1.01193,0.96245,0.03755
195.36000,1.01193,0.98020,0.01980
195.48000,1.01195,0.97121,0.02879
195.60001,1.01193,0.97990,0.02010
195.72000,1.01193,0.97743,0.02257
195.84000,1.01195,0.95833,0.04167
195.96001,1.01193,0.97570,0.02430
196.08000,1.01193,0.98029,0.01971
196.20000,1.01195,0.96745,0.03255
196.32001,1.01193,0.97828,0.02172
196.44000,1.01193,0.97889,0.02111
196.56000,1.01193,0.96969,0.03031
196.67999,1.01195,0.97904,0.02096
196.80000,1.01193,0.97313,0.02687
196.92000,1.01193,0.96548,0.03452
197.03999,1.01195,0.96808,0.03192
197.16000,1.01193,0.95595,0.04405
197.28000,1.01193,0.96499,0.03501
197.39999,1.01195,0.96340,0.03660
197.52000,1.01193,0.95705,0.04295
197.64000,1.01193,0.95681,0.04319
197.75999,1.01195,0.96012,0.03988
197.88000,1.01193,0.94464,0.05536
198.00000,1.01193,0.95989,0.04011
198.12000,1.01195,0.96121,0.03879
198.24001,1.01193,0.95346,0.04654
198.36000,1.01193,0.94859,0.05141
198.48000,1.01195,0.94959,0.05041
198.60001,1.01193,0.95985,0.04015
198.72000,1.01193,0.96262,0.03738
198.84000,1.01195,0.96224,0.03776
198.96001,1.01193,0.95647,0.04353
199.08000,1.01193,0.93980,0.06020
199.20000,1.01195,0.95516,0.04484
199.32001,1.01193,0.96182,0.03818
199.44000,1.01193,0.95626,0.04374
199.56000,1.01193,0.95729,0.04271
199.67999,1.01195,0.96218,0.03782
199.80000,1.01193,0.96780,0.03220
199.92000,1.01193,0.95608,0.04392
200.03999,1.01195,0.95793,0.04207
200.16000,1.01193,0.92398,0.07602
200.28000,1.01193,0.95704,0.04296
200.39999,1.01195,0.90123,0.09877
200.52000,1.01193,0.91972,0.08028
200.64000,1.01193,0.87522,0.12478
200.75999,1.01195,0.94289,0.05711
200.88000,1.01193,0.91333,0.08667
201.00000,1.01193,0.94194,0.05806
201.12000,1.01195,0.96296,0.03704
201.24001,1.01193,0.96818,0.03182
201.36000,1.01193,0.94267,0.05733
201.48000,1.01195,0.96486,0.03514
201.60001,1.01193,0.91925,0.08075
201.72000,1.01193,0.94792,0.05208
201.84000,1.01195,0.93769,0.06231
201.96001,1.01193,0.91626,0.08374
202.08000,1.01193,0.90013,0.09987
202.20000,1.01195,0.90849,0.09151
202.32001,1.01193,0.91885,0.08115
202.44000,1.01193,0.92441,0.07559
202.56000,1.01193,0.93839,0.06161
202.67999,1.01195,0.94933,0.05067
202.80000,1.01193,0.91521,0.08479
202.92000,1.01193,0.95728,0.04272
203.03999,1.01195,0.95211,0.04789
203.16000,1.01193,0.92195,0.07805
203.28000,1.01193,0.96355,0.03645
203.39999,1.01195,0.93022,0.06978
203.52000,1.01193,0.92851,0.07149
203.64000,1.01193,0.91501,0.08499
203.75999,1.01195,0.87267,0.12733
203.88000,1.01193,0.93444,0.06556
204.00000,1.01193,0.93099,0.06901
204.12000,1.01195,0.95248,0.04752
204.24001,1.01193,0.93488,0.06512
204.36000,1.01193,0.93783,0.06217
204.48000,1.01195,0.93869,0.06131
204.60001,1.01193,0.89532,0.10468
204.72000,1.01193,0.94724,0.05276
204.84000,1.01195,0.91158,0.08842
204.96001,1.01193,0.93621,0.06379
205.08000,1.01193,0.85845,0.14155
205.20000,1.01195,0.90504,0.09496
205.32001,1.01193,0.91533,0.08467
205.44000,1.01193,0.94107,0.05893
205.56000,1.01193,0.91827,0.08173
205.67999,1.01195,0.94633,0.05367
205.80000,1.01193,0.95734,0.04266
205.92000,1.01193,0.96823,0.03177
206.03999,1.01195,0.92088,0.07912
206.16000,1.01193,0.96327,0.03673
206.28000,1.01193,0.94964,0.05036
206.39999,1.01195,0.96157,0.03843
206.52000,1.01193,0.97092,0.02908
206.64000,1.01193,0.96373,0.03627
206.75999,1.01195,0.94478,0.05522
206.88000,1.01193,0.96909,0.03091
207.00000,1.01193,0.96638,0.03362
207.12000,1.01195,0.95896,0.04104
207.24001,1.01193,0.94622,0.05378
207.36000,1.01193,0.93754,0.06246
207.48000,1.01195,0.94254,0.05746
207.60001,1.01193,0.96287,0.03713
207.72000,1.01193,0.94720,0.05280
207.84000,1.01195,0.94726,0.05274
207.96001,1.01193,0.95600,0.04400
208.08000,1.01193,0.97022,0.02978
208.20000,1.01195,0.91988,0.08012
208.32001,1.01193,0.98920,0.01080
208.44000,1.01193,0.99230,0.00770
208.56000,1.01193,0.99872,0.00128
208.67999,1.01195,0.98495,0.01505
208.80000,1.01193,0.99651,0.00349
208.92000,1.01193,0.98845,0.01155
209.03999,1.01195,0.96595,0.03405
209.16000,1.01193,0.85128,0.14872
209.28000,1.01193,0.87988,0.12012
209.39999,1.01195,0.88253,0.11747
209.52000,1.01193,0.92962,0.07038
209.64000,1.01193,0.96095,0.03905
209.75999,1.01195,0.93362,0.06638
209.88000,1.01193,0.91862,0.08138
210.00000,1.01193,0.92746,0.07254
210.12000,1.01195,0.94077,0.05923
210.24001,1.01193,0.93274,0.06726
210.36000,1.01193,0.95312,0.04688
210.48000,1.01195,0.94062,0.05938
210.60001,1.01193,0.93706,0.06294
210.72000,1.01193,0.95281,0.04719
210.84000,1.01195,0.94974,0.05026
210.96001,1.01193,0.94975,0.05025
211.08000,1.01193,0.94594,0.05406
211.20000,1.01195,0.93432,0.06568
211.32001,1.01193,0.91861,0.08139
211.44000,1.01193,0.94380,0.05620
211.56000,1.01193,0.89584,0.10416
211.67999,1.01195,0.93985,0.06015
211.80000,1.01193,0.87658,0.12342
211.92000,1.01193,0.93360,0.06640
212.03999,1.01195,0.87303,0.12697
212.16000,1.01193,0.91681,0.08319
212.28000,1.01193,0.91947,0.08053
212.39999,1.01195,0.89388,0.10612
212.52000,1.01193,0.95169,0.04831
212.64000,1.01193,0.88364,0.11636
212.75999,1.01195,0.89485,0.10515
212.88000,1.01193,0.89509,0.10491
213.00000,1.01193,0.94693,0.05307
213.12000,1.01195,0.91545,0.08455
213.24001,1.01193,0.93532,0.06468
213.36000,1.01193,0.86935,0.13065
213.48000,1.01195,0.93577,0.06423
213.60001,1.01193,0.85384,0.14616
213.72000,1.01193,0.92594,0.07406
213.84000,1.01195,0.83974,0.16026
213.96001,1.01193,0.89085,0.10915
214.08000,1.01193,0.88575,0.11425
214.20000,1.01195,0.94578,0.05422
214.32001,1.01193,0.94039,0.05961
214.44000,1.01193,0.91845,0.08155
214.56000,1.01193,0.92657,0.07343
214.67999,1.01195,0.89656,0.10344
214.80000,1.01193,0.91183,0.08817
214.92000,1.01193,0.90799,0.09201
215.03999,1.01195,0.79417,0.20583
215.16000,1.01193,0.86619,0.13381
215.28000,1.01193,0.76910,0.23090
215.39999,1.01195,0.69585,0.30415
215.52000,1.01193,0.67400,0.32600
215.64000,1.01193,0.74266,0.25734
215.75999,1.01195,0.52388,0.47612
215.88000,1.01193,0.85921,0.14079
216.00000,1.01193,0.74248,0.25752
216.12000,1.01195,0.86155,0.13845
216.24001,1.01193,0.86772,0.13228
216.36000,1.01193,0.93510,0.06490
216.48000,1.01195,0.89363,0.10637
216.60001,1.01193,0.94035,0.05965
216.72000,1.01193,0.91480,0.08520
216.84000,1.01195,0.91952,0.08048
216.96001,1.01193,0.90164,0.09836
217.08000,1.01193,0.88006,0.11994
217.20000,1.01195,0.91062,0.08938
217.32001,1.01193,0.92842,0.07158
217.44000,1.01193,0.84868,0.15132
217.56000,1.01193,0.91842,0.08158
217.67999,1.01195,0.91966,0.08033
217.80000,1.01193,0.89362,0.10638
217.92000,1.01193,0.92098,0.07902
218.03999,1.01195,0.83689,0.16311
218.16000,1.01193,0.92838,0.07162
218.28000,1.01193,0.88629,0.11371
218.39999,1.01195,0.91973,0.08027
218.52000,1.01193,0.89712,0.10288
218.64000,1.01193,0.93825,0.06175
218.75999,1.01195,0.93280,0.06720
218.88000,1.01193,0.94390,0.05610
219.00000,1.01193,0.92191,0.07809
219.12000,1.01195,0.91222,0.08778
219.24001,1.01193,0.93269,0.06731
219.36000,1.01193,0.90250,0.09750
219.48000,1.01195,0.91311,0.08689
219.60001,1.01193,0.91443,0.08557
219.72000,1.01193,0.92975,0.07025
219.84000,1.01195,0.93739,0.06261
219.96001,1.01193,0.97019,0.02981
220.08000,1.01193,0.95602,0.04398
220.20000,1.01195,0.95452,0.04548
220.32001,1.01193,0.96683,0.03317
220.44000,1.01193,0.93216,0.06784
220.56000,1.01193,0.94212,0.05788
220.67999,1.01195,0.94182,0.05818
220.80000,1.01193,0.93159,0.06841
220.92000,1.01193,0.94280,0.05720
221.03999,1.01195,0.93857,0.06143
221.16000,1.01193,0.96578,0.03422
221.28000,1.01193,0.93432,0.06568
221.39999,1.01195,0.96583,0.03417
221.52000,1.01193,0.93838,0.06162
221.64000,1.01193,0.96897,0.03103
221.75999,1.01195,0.92835,0.07165
221.88000,1.01193,0.92265,0.07735
222.00000,1.01193,0.92387,0.07613
222.12000,1.01195,0.86697,0.13303
222.24001,1.01193,0.90091,0.09909
222.36000,1.01193,0.78389,0.21611
222.48000,1.01195,0.97519,0.02481
222.60001,1.01193,0.91731,0.08269
222.72000,1.01193,0.97113,0.02887
222.84000,1.01195,0.94316,0.05684
222.96001,1.01193,0.97031,0.02969
223.08000,1.01193,0.91098,0.08902
223.20000,1.01195,0.88073,0.11927
223.32001,1.01193,0.85036,0.14964
223.44000,1.01193,0.93864,0.06136
223.56000,1.01193,0.83163,0.16837
223.67999,1.01195,0.91265,0.08735
223.80000,1.01193,0.94538,0.05462
223.92000,1.01193,0.94975,0.05025
224.03999,1.01195,0.96669,0.03331
224.16000,1.01193,0.94208,0.05792
224.28000,1.01193,0.95868,0.04132
224.39999,1.01195,0.96660,0.03340
224.52000,1.01193,0.94678,0.05322
224.64000,1.01193,0.97400,0.02600
224.75999,1.01195,0.94875,0.05125
224.88000,1.01193,0.93431,0.06569
225.00000,1.01193,0.96498,0.03502
225.12000,1.01195,0.93276,0.06724
225.24001,1.01193,0.94975,0.05025
225.36000,1.01193,0.95791,0.04209
225.48000,1.01195,0.93946,0.06054
225.60001,1.01193,0.91721,0.08279
225.72000,1.01193,0.93448,0.06552
225.84000,1.01195,0.87319,0.12681
225.96001,1.01193,0.89617,0.10383
226.08000,1.01193,0.68032,0.31968
226.20000,1.01195,0.93490,0.06510
226.32001,1.01193,0.90128,0.09872
226.44000,1.01193,0.93896,0.06104
226.56000,1.01193,0.93753,0.06247
226.67999,1.01195,0.91872,0.08128
226.80000,1.01193,0.91903,0.08097
226.92000,1.01193,0.95970,0.04030
227.03999,1.01195,0.94168,0.05832
227.16000,1.01193,0.95841,0.04159
227.28000,1.01193,0.91539,0.08461
227.39999,1.01195,0.94708,0.05292
227.52000,1.01193,0.92875,0.07125
227.64000,1.01193,0.94692,0.05308
227.75999,1.01195,0.91896,0.08104
227.88000,1.01193,0.92213,0.07787
228.00000,1.01193,0.93576,0.06424
228.12000,1.01195,0.95392,0.04608
228.24001,1.01193,0.94640,0.05360
228.36000,1.01193,0.96325,0.03675
228.48000,1.01195,0.96377,0.03623
228.60001,1.01193,0.95744,0.04256
228.72000,1.01193,0.95999,0.04001
228.84000,1.01195,0.95639,0.04361
228.96001,1.01193,0.96014,0.03986
229.08000,1.01193,0.95848,0.04152
229.20000,1.01195,0.95706,0.04294
229.32001,1.01193,0.94024,0.05976
229.44000,1.01193,0.94387,0.05613
229.56000,1.01193,0.94359,0.05641
229.67999,1.01195,0.95098,0.04902
229.80000,1.01193,0.95944,0.04056
229.92000,1.01193,0.96036,0.03964
230.03999,1.01195,0.95978,0.04022
230.16000,1.01193,0.96481,0.03519
230.28000,1.01193,0.96958,0.03042
230.39999,1.01195,0.93114,0.06886
230.52000,1.01193,0.92586,0.07414
230.64000,1.01193,0.87352,0.12648
230.75999,1.01195,0.91302,0.08698
230.88000,1.01193,0.91065,0.08935
231.00000,1.01193,0.92189,0.07811
231.12000,1.01195,0.95053,0.04947
231.24001,1.01193,0.92901,0.07099
231.36000,1.01193,0.97362,0.02638
231.48000,1.01195,0.96477,0.03523
231.60001,1.01193,0.97007,0.02993
231.72000,1.01193,0.95254,0.04746
231.84000,1.01195,0.96796,0.03204
231.96001,1.01193,0.94916,0.05084
232.08000,1.01193,0.96772,0.03228
232.20000,1.01195,0.94946,0.05054
232.32001,1.01193,0.96243,0.03757
232.44000,1.01193,0.94941,0.05059
232.56000,1.01193,0.95710,0.04290
232.67999,1.01195,0.95360,0.04640
232.80000,1.01193,0.97151,0.02849
232.92000,1.01193,0.96258,0.03742
233.03999,1.01195,0.91359,0.08641
233.16000,1.01193,0.93324,0.06676
233.28000,1.01193,0.85038,0.14962
233.39999,1.01195,0.92061,0.07939
233.52000,1.01193,0.88984,0.11016
233.64000,1.01193,0.99715,0.00285
233.75999,1.01195,0.98741,0.01259
233.88000,1.01193,0.98112,0.01888
234.00000,1.01193,0.98770,0.01230
234.12000,1.01195,0.99361,0.00639
234.24001,1.01193,0.97114,0.02886
234.36000,1.01193,0.65230,0.34770
234.48000,1.01195,0.81976,0.18024
234.60001,1.01193,0.57300,0.42700
234.72000,1.01193,0.66623,0.33377
234.84000,1.01195,0.79229,0.20771
234.96001,1.01193,0.84571,0.15429
235.08000,1.01193,0.83094,0.16906
235.20000,1.01195,0.91128,0.08872
235.32001,1.01193,0.88216,0.11784
235.44000,1.01193,0.90910,0.09090
235.56000,1.01193,0.92483,0.07517
235.67999,1.01195,0.88595,0.11405
235.80000,1.01193,0.94727,0.05272
235.92000,1.01193,0.94068,0.05932
236.03999,1.01195,0.92203,0.07797
236.16000,1.01193,0.92304,0.07696
236.28000,1.01193,0.94640,0.05360
236.39999,1.01195,0.94978,0.05022
236.52000,1.01193,0.93511,0.06489
236.64000,1.01193,0.92453,0.07547
236.75999,1.01195,0.85511,0.14489
236.88000,1.01193,0.90842,0.09158
237.00000,1.01193,0.86622,0.13378
237.12000,1.01195,0.93925,0.06075
237.24001,1.01193,0.80875,0.19125
237.36000,1.01193,0.91696,0.08304
237.48000,1.01195,0.92143,0.07857
237.60001,1.01193,0.94433,0.05567
237.72000,1.01193,0.90345,0.09655
237.84000,1.01195,0.93323,0.06677
237.96001,1.01193,0.87679,0.12321
238.08000,1.01193,0.89318,0.10682
238.20000,1.01195,0.87575,0.12425
238.32001,1.01193,0.88928,0.11072
238.44000,1.01193,0.94120,0.05880
238.56000,1.01193,0.73105,0.26895
238.67999,1.01195,0.92783,0.07217
238.80000,1.01193,0.97130,0.02870
238.92000,1.01193,0.99004,0.00996
239.03999,1.01195,0.97587,0.02413
239.16000,1.01193,0.96161,0.03839
239.28000,1.01193,0.96577,0.03423
239.39999,1.01195,0.94680,0.05320
239.52000,1.01193,0.86547,0.13453
239.64000,1.01193,0.90686,0.09314
239.75999,1.01195,0.89555,0.10445
239.88000,1.01193,0.94472,0.05528
240.00000,1.01193,0.94016,0.05984
240.12000,1.01195,0.94688,0.05312
240.24001,1.01193,0.95095,0.04905
240.36000,1.01193,0.95273,0.04727
240.48000,1.01195,0.94022,0.05978
240.60001,1.01193,0.94249,0.05751
240.72000,1.01193,0.95239,0.04761
240.84000,1.01195,0.94054,0.05946
240.96001,1.01193,0.87969,0.12031
241.08000,1.01193,0.93479,0.06521
241.20000,1.01195,0.96512,0.03488
241.32001,1.01193,0.92728,0.07272
241.44000,1.01193,0.96964,0.03036
241.56000,1.01193,0.94837,0.05163
241.67999,1.01195,0.94531,0.05469
241.80000,1.01193,0.94285,0.05715
241.92000,1.01193,0.96179,0.03821
242.03999,1.01195,0.94225,0.05775
242.16000,1.01193,0.95775,0.04225
242.28000,1.01193,0.94965,0.05035
242.39999,1.01195,0.93821,0.06179
242.52000,1.01193,0.96399,0.03601
242.64000,1.01193,0.94577,0.05423
242.75999,1.01195,0.96126,0.03874
242.88000,1.01193,0.96359,0.03641
243.00000,1.01193,0.95750,0.04250
243.12000,1.01195,0.94978,0.05022
243.24001,1.01193,0.96058,0.03942
243.36000,1.01193,0.92369,0.07631
243.48000,1.01195,0.95356,0.04644
243.60001,1.01193,0.93701,0.06299
243.72000,1.01193,0.96017,0.03983
243.84000,1.01195,0.93842,0.06158
243.96001,1.01193,0.96895,0.03105
244.08000,1.01193,0.92500,0.07500
244.20000,1.01195,0.96258,0.03742
244.32001,1.01193,0.89620,0.10380
244.44000,1.01193,0.94605,0.05395
244.56000,1.01193,0.94049,0.05951
244.67999,1.01195,0.93529,0.06471
244.80000,1.01193,0.91900,0.08100
244.92000,1.01193,0.90184,0.09816
245.03999,1.01195,0.92102,0.07898
245.16000,1.01193,0.68972,0.31028
245.28000,1.01193,0.82389,0.17611
245.39999,1.01195,0.83398,0.16602
245.52000,1.01193,0.82877,0.17123
245.64000,1.01193,0.92480,0.07520
245.75999,1.01195,0.81270,0.18730
245.88000,1.01193,0.88196,0.11804
246.00000,1.01193,0.89786,0.10214
246.12000,1.01195,0.94639,0.05361
246.24001,1.01193,0.89344,0.10656
246.36000,1.01193,0.92059,0.07941
246.48000,1.01195,0.91437,0.08563
246.60001,1.01193,0.94186,0.05814
246.72000,1.01193,0.91459,0.08541
246.84000,1.01195,0.96995,0.03005
246.96001,1.01193,0.92513,0.07487
247.08000,1.01193,0.97026,0.02974
247.20000,1.01195,0.92842,0.07158
247.32001,1.01193,0.90984,0.09016
247.44000,1.01193,0.92983,0.07017
247.56000,1.01193,0.91587,0.08413
247.67999,1.01195,0.93534,0.06466
247.80000,1.01193,0.88976,0.11024
247.92000,1.01193,0.94971,0.05029
248.03999,1.01195,0.94370,0.05630
248.16000,1.01193,0.96229,0.03771
248.28000,1.01193,0.91450,0.08550
248.39999,1.01195,0.96006,0.03994
248.52000,1.01193,0.93243,0.06757
248.64000,1.01193,0.96041,0.03959
248.75999,1.01195,0.93362,0.06638
248.88000,1.01193,0.97408,0.02592
249.00000,1.01193,0.97432,0.02568
249.12000,1.01195,0.93493,0.06507
249.24001,1.01193,0.97867,0.02133
249.36000,1.01193,0.95743,0.04257
249.48000,1.01195,0.98425,0.01575
249.60001,1.01193,0.95545,0.04455
249.72000,1.01193,0.96789,0.03211
249.84000,1.01195,0.95370,0.04630
249.96001,1.01193,0.95779,0.04221
250.08000,1.01193,0.95975,0.04025
250.20000,1.01195,0.94064,0.05936
250.32001,1.01193,0.94638,0.05362
250.44000,1.01193,0.94956,0.05044
250.56000,1.01193,0.94392,0.05608
250.67999,1.01195,0.93298,0.06702
250.80000,1.01193,0.94946,0.05054
250.92000,1.01193,0.89432,0.10568
251.03999,1.01195,0.94556,0.05444
251.16000,1.01193,0.91646,0.08354
251.28000,1.01193,0.96360,0.03640
251.39999,1.01195,0.90339,0.09661
251.52000,1.01193,0.92494,0.07506
251.64000,1.01193,0.93137,0.06863
251.75999,1.01195,0.91685,0.08315
251.88000,1.01193,0.90096,0.09904
252.00000,1.01193,0.93066,0.06934
252.12000,1.01195,0.89398,0.10602
252.24001,1.01193,0.95695,0.04305
252.36000,1.01193,0.94573,0.05427
252.48000,1.01195,0.95950,0.04050
252.60001,1.01193,0.97217,0.02783
252.72000,1.01193,0.94378,0.05622
252.84000,1.01195,0.95066,0.04934
252.96001,1.01193,0.92283,0.07717
253.08000,1.01193,0.88615,0.11385
253.20000,1.01195,0.92469,0.07531
253.32001,1.01193,0.85393,0.14607
253.44000,1.01193,0.84734,0.15266
253.56000,1.01193,0.90433,0.09567
253.67999,1.01195,0.83993,0.16007
253.80000,1.01193,0.94670,0.05330
253.92000,1.01193,0.84020,0.15980
254.03999,1.01195,0.96124,0.03876
254.16000,1.01193,0.85882,0.14118
254.28000,1.01193,0.95751,0.04249
254.39999,1.01195,0.93380,0.06620
254.52000,1.01193,0.96044,0.03956
254.64000,1.01193,0.96444,0.03556
254.75999,1.01195,0.96138,0.03862
254.88000,1.01193,0.96193,0.03807
255.00000,1.01193,0.96561,0.03439
255.12000,1.01193,0.95943,0.04057
255.24001,1.01192,0.97141,0.02859
255.36000,1.01195,0.97442,0.02558
255.48000,1.01195,0.96984,0.03016
255.60001,1.01193,0.96676,0.03324
255.72000,1.01193,0.97657,0.02343
255.84000,1.01193,0.97553,0.02447
255.96001,1.01192,0.96778,0.03222
256.07999,1.01196,0.96342,0.03658
256.20001,1.01193,0.96216,0.03784
256.32001,1.01193,0.96024,0.03976
256.44000,1.01193,0.96308,0.03692
256.56000,1.01193,0.97047,0.02953
256.67999,1.01193,0.97160,0.02840
256.79999,1.01196,0.97088,0.02912
256.92001,1.01193,0.97228,0.02772
257.04001,1.01193,0.96108,0.03892
257.16000,1.01193,0.96585,0.03415
257.28000,1.01193,0.97172,0.02828
257.39999,1.01193,0.95151,0.04849
257.51999,1.01196,0.94999,0.05001
257.64001,1.01193,0.94959,0.05041
257.76001,1.01193,0.92045,0.07955
257.88000,1.01193,0.94542,0.05458
258.00000,1.01193,0.93439,0.06561
258.12000,1.01193,0.92195,0.07805
258.23999,1.01193,0.90708,0.09292
258.35999,1.01196,0.79404,0.20596
258.48001,1.01193,0.78911,0.21089
258.60001,1.01193,0.82747,0.17253
258.72000,1.01193,0.88013,0.11988
258.84000,1.01193,0.90191,0.09809
258.95999,1.01193,0.82857,0.17143
259.07999,1.01196,0.88918,0.11082
259.20001,1.01193,0.88244,0.11756
259.32001,1.01193,0.89435,0.10565
259.44000,1.01193,0.87324,0.12676
259.56000,1.01193,0.94395,0.05605
259.67999,1.01193,0.93340,0.06660
259.79999,1.01196,0.95120,0.04880
259.92001,1.01193,0.92602,0.07398
260.04001,1.01193,0.96334,0.03666
260.16000,1.01193,0.95876,0.04124
260.28000,1.01193,0.95677,0.04323
260.39999,1.01193,0.95486,0.04514
260.51999,1.01196,0.95362,0.04638
260.64001,1.01193,0.96430,0.03570
260.76001,1.01193,0.94325,0.05675
260.88000,1.01193,0.96365,0.03635
261.00000,1.01193,0.97066,0.02934
261.12000,1.01193,0.96479,0.03521
261.23999,1.01193,0.94612,0.05388
261.35999,1.01196,0.96410,0.03590
261.48001,1.01193,0.96289,0.03711
261.60001,1.01193,0.95449,0.04551
261.72000,1.01193,0.93320,0.06680
261.84000,1.01193,0.96493,0.03507
261.95999,1.01193,0.91050,0.08950
262.07999,1.01196,0.88971,0.11029
262.20001,1.01193,0.90442,0.09558
262.32001,1.01193,0.87843,0.12157
262.44000,1.01193,0.92623,0.07377
262.56000,1.01193,0.90858,0.09142
262.67999,1.01193,0.94771,0.05229
262.79999,1.01196,0.90108,0.09892
262.92001,1.01193,0.94007,0.05993
263.04001,1.01193,0.95260,0.04740
263.16000,1.01193,0.97137,0.02863
263.28000,1.01193,0.96110,0.03890
263.39999,1.01193,0.95047,0.04953
263.51999,1.01196,0.90831,0.09169
263.64001,1.01193,0.93368,0.06632
263.76001,1.01193,0.95283,0.04717
263.88000,1.01193,0.95043,0.04957
264.00000,1.01193,0.94865,0.05135
264.12000,1.01193,0.91566,0.08434
264.23999,1.01193,0.93645,0.06355
264.35999,1.01196,0.94274,0.05726
264.48001,1.01193,0.89395,0.10605
264.60001,1.01193,0.90776,0.09224
264.72000,1.01193,0.92766,0.07234
264.84000,1.01193,0.86748,0.13252
264.95999,1.01193,0.94813,0.05187
265.07999,1.01196,0.95641,0.04359
265.20001,1.01193,0.96058,0.03942
265.32001,1.01193,0.94327,0.05673
265.44000,1.01193,0.96129,0.03871
265.56000,1.01193,0.95345,0.04655
265.67999,1.01193,0.96668,0.03332
265.79999,1.01196,0.93692,0.06308
265.92001,1.01193,0.94409,0.05591
266.04001,1.01193,0.95125,0.04875
266.16000,1.01193,0.93086,0.06913
266.28000,1.01193,0.96353,0.03647
266.39999,1.01193,0.94673,0.05327
266.51999,1.01196,0.92354,0.07646
266.64001,1.01193,0.92023,0.07977
266.76001,1.01193,0.92004,0.07996
266.88000,1.01193,0.89956,0.10044
267.00000,1.01193,0.92921,0.07079
267.12000,1.01193,0.92753,0.07247
267.23999,1.01193,0.92954,0.07046
267.35999,1.01196,0.91927,0.08073
267.48001,1.01193,0.94741,0.05259
267.60001,1.01193,0.94230,0.05770
267.72000,1.01193,0.95738,0.04262
267.84000,1.01193,0.92338,0.07662
267.95999,1.01193,0.95216,0.04784
268.07999,1.01196,0.90903,0.09097
268.20001,1.01193,0.94785,0.05215
268.32001,1.01193,0.91276,0.08724
268.44000,1.01193,0.94351,0.05649
268.56000,1.01193,0.93072,0.06928
268.67999,1.01193,0.95416,0.04584
268.79999,1.01196,0.93550,0.06450
268.92001,1.01193,0.95164,0.04836
269.04001,1.01193,0.94005,0.05995
269.16000,1.01193,0.94102,0.05898
269.28000,1.01193,0.92997,0.07003
269.39999,1.01193,0.96168,0.03832
269.51999,1.01196,0.94192,0.05808
269.64001,1.01193,0.97070,0.02930
269.76001,1.01193,0.96591,0.03409
269.88000,1.01193,0.97112,0.02888
270.00000,1.01193,0.96658,0.03342
270.12000,1.01193,0.96523,0.03477
270.23999,1.01193,0.95915,0.04085
270.35999,1.01196,0.96406,0.03594
270.48001,1.01193,0.95523,0.04477
270.60001,1.01193,0.95304,0.04696
270.72000,1.01193,0.96938,0.03062
270.84000,1.01193,0.94136,0.05864
270.95999,1.01193,0.95633,0.04367
271.07999,1.01196,0.94108,0.05892
271.20001,1.01193,0.96203,0.03797
271.32001,1.01193,0.94541,0.05459
271.44000,1.01193,0.95534,0.04466
271.56000,1.01193,0.94948,0.05052
271.67999,1.01193,0.95364,0.04636
271.79999,1.01196,0.93042,0.06958
271.92001,1.01193,0.93525,0.06475
272.04001,1.01193,0.89829,0.10171
272.16000,1.01193,0.94714,0.05286
272.28000,1.01193,0.94858,0.05142
272.39999,1.01193,0.94680,0.05320
272.51999,1.01196,0.95178,0.04822
272.64001,1.01193,0.93460,0.06540
272.76001,1.01193,0.91756,0.08244
272.88000,1.01193,0.93657,0.06343
273.00000,1.01193,0.93517,0.06483
273.12000,1.01193,0.91585,0.08415
273.23999,1.01193,0.91749,0.08251
273.35999,1.01196,0.90274,0.09726
273.48001,1.01193,0.92546,0.07454
273.60001,1.01193,0.93857,0.06143
273.72000,1.01193,0.95597,0.04403
273.84000,1.01193,0.89543,0.10457
273.95999,1.01193,0.92493,0.07507
274.07999,1.01196,0.90618,0.09382
274.20001,1.01193,0.91791,0.08209
274.32001,1.01193,0.94767,0.05233
274.44000,1.01193,0.96107,0.03893
274.56000,1.01193,0.91778,0.08222
274.67999,1.01193,0.92203,0.07797
274.79999,1.01196,0.91596,0.08404
274.92001,1.01193,0.96583,0.03417
275.04001,1.01193,0.95040,0.04960
275.16000,1.01193,0.94483,0.05517
275.28000,1.01193,0.92991,0.07009
275.39999,1.01193,0.92070,0.07930
275.51999,1.01196,0.94762,0.05238
275.64001,1.01193,0.97556,0.02444
275.76001,1.01193,0.94572,0.05428
275.88000,1.01193,0.98906,0.01094
276.00000,1.01193,0.92027,0.07973
276.12000,1.01193,0.92477,0.07523
276.23999,1.01193,0.84596,0.15404
276.35999,1.01196,0.95060,0.04940
276.48001,1.01193,0.89874,0.10126
276.60001,1.01193,0.94132,0.05868
276.72000,1.01193,0.89862,0.10138
276.84000,1.01193,0.86057,0.13943
276.95999,1.01193,0.86951,0.13049
277.07999,1.01196,0.86389,0.13611
277.20001,1.01193,0.85730,0.14270
277.32001,1.01193,0.87365,0.12635
277.44000,1.01193,0.82602,0.17398
277.56000,1.01193,0.93349,0.06651
277.67999,1.01193,0.82578,0.17422
277.79999,1.01196,0.90538,0.09462
277.92001,1.01193,0.90546,0.09454
278.04001,1.01193,0.93711,0.06289
278.16000,1.01193,0.93086,0.06914
278.28000,1.01193,0.92935,0.07065
278.39999,1.01193,0.94511,0.05489
278.51999,1.01196,0.94686,0.05314
278.64001,1.01193,0.95177,0.04823
278.76001,1.01193,0.95191,0.04809
278.88000,1.01193,0.95017,0.04983
279.00000,1.01193,0.93485,0.06515
279.12000,1.01193,0.95056,0.04944
279.23999,1.01193,0.96136,0.03864
279.35999,1.01196,0.96725,0.03275
279.48001,1.01193,0.96148,0.03852
279.60001,1.01193,0.96310,0.03690
279.72000,1.01193,0.97075,0.02925
279.84000,1.01193,0.98516,0.01484
279.95999,1.01193,0.95552,0.04448
280.07999,1.01196,0.97761,0.02239
280.20001,1.01193,0.97831,0.02169
280.32001,1.01193,0.97429,0.02571
280.44000,1.01193,0.95080,0.04920
280.56000,1.01193,0.95489,0.04511
280.67999,1.01193,0.92571,0.07429
280.79999,1.01196,0.97370,0.02630
280.92001,1.01193,0.95223,0.04777
281.04001,1.01193,0.96655,0.03345
281.16000,1.01193,0.94503,0.05497
281.28000,1.01193,0.91593,0.08407
281.39999,1.01193,0.95545,0.04455
281.51999,1.01196,0.94877,0.05123
281.64001,1.01193,0.94553,0.05447
281.76001,1.01193,0.94979,0.05021
281.88000,1.01193,0.95814,0.04186
282.00000,1.01193,0.95252,0.04748
282.12000,1.01193,0.95036,0.04964
282.23999,1.01193,0.95932,0.04068
282.35999,1.01196,0.95777,0.04223
282.48001,1.01193,0.96141,0.03859
282.60001,1.01193,0.97315,0.02685
282.72000,1.01193,0.96923,0.03077
282.84000,1.01193,0.97150,0.02850
282.95999,1.01193,0.96581,0.03419
283.07999,1.01196,0.97304,0.02696
283.20001,1.01193,0.96332,0.03668
283.32001,1.01193,0.96923,0.03077
283.44000,1.01193,0.95021,0.04979
283.56000,1.01193,0.97976,0.02024
283.67999,1.01193,0.94496,0.05504
283.79999,1.01196,0.96590,0.03410
283.92001,1.01193,0.95680,0.04320
284.04001,1.01193,0.97401,0.02599
284.16000,1.01193,0.96801,0.03199
284.28000,1.01193,0.97327,0.02673
284.39999,1.01193,0.97726,0.02274
284.51999,1.01196,0.96617,0.03383
284.64001,1.01193,0.96390,0.03610
284.76001,1.01193,0.94588,0.05412
284.88000,1.01193,0.94018,0.05982
285.00000,1.01193,0.89347,0.10653
285.12000,1.01193,0.85048,0.14952
285.23999,1.01193,0.88777,0.11223
285.35999,1.01196,0.82921,0.17079
285.48001,1.01193,0.89109,0.10891
285.60001,1.01193,0.87182,0.12818
285.72000,1.01193,0.94686,0.05314
285.84000,1.01193,0.94962,0.05038
285.95999,1.01193,0.94716,0.05284
286.07999,1.01196,0.96668,0.03332
286.20001,1.01193,0.95545,0.04455
286.32001,1.01193,0.96457,0.03543
286.44000,1.01193,0.95619,0.04381
286.56000,1.01193,0.94336,0.05664
286.67999,1.01193,0.95092,0.04908
286.79999,1.01196,0.95309,0.04691
286.92001,1.01193,0.93867,0.06133
287.04001,1.01193,0.93976,0.06024
287.16000,1.01193,0.93712,0.06288
287.28000,1.01193,0.92326,0.07674
287.39999,1.01193,0.93386,0.06614
287.51999,1.01196,0.94543,0.05457
287.64001,1.01193,0.93534,0.06466
287.76001,1.01193,0.92529,0.07471
287.88000,1.01193,0.95065,0.04935
288.00000,1.01193,0.96408,0.03592
288.12000,1.01193,0.93573,0.06427
288.23999,1.01193,0.96433,0.03567
288.35999,1.01196,0.96201,0.03799
288.48001,1.01193,0.92616,0.07384
288.60001,1.01193,0.93827,0.06173
288.72000,1.01193,0.95021,0.04979
288.84000,1.01193,0.94115,0.05885
288.95999,1.01193,0.92643,0.07357
289.07999,1.01196,0.94649,0.05351
289.20001,1.01193,0.91013,0.08987
289.32001,1.01193,0.91569,0.08431
289.44000,1.01193,0.96026,0.03974
289.56000,1.01193,0.96546,0.03454
289.67999,1.01193,0.94483,0.05517
289.79999,1.01196,0.94529,0.05471
289.92001,1.01193,0.94849,0.05151
290.04001,1.01193,0.96128,0.03872
290.16000,1.01193,0.96585,0.03415
290.28000,1.01193,0.95460,0.04540
290.39999,1.01193,0.94570,0.05430
290.51999,1.01196,0.95069,0.04931
290.64001,1.01193,0.92976,0.07024
290.76001,1.01193,0.95069,0.04931
290.88000,1.01193,0.91725,0.08275
291.00000,1.01193,0.95894,0.04106
291.12000,1.01193,0.92066,0.07934
291.23999,1.01193,0.96022,0.03978
291.35999,1.01196,0.95354,0.04646
291.48001,1.01193,0.96655,0.03345
291.60001,1.01193,0.97506,0.02494
291.72000,1.01193,0.96834,0.03166
291.84000,1.01193,0.95974,0.04026
291.95999,1.01193,0.96258,0.03742
292.07999,1.01196,0.96926,0.03074
292.20001,1.01193,0.96859,0.03141
292.32001,1.01193,0.96054,0.03946
292.44000,1.01193,0.95683,0.04317
292.56000,1.01193,0.96906,0.03094
292.67999,1.01193,0.97222,0.02778
292.79999,1.01196,0.97704,0.02296
292.92001,1.01193,0.97067,0.02933
293.04001,1.01193,0.95817,0.04183
293.16000,1.01193,0.97150,0.02850
293.28000,1.01193,0.95180,0.04820
293.39999,1.01193,0.97673,0.02327
293.51999,1.01196,0.96921,0.03079
293.64001,1.01193,0.98117,0.01883
293.76001,1.01193,0.97799,0.02201
293.88000,1.01193,0.97777,0.02223
294.00000,1.01193,0.97667,0.02333
294.12000,1.01193,0.97923,0.02077
294.23999,1.01193,0.97631,0.02369
294.35999,1.01196,0.97743,0.02257
294.48001,1.01193,0.98238,0.01762
294.60001,1.01193,0.98317,0.01683
294.72000,1.01193,0.98981,0.01019
294.84000,1.01193,0.98724,0.01276
294.95999,1.01193,0.98460,0.01540
295.07999,1.01196,0.98283,0.01717
295.20001,1.01193,0.98052,0.01948
295.32001,1.01193,0.97442,0.02558
295.44000,1.01193,0.97503,0.02497
295.56000,1.01193,0.97260,0.02740
295.67999,1.01193,0.97909,0.02091
295.79999,1.01196,0.95074,0.04926
295.92001,1.01193,0.96296,0.03704
296.04001,1.01193,0.93595,0.06405
296.16000,1.01193,0.96296,0.03704
296.28000,1.01193,0.95126,0.04874
296.39999,1.01193,0.96703,0.03297
296.51999,1.01196,0.96646,0.03354
296.64001,1.01193,0.97885,0.02115
296.76001,1.01193,0.96615,0.03385
296.88000,1.01193,0.95957,0.04043
297.00000,1.01193,0.96861,0.03139
297.12000,1.01193,0.96016,0.03984
297.23999,1.01193,0.98044,0.01956
297.35999,1.01196,0.97042,0.02958
297.48001,1.01193,0.96195,0.03805
297.60001,1.01193,0.97174,0.02826
297.72000,1.01193,0.94938,0.05062
297.84000,1.01193,0.95983,0.04017
297.95999,1.01193,0.95103,0.04897
298.07999,1.01196,0.94527,0.05473
298.20001,1.01193,0.96578,0.03422
298.32001,1.01193,0.94585,0.05415
298.44000,1.01193,0.96813,0.03187
298.56000,1.01193,0.93115,0.06885
298.67999,1.01193,0.95718,0.04282
298.79999,1.01196,0.96966,0.03034
298.92001,1.01193,0.97256,0.02744
299.04001,1.01193,0.96583,0.03417
299.16000,1.01193,0.94938,0.05062
299.28000,1.01193,0.96636,0.03364
299.39999,1.01193,0.96983,0.03017
299.51999,1.01196,0.97037,0.02963
299.64001,1.01193,0.96753,0.03247
299.76001,1.01193,0.96361,0.03639
299.88000,1.01193,0.97652,0.02348
300.00000,1.01193,0.97782,0.02218
300.12000,1.01193,0.97986,0.02014
300.23999,1.01193,0.97546,0.02454
300.35999,1.01196,0.97888,0.02112
300.48001,1.01193,0.97886,0.02114
300.60001,1.01193,0.97540,0.02460
300.72000,1.01193,0.98290,0.01710
300.84000,1.01193,0.97464,0.02536
300.95999,1.01193,0.97719,0.02281
301.07999,1.01196,0.96315,0.03685
301.20001,1.01193,0.97185,0.02815
301.32001,1.01193,0.97065,0.02935
301.44000,1.01193,0.97215,0.02785
301.56000,1.01193,0.98172,0.01828
301.67999,1.01193,0.96359,0.03641
301.79999,1.01196,0.95850,0.04150
301.92001,1.01193,0.97731,0.02269
302.04001,1.01193,0.95439,0.04561
302.16000,1.01193,0.97642,0.02358
302.28000,1.01193,0.98312,0.01688
302.39999,1.01193,0.97539,0.02461
302.51999,1.01196,0.97949,0.02051
302.64001,1.01193,0.96955,0.03045
302.76001,1.01193,0.97247,0.02753
302.88000,1.01193,0.96568,0.03432
303.00000,1.01193,0.97572,0.02428
303.12000,1.01193,0.96996,0.03004
303.23999,1.01193,0.96521,0.03479
303.35999,1.01196,0.97617,0.02383
303.48001,1.01193,0.97170,0.02830
303.60001,1.01193,0.95442,0.04558
303.72000,1.01193,0.97196,0.02804
303.84000,1.01193,0.97192,0.02808
303.95999,1.01193,0.97350,0.02650
304.07999,1.01196,0.98584,0.01416
304.20001,1.01193,0.97682,0.02318
304.32001,1.01193,0.98133,0.01867
304.44000,1.01193,0.98170,0.01830
304.56000,1.01193,0.97532,0.02468
304.67999,1.01193,0.98535,0.01465
304.79999,1.01196,0.97883,0.02117
304.92001,1.01193,0.98258,0.01742
305.04001,1.01193,0.97515,0.02485
305.16000,1.01193,0.96844,0.03156
305.28000,1.01193,0.97524,0.02476
305.39999,1.01193,0.96614,0.03386
305.51999,1.01196,0.97598,0.02402
305.64001,1.01193,0.97047,0.02953
305.76001,1.01193,0.96841,0.03159
305.88000,1.01193,0.96829,0.03171
306.00000,1.01193,0.96979,0.03021
306.12000,1.01193,0.96189,0.03811
306.23999,1.01193,0.97691,0.02309
306.35999,1.01196,0.97755,0.02245
306.48001,1.01193,0.96546,0.03454
306.60001,1.01193,0.97375,0.02625
306.72000,1.01193,0.96512,0.03488
306.84000,1.01193,0.95990,0.04010
306.95999,1.01193,0.95395,0.04605
307.07999,1.01196,0.96068,0.03932
307.20001,1.01193,0.94067,0.05933
307.32001,1.01193,0.94851,0.05149
307.44000,1.01193,0.94222,0.05778
307.56000,1.01193,0.93803,0.06197
307.67999,1.01193,0.96596,0.03404
307.79999,1.01196,0.95019,0.04981
307.92001,1.01193,0.97451,0.02549
308.04001,1.01193,0.97123,0.02877
308.16000,1.01193,0.96637,0.03363
308.28000,1.01193,0.94631,0.05369
308.39999,1.01193,0.97242,0.02758
308.51999,1.01196,0.92949,0.07051
308.64001,1.01193,0.94722,0.05278
308.76001,1.01193,0.91852,0.08148
308.88000,1.01193,0.92562,0.07438
309.00000,1.01193,0.93081,0.06919
309.12000,1.01193,0.95440,0.04560
309.23999,1.01193,0.96204,0.03796
309.35999,1.01196,0.95765,0.04235
309.48001,1.01193,0.96246,0.03754
309.60001,1.01193,0.96807,0.03193
309.72000,1.01193,0.96680,0.03320
309.84000,1.01193,0.97385,0.02615
309.95999,1.01193,0.96232,0.03768
310.07999,1.01196,0.97410,0.02590
310.20001,1.01193,0.97869,0.02131
310.32001,1.01193,0.97549,0.02451
310.44000,1.01193,0.97760,0.02240
310.56000,1.01193,0.96775,0.03225
310.67999,1.01193,0.97381,0.02619
310.79999,1.01196,0.98160,0.01840
310.92001,1.01193,0.96006,0.03994
311.04001,1.01193,0.97840,0.02160
311.16000,1.01193,0.97575,0.02425
311.28000,1.01193,0.97353,0.02647
311.39999,1.01193,0.97454,0.02546
311.51999,1.01196,0.97307,0.02693
311.64001,1.01193,0.98049,0.01951
311.76001,1.01193,0.98099,0.01901
311.88000,1.01193,0.96368,0.03632
312.00000,1.01193,0.97985,0.02015
312.12000,1.01193,0.93088,0.06912
312.23999,1.01193,0.96027,0.03973
312.35999,1.01196,0.93557,0.06443
312.48001,1.01193,0.96218,0.03782
312.60001,1.01193,0.89687,0.10313
312.72000,1.01193,0.84675,0.15325
312.84000,1.01193,0.93154,0.06846
312.95999,1.01193,0.93513,0.06487
313.07999,1.01196,0.90544,0.09456
313.20001,1.01193,0.91258,0.08742
313.32001,1.01193,0.94054,0.05947
313.44000,1.01193,0.90319,0.09681
313.56000,1.01193,0.94065,0.05935
313.67999,1.01193,0.91961,0.08039
313.79999,1.01196,0.96071,0.03929
313.92001,1.01193,0.93496,0.06504
314.04001,1.01193,0.93727,0.06273
314.16000,1.01193,0.95870,0.04130
314.28000,1.01193,0.96426,0.03574
314.39999,1.01193,0.96642,0.03358
314.51999,1.01196,0.96565,0.03435
314.64001,1.01193,0.96729,0.03271
314.76001,1.01193,0.97844,0.02156
314.88000,1.01193,0.97414,0.02586
315.00000,1.01193,0.96967,0.03033
315.12000,1.01193,0.96862,0.03138
315.23999,1.01193,0.97949,0.02051
315.35999,1.01196,0.97544,0.02456
315.48001,1.01193,0.97399,0.02601
315.60001,1.01193,0.96600,0.03400
315.72000,1.01193,0.97148,0.02852
315.84000,1.01193,0.94264,0.05736
315.95999,1.01193,0.93548,0.06452
316.07999,1.01196,0.95850,0.04150
316.20001,1.01193,0.94584,0.05416
316.32001,1.01193,0.95234,0.04766
316.44000,1.01193,0.95305,0.04695
316.56000,1.01193,0.94473,0.05527
316.67999,1.01193,0.92844,0.07156
316.79999,1.01196,0.95098,0.04902
316.92001,1.01193,0.93465,0.06535
317.04001,1.01193,0.91832,0.08168
317.16000,1.01193,0.95630,0.04370
317.28000,1.01193,0.94257,0.05743
317.39999,1.01193,0.89110,0.10890
317.51999,1.01196,0.93255,0.06745
317.64001,1.01193,0.94092,0.05908
317.76001,1.01193,0.93852,0.06148
317.88000,1.01193,0.90729,0.09271
318.00000,1.01193,0.94627,0.05373
318.12000,1.01193,0.95920,0.04080
318.23999,1.01193,0.92877,0.07123
318.35999,1.01196,0.97240,0.02760
318.48001,1.01193,0.91281,0.08719
318.60001,1.01193,0.94439,0.05561
318.72000,1.01193,0.91896,0.08104
318.84000,1.01193,0.84445,0.15555
318.95999,1.01193,0.83770,0.16230
319.07999,1.01196,0.82333,0.17667
319.20001,1.01193,0.93135,0.06865
319.32001,1.01193,0.81639,0.18361
319.44000,1.01193,0.88996,0.11004
319.56000,1.01193,0.85680,0.14320
319.67999,1.01193,0.86593,0.13407
319.79999,1.01196,0.90239,0.09761
319.92001,1.01193,0.85318,0.14682
320.04001,1.01193,0.88816,0.11184
320.16000,1.01193,0.87643,0.12357
320.28000,1.01193,0.90138,0.09862
320.39999,1.01193,0.81345,0.18655
320.51999,1.01196,0.89354,0.10646
320.64001,1.01193,0.88344,0.11656
320.76001,1.01193,0.84454,0.15546
320.88000,1.01193,0.88909,0.11091
321.00000,1.01193,0.92834,0.07166
321.12000,1.01193,0.94499,0.05501
321.23999,1.01193,0.86608,0.13392
321.35999,1.01196,0.94765,0.05235
321.48001,1.01193,0.92860,0.07140
321.60001,1.01193,0.93364,0.06636
321.72000,1.01193,0.84101,0.15899
321.84000,1.01193,0.92110,0.07890
321.95999,1.01193,0.88255,0.11745
322.07999,1.01196,0.94358,0.05642
322.20001,1.01193,0.83553,0.16447
322.32001,1.01193,0.86843,0.13157
322.44000,1.01193,0.77569,0.22431
322.56000,1.01193,0.78938,0.21062
322.67999,1.01193,0.76856,0.23144
322.79999,1.01196,0.90544,0.09456
322.92001,1.01193,0.91392,0.08608
323.04001,1.01193,0.91594,0.08406
323.16000,1.01193,0.87920,0.12080
323.28000,1.01193,0.93984,0.06016
323.39999,1.01193,0.91260,0.08740
323.51999,1.01196,0.91421,0.08579
323.64001,1.01193,0.91574,0.08426
323.76001,1.01193,0.90749,0.09251
323.88000,1.01193,0.94387,0.05613
324.00000,1.01193,0.92998,0.07002
324.12000,1.01193,0.93183,0.06817
324.23999,1.01193,0.92796,0.07204
324.35999,1.01196,0.93354,0.06646
324.48001,1.01193,0.85514,0.14486
324.60001,1.01193,0.84767,0.15233
324.72000,1.01193,0.92765,0.07235
324.84000,1.01193,0.87901,0.12099
324.95999,1.01193,0.95036,0.04964
325.07999,1.01196,0.90972,0.09028
325.20001,1.01193,0.94327,0.05673
325.32001,1.01193,0.93524,0.06476
325.44000,1.01193,0.96106,0.03894
325.56000,1.01193,0.91978,0.08022
325.67999,1.01193,0.90177,0.09823
325.79999,1.01196,0.92408,0.07592
325.92001,1.01193,0.86893,0.13107
326.04001,1.01193,0.89415,0.10585
326.16000,1.01193,0.82946,0.17054
326.28000,1.01193,0.88466,0.11534
326.39999,1.01193,0.83407,0.16593
326.51999,1.01196,0.92409,0.07591
326.64001,1.01193,0.82573,0.17427
326.76001,1.01193,0.92604,0.07396
326.88000,1.01193,0.93571,0.06429
327.00000,1.01193,0.90282,0.09718
327.12000,1.01193,0.96208,0.03792
327.23999,1.01193,0.90659,0.09341
327.35999,1.01196,0.96523,0.03477
327.48001,1.01193,0.91305,0.08695
327.60001,1.01193,0.92389,0.07611
327.72000,1.01193,0.92684,0.07316
327.84000,1.01193,0.95217,0.04782
327.95999,1.01193,0.93318,0.06682
328.07999,1.01196,0.92148,0.07852
328.20001,1.01193,0.94163,0.05837
328.32001,1.01193,0.86578,0.13422
328.44000,1.01193,0.88446,0.11554
328.56000,1.01193,0.91515,0.08485
328.67999,1.01193,0.88128,0.11872
328.79999,1.01196,0.90683,0.09317
328.92001,1.01193,0.90548,0.09452
329.04001,1.01193,0.90435,0.09565
329.16000,1.01193,0.91741,0.08259
329.28000,1.01193,0.85559,0.14441
329.39999,1.01193,0.94489,0.05511
329.51999,1.01196,0.91299,0.08701
329.64001,1.01193,0.91006,0.08994
329.76001,1.01193,0.88410,0.11590
329.88000,1.01193,0.90499,0.09501
330.00000,1.01193,0.92988,0.07012
330.12000,1.01193,0.91710,0.08290
330.23999,1.01193,0.92962,0.07038
330.35999,1.01196,0.95603,0.04397
330.48001,1.01193,0.94816,0.05184
330.60001,1.01193,0.96361,0.03639
330.72000,1.01193,0.97176,0.02824
330.84000,1.01193,0.93938,0.06062
330.95999,1.01193,0.96762,0.03238
331.07999,1.01196,0.96484,0.03516
331.20001,1.01193,0.95679,0.04321
331.32001,1.01193,0.97033,0.02967
331.44000,1.01193,0.95259,0.04741
331.56000,1.01193,0.95731,0.04269
331.67999,1.01193,0.92893,0.07107
331.79999,1.01196,0.96024,0.03976
331.92001,1.01193,0.90091,0.09909
332.04001,1.01193,0.94163,0.05837
332.16000,1.01193,0.92632,0.07368
332.28000,1.01193,0.94037,0.05963
332.39999,1.01193,0.93327,0.06673
332.51999,1.01196,0.92547,0.07453
332.64001,1.01193,0.95317,0.04683
332.76001,1.01193,0.94746,0.05254
332.88000,1.01193,0.95960,0.04040
333.00000,1.01193,0.95069,0.04931
333.12000,1.01193,0.95799,0.04201
333.23999,1.01193,0.94179,0.05821
333.35999,1.01196,0.95049,0.04951
333.48001,1.01193,0.94928,0.05072
333.60001,1.01193,0.95543,0.04457
333.72000,1.01193,0.92430,0.07570
333.84000,1.01193,0.93909,0.06091
333.95999,1.01193,0.92890,0.07110
334.07999,1.01196,0.94920,0.05080
334.20001,1.01193,0.94719,0.05281
334.32001,1.01193,0.96226,0.03774
334.44000,1.01193,0.94644,0.05356
334.56000,1.01193,0.95956,0.04044
334.67999,1.01193,0.95637,0.04363
334.79999,1.01196,0.96396,0.03604
334.92001,1.01193,0.95044,0.04956
335.04001,1.01193,0.96782,0.03218
335.16000,1.01193,0.94183,0.05817
335.28000,1.01193,0.97544,0.02456
335.39999,1.01193,0.95668,0.04332
335.51999,1.01196,0.96631,0.03369
335.64001,1.01193,0.94276,0.05724
335.76001,1.01193,0.95111,0.04889
335.88000,1.01193,0.94435,0.05565
336.00000,1.01193,0.95871,0.04129
336.12000,1.01193,0.94236,0.05764
336.23999,1.01193,0.88852,0.11148
336.35999,1.01196,0.92803,0.07197
336.48001,1.01193,0.89877,0.10123
336.60001,1.01193,0.89494,0.10506
336.72000,1.01193,0.85663,0.14337
336.84000,1.01193,0.94013,0.05987
336.95999,1.01193,0.94465,0.05535
337.07999,1.01196,0.93067,0.06933
337.20001,1.01193,0.93969,0.06031
337.32001,1.01193,0.95054,0.04946
337.44000,1.01193,0.94982,0.05018
337.56000,1.01193,0.93795,0.06205
337.67999,1.01193,0.95682,0.04318
337.79999,1.01196,0.94376,0.05624
337.92001,1.01193,0.95851,0.04149
338.04001,1.01193,0.92013,0.07987
338.16000,1.01193,0.94872,0.05128
338.28000,1.01193,0.93269,0.06731
338.39999,1.01193,0.93405,0.06595
338.51999,1.01196,0.92781,0.07219
338.64001,1.01193,0.95011,0.04989
338.76001,1.01193,0.92743,0.07257
338.88000,1.01193,0.91910,0.08090
339.00000,1.01193,0.93586,0.06414
339.12000,1.01193,0.91881,0.08119
339.23999,1.01193,0.97282,0.02718
339.35999,1.01196,0.93521,0.06479
339.48001,1.01193,0.95334,0.04666
339.60001,1.01193,0.92128,0.07872
339.72000,1.01193,0.94900,0.05100
339.84000,1.01193,0.95827,0.04173
339.95999,1.01193,0.95067,0.04933
340.07999,1.01196,0.96674,0.03326
340.20001,1.01193,0.95682,0.04318
340.32001,1.01193,0.97292,0.02708
340.44000,1.01193,0.96033,0.03967
340.56000,1.01193,0.96108,0.03892
340.67999,1.01193,0.94852,0.05148
340.79999,1.01196,0.96178,0.03822
340.92001,1.01193,0.96141,0.03858
341.04001,1.01193,0.93632,0.06368
341.16000,1.01193,0.95134,0.04866
341.28000,1.01193,0.95382,0.04618
341.39999,1.01193,0.96329,0.03671
341.51999,1.01196,0.95571,0.04429
341.64001,1.01193,0.95965,0.04035
341.76001,1.01193,0.97038,0.02962
341.88000,1.01193,0.97581,0.02419
342.00000,1.01193,0.95686,0.04314
342.12000,1.01193,0.96876,0.03124
342.23999,1.01193,0.97267,0.02733
342.35999,1.01196,0.97253,0.02747
342.48001,1.01193,0.96772,0.03228
342.60001,1.01193,0.97741,0.02259
342.72000,1.01193,0.96293,0.03707
342.84000,1.01193,0.97148,0.02852
342.95999,1.01193,0.96119,0.03881
343.07999,1.01196,0.96711,0.03289
343.20001,1.01193,0.94248,0.05752
343.32001,1.01193,0.95339,0.04661
343.44000,1.01193,0.96731,0.03269
343.56000,1.01193,0.95145,0.04855
343.67999,1.01193,0.95077,0.04923
343.79999,1.01196,0.96306,0.03694
343.92001,1.01193,0.95810,0.04190
344.04001,1.01193,0.96961,0.03039
344.16000,1.01193,0.96171,0.03829
344.28000,1.01193,0.96410,0.03590
344.39999,1.01193,0.96153,0.03847
344.51999,1.01196,0.94247,0.05753
344.64001,1.01193,0.94655,0.05345
344.76001,1.01193,0.88377,0.11623
344.88000,1.01193,0.93446,0.06554
345.00000,1.01193,0.91515,0.08485
345.12000,1.01193,0.94935,0.05065
345.23999,1.01193,0.83832,0.16168
345.35999,1.01196,0.94488,0.05512
345.48001,1.01193,0.94401,0.05599
345.60001,1.01193,0.94628,0.05372
345.72000,1.01193,0.95262,0.04738
345.84000,1.01193,0.94066,0.05934
345.95999,1.01193,0.94314,0.05686
346.07999,1.01196,0.96065,0.03935
346.20001,1.01193,0.93645,0.06355
346.32001,1.01193,0.83102,0.16898
346.44000,1.01193,0.87522,0.12478
346.56000,1.01193,0.86414,0.13586
346.67999,1.01193,0.87791,0.12209
346.79999,1.01196,0.84821,0.15179
346.92001,1.01193,0.88155,0.11845
347.04001,1.01193,0.92240,0.07760
347.16000,1.01193,0.89129,0.10871
347.28000,1.01193,0.93285,0.06715
347.39999,1.01193,0.93806,0.06194
347.51999,1.01196,0.92394,0.07606
347.64001,1.01193,0.92005,0.07995
347.76001,1.01193,0.93740,0.06260
347.88000,1.01193,0.86184,0.13816
348.00000,1.01193,0.93531,0.06469
348.12000,1.01193,0.83049,0.16951
348.23999,1.01193,0.89994,0.10006
348.35999,1.01196,0.83088,0.16912
348.48001,1.01193,0.85169,0.14831
348.60001,1.01193,0.87346,0.12654
348.72000,1.01193,0.85707,0.14293
348.84000,1.01193,0.78891,0.21109
348.95999,1.01193,0.85648,0.14352
349.07999,1.01196,0.86731,0.13269
349.20001,1.01193,0.83420,0.16580
349.32001,1.01193,0.86105,0.13895
349.44000,1.01193,0.87772,0.12228
349.56000,1.01193,0.92125,0.07875
349.67999,1.01193,0.91690,0.08310
349.79999,1.01196,0.96810,0.03190
349.92001,1.01193,0.98972,0.01028
350.04001,1.01193,0.98401,0.01599
350.16000,1.01193,0.99399,0.00601
350.28000,1.01193,0.91127,0.08873
350.39999,1.01193,0.96703,0.03297
350.51999,1.01196,0.91988,0.08012
350.64001,1.01193,0.75303,0.24697
350.76001,1.01193,0.75451,0.24549
350.88000,1.01193,0.80387,0.19613
351.00000,1.01193,0.79037,0.20963
351.12000,1.01193,0.81400,0.18600
351.23999,1.01193,0.40983,0.59017
351.35999,1.01196,0.70962,0.29038
351.48001,1.01193,0.62459,0.37541
351.60001,1.01193,0.69901,0.30099
351.72000,1.01193,0.58969,0.41031
351.84000,1.01193,0.70734,0.29266
351.95999,1.01193,0.68561,0.31439
352.07999,1.01196,0.86923,0.13077
352.20001,1.01193,0.89860,0.10140
352.32001,1.01193,0.80505,0.19495
352.44000,1.01193,0.98858,0.01142
352.56000,1.01193,0.98600,0.01400
352.67999,1.01193,0.96186,0.03814
352.79999,1.01196,0.99000,0.01000
352.92001,1.01193,0.98175,0.01825
353.04001,1.01193,0.92493,0.07507
353.16000,1.01193,0.80381,0.19619
353.28000,1.01193,0.78708,0.21292
353.39999,1.01193,0.81771,0.18229
353.51999,1.01196,0.79911,0.20089
353.64001,1.01193,0.77113,0.22887
353.76001,1.01193,0.75688,0.24312
353.88000,1.01193,0.70850,0.29150
354.00000,1.01193,0.65998,0.34002
354.12000,1.01193,0.71085,0.28915
354.23999,1.01193,0.67100,0.32900
354.35999,1.01196,0.70032,0.29968
354.48001,1.01193,0.75367,0.24633
354.60001,1.01193,0.73218,0.26782
354.72000,1.01193,0.76165,0.23835
354.84000,1.01193,0.88936,0.11064
354.95999,1.01193,0.84638,0.15362
355.07999,1.01196,0.90638,0.09362
355.20001,1.01193,0.90443,0.09557
355.32001,1.01193,0.93860,0.06140
355.44000,1.01193,0.80441,0.19559
355.56000,1.01193,0.81911,0.18089
355.67999,1.01193,0.78460,0.21540
355.79999,1.01196,0.68650,0.31350
355.92001,1.01193,0.70428,0.29572
356.04001,1.01193,0.55366,0.44634
356.16000,1.01193,0.55116,0.44884
356.28000,1.01193,0.65967,0.34033
356.39999,1.01193,0.73566,0.26434
356.51999,1.01196,0.43743,0.56257
356.64001,1.01193,0.79802,0.20198
356.76001,1.01193,0.91041,0.08959
356.88000,1.01193,0.93817,0.06183
357.00000,1.01193,0.90342,0.09658
357.12000,1.01193,0.93421,0.06579
357.23999,1.01193,0.91164,0.08836
357.35999,1.01196,0.90914,0.09086
357.48001,1.01193,0.79748,0.20252
357.60001,1.01193,0.85854,0.14146
357.72000,1.01193,0.65266,0.34734
357.84000,1.01193,0.69146,0.30854
357.95999,1.01193,0.71362,0.28638
358.07999,1.01196,0.74858,0.25142
358.20001,1.01193,0.72333,0.27667
358.32001,1.01193,0.66738,0.33262
358.44000,1.01193,0.77613,0.22387
358.56000,1.01193,0.82040,0.17960
358.67999,1.01193,0.68697,0.31303
358.79999,1.01196,0.88796,0.11204
358.92001,1.01193,0.57657,0.42343
359.04001,1.01193,0.77788,0.22212
359.16000,1.01193,0.80587,0.19413
359.28000,1.01193,0.83922,0.16078
359.39999,1.01193,0.76050,0.23950
359.51999,1.01196,0.88996,0.11004
359.64001,1.01193,0.90579,0.09421
359.76001,1.01193,0.94288,0.05712
359.88000,1.01193,0.89554,0.10446
360.00000,1.01193,0.98038,0.01962
360.12000,1.01193,0.97687,0.02313
360.23999,1.01193,0.98894,0.01106
360.35999,1.01196,0.97015,0.02985
360.48001,1.01193,0.95313,0.04687
360.60001,1.01193,0.94978,0.05022
360.72000,1.01193,0.61035,0.38965
360.84000,1.01193,0.60112,0.39888
360.95999,1.01193,0.78365,0.21635
361.07999,1.01196,0.56545,0.43455
361.20001,1.01193,0.54016,0.45984
361.32001,1.01193,0.62155,0.37845
361.44000,1.01193,0.84818,0.15182
361.56000,1.01193,0.84387,0.15613
361.67999,1.01193,0.84477,0.15523
361.79999,1.01196,0.72904,0.27096
361.92001,1.01193,0.80583,0.19417
362.04001,1.01193,0.56237,0.43763
362.16000,1.01193,0.79127,0.20873
362.28000,1.01193,0.80261,0.19739
362.39999,1.01193,0.80945,0.19055
362.51999,1.01196,0.86116,0.13884
362.64001,1.01193,0.94737,0.05263
362.76001,1.01193,0.94052,0.05948
362.88000,1.01193,0.96873,0.03127
363.00000,1.01193,0.89426,0.10574
363.12000,1.01193,0.96291,0.03709
363.23999,1.01193,0.99022,0.00978
363.35999,1.01196,0.98438,0.01562
363.48001,1.01193,0.98855,0.01145
363.60001,1.01193,0.94897,0.05104
363.72000,1.01193,0.96091,0.03909
363.84000,1.01193,0.84845,0.15155
363.95999,1.01193,0.70775,0.29225
364.07999,1.01196,0.70960,0.29040
364.20001,1.01193,0.85656,0.14344
364.32001,1.01193,0.75753,0.24247
364.44000,1.01193,0.86202,0.13798
364.56000,1.01193,0.80301,0.19699
364.67999,1.01193,0.80624,0.19376
364.79999,1.01196,0.71916,0.28084
364.92001,1.01193,0.86922,0.13078
365.04001,1.01193,0.79589,0.20411
365.16000,1.01193,0.91849,0.08151
365.28000,1.01193,0.85438,0.14562
365.39999,1.01193,0.92294,0.07706
365.51999,1.01196,0.92263,0.07737
365.64001,1.01193,0.98400,0.01600
365.76001,1.01193,0.98159,0.01841
365.88000,1.01193,0.97187,0.02813
366.00000,1.01193,0.96823,0.03177
366.12000,1.01193,0.96583,0.03417
366.23999,1.01193,0.92745,0.07255
366.35999,1.01196,0.77225,0.22775
366.48001,1.01193,0.61047,0.38953
366.60001,1.01193,0.51049,0.48951
366.72000,1.01193,0.49753,0.50247
366.84000,1.01193,0.49022,0.50978
366.95999,1.01193,0.54813,0.45187
367.07999,1.01196,0.58240,0.41760
367.20001,1.01193,0.74577,0.25423
367.32001,1.01193,0.69583,0.30417
367.44000,1.01193,0.70665,0.29335
367.56000,1.01193,0.81593,0.18407
367.67999,1.01193,0.71726,0.28274
367.79999,1.01196,0.83421,0.16579
367.92001,1.01193,0.81274,0.18726
368.04001,1.01193,0.87256,0.12744
368.16000,1.01193,0.90176,0.09824
368.28000,1.01193,0.89217,0.10783
368.39999,1.01193,0.92561,0.07439
368.51999,1.01196,0.94443,0.05557
368.64001,1.01193,0.94640,0.05360
368.76001,1.01193,0.95206,0.04794
368.88000,1.01193,0.93332,0.06668
369.00000,1.01193,0.93480,0.06520
369.12000,1.01193,0.93607,0.06393
369.23999,1.01193,0.93544,0.06456
369.35999,1.01196,0.96498,0.03502
369.48001,1.01193,0.92622,0.07378
369.60001,1.01193,0.94294,0.05706
369.72000,1.01193,0.90661,0.09339
369.84000,1.01193,0.94168,0.05832
369.95999,1.01193,0.94081,0.05919
370.07999,1.01196,0.95368,0.04632
370.20001,1.01193,0.94192,0.05808
370.32001,1.01193,0.89992,0.10008
370.44000,1.01193,0.91386,0.08614
370.56000,1.01193,0.91643,0.08357
370.67999,1.01193,0.89688,0.10312
370.79999,1.01196,0.85956,0.14044
370.92001,1.01193,0.89160,0.10840
371.04001,1.01193,0.73546,0.26454
371.16000,1.01193,0.83278,0.16722
371.28000,1.01193,0.86481,0.13519
371.39999,1.01193,0.86096,0.13904
371.51999,1.01196,0.78896,0.21104
371.64001,1.01193,0.92343,0.07657
371.76001,1.01193,0.85486,0.14514
371.88000,1.01193,0.94786,0.05214
372.00000,1.01193,0.92027,0.07973
372.12000,1.01193,0.93413,0.06587
372.23999,1.01193,0.93402,0.06598
372.35999,1.01196,0.93522,0.06478
372.48001,1.01193,0.93939,0.06061
372.60001,1.01193,0.88932,0.11068
372.72000,1.01193,0.93713,0.06287
372.84000,1.01193,0.84670,0.15330
372.95999,1.01193,0.88064,0.11936
373.07999,1.01196,0.84891,0.15109
373.20001,1.01193,0.87957,0.12043
373.32001,1.01193,0.76439,0.23561
373.44000,1.01193,0.87027,0.12973
373.56000,1.01193,0.87830,0.12170
373.67999,1.01193,0.85694,0.14306
373.79999,1.01196,0.93385,0.06615
373.92001,1.01193,0.93154,0.06846
374.04001,1.01193,0.90276,0.09724
374.16000,1.01193,0.89353,0.10647
374.28000,1.01193,0.86225,0.13775
374.39999,1.01193,0.92271,0.07729
374.51999,1.01196,0.92491,0.07509
374.64001,1.01193,0.91878,0.08122
374.76001,1.01193,0.92508,0.07492
374.88000,1.01193,0.93805,0.06195
375.00000,1.01193,0.91673,0.08327
375.12000,1.01193,0.90117,0.09883
375.23999,1.01193,0.93691,0.06309
375.35999,1.01196,0.91863,0.08137
375.48001,1.01193,0.96078,0.03922
375.60001,1.01193,0.95920,0.04080
375.72000,1.01193,0.95005,0.04995
375.84000,1.01193,0.97380,0.02620
375.95999,1.01193,0.95956,0.04044
376.07999,1.01196,0.93344,0.06656
376.20001,1.01193,0.91972,0.08028
376.32001,1.01193,0.94978,0.05022
376.44000,1.01193,0.94548,0.05452
376.56000,1.01193,0.95169,0.04831
376.67999,1.01193,0.95970,0.04030
376.79999,1.01196,0.95109,0.04891
376.92001,1.01193,0.94377,0.05623
377.04001,1.01193,0.94977,0.05023
377.16000,1.01193,0.98121,0.01879
377.28000,1.01193,0.97148,0.02852
377.39999,1.01193,0.97030,0.02970
377.51999,1.01196,0.96670,0.03330
